Text#,Title,Authors,Language,Issued,URL,Words
27258,From Slave to College President: Being the Life Story of Booker T. Washington,"Pike, G. Holden (Godfrey Holden), 1836-",en,2008-11-14,https://www.gutenberg.org/files/27258/27258-h/27258-h.htm,30251
38331,"Frédérique, vol. 1","Kock, Paul de, 1793-1871",en,2011-12-17,https://www.gutenberg.org/files/38331/38331-h/38331-h.htm,109272
1740,The Flying U's Last Stand,"Bower, B. M., 1871-1940",en,1999-05-01,https://www.gutenberg.org/files/1740/1740-h/1740-h.htm,80105
7857,The Way of an Indian,"Remington, Frederic, 1861-1909",en,2005-04-01,https://www.gutenberg.org/files/7857/7857-h/7857-h.htm,27804
48990,Old-Dad,"Abbott, Eleanor Hallowell, 1872-1958",en,2015-05-18,https://www.gutenberg.org/files/48990/48990-h/48990-h.htm,41562
22892,The Best Made Plans,"Cole, Everett B., 1910-2001; Van Dongen, H. R., 1920-2010 [Illustrator]",en,2007-10-05,https://www.gutenberg.org/files/22892/22892-h/22892-h.htm,42834
19165,"Eulogy on Chief-Justice Chase
","Evarts, William Maxwell, 1818-1901",en,2006-09-03,https://www.gutenberg.org/files/19165/19165-h/19165-h.htm,11205
28619,The Cuckoo Clock,"Molesworth, Mrs., 1839-1921; Kirk, Maria Louise, 1860-1938 [Illustrator]",en,2009-04-27,https://www.gutenberg.org/files/28619/28619-h/28619-h.htm,45110
2158,The Prime Minister,"Trollope, Anthony, 1815-1882",en,2000-04-01,https://www.gutenberg.org/files/2158/2158-h/2158-h.htm,284749
58394,Anatomy of the Cat,"Reighard, Jacob, 1861-1942; Jennings, H. S. (Herbert Spencer), 1868-1947; Jennings, Louise Burridge [Illustrator]",en,2018-12-01,https://www.gutenberg.org/files/58394/58394-h/58394-h.htm,174625
18001,"The American Missionary — Volume 49, No. 04, April, 1895",Various,en,2006-03-16,https://www.gutenberg.org/files/18001/18001-h/18001-h.htm,17264
56942,"Ancient, Curious, and Famous Wills","Harris, Virgil M. (Virgil McClure), 1862-1924?",en,2018-04-08,https://www.gutenberg.org/files/56942/56942-h/56942-h.htm,192624
9470,His Hour,"Glyn, Elinor, 1864-1943",en,2005-12-01,https://www.gutenberg.org/cache/epub/9470/pg9470.html,55483
24976,Roger Trewinion,"Hocking, Joseph, 1860-1937; King, Gunning, 1859-1940 [Illustrator]",en,2008-04-02,https://www.gutenberg.org/files/24976/24976-h/24976-h.htm,95626
5555,Margery (Gred): A Tale Of Old Nuremberg — Volume 04,"Ebers, Georg, 1837-1898; Bell, Clara, 1834-1927 [Translator]",en,2004-04-01,https://www.gutenberg.org/cache/epub/5555/pg5555.html,18254
37669,"In the Arctic Seas
A Narrative of the Discovery of the Fate of Sir John Franklin and his Companions","M'Clintock, Francis Leopold, Sir, 1819-1907; Murchison, Roderick Impey, Sir, 1792-1871 [Author of introduction, etc.]",en,2011-10-08,https://www.gutenberg.org/files/37669/37669-h/37669-h.htm,97520
7628,Devereux — Volume 05,"Lytton, Edward Bulwer Lytton, Baron, 1803-1873",en,2005-03-01,https://www.gutenberg.org/cache/epub/7628/pg7628.html,17373
35997,The Jungle Book,"Kipling, Rudyard, 1865-1936",en,2011-04-30,https://www.gutenberg.org/files/35997/35997-h/35997-h.htm,52919
59234,"Obstetrical Nursing
A Text-Book on the Nursing Care of the Expectant Mother, the Woman in Labor, the Young Mother and Her Baby","Van Blarcom, Carolyn Conant, 1875-1961",en,2019-04-09,https://www.gutenberg.org/files/59234/59234-h/59234-h.htm,167249
4120,Diary of Samuel Pepys — Volume 04: March/April 1659-1660,"Pepys, Samuel, 1633-1703; Braybrooke, Richard Griffin, Baron, 1783-1858 [Editor]; Wheatley, Henry B. (Henry Benjamin), 1838-1917 [Editor]; Bright, Mynors, 1818-1883 [Translator]",en,2004-11-29,https://www.gutenberg.org/cache/epub/4120/pg4120.html,16933
56633,The City That Was,"Smith, Stephen, 1823-1922",en,2018-02-24,https://www.gutenberg.org/files/56633/56633-h/56633-h.htm,35473
70156,The house of the wizard,"Taylor, Mary Imlay, 1878-1938",en,2023-02-27,https://www.gutenberg.org/files/70156/70156-h/70156-h.htm,68798
6731,The Duenna: A Comic Opera,"Sheridan, Richard Brinsley, 1751-1816",en,2004-10-01,https://www.gutenberg.org/cache/epub/6731/pg6731.html,16715
6330,Amanda: A Daughter of the Mennonites,"Myers, Anna Balmer",en,2004-08-01,https://www.gutenberg.org/files/6330/6330-h/6330-h.htm,71231
20044,Riders of the Silences,"Brand, Max, 1892-1944",en,2006-12-07,https://www.gutenberg.org/files/20044/20044-h/20044-h.htm,70258
30939,"The Works of Robert Louis Stevenson - Swanston Edition, Vol. 12","Stevenson, Robert Louis, 1850-1894",en,2010-01-11,https://www.gutenberg.org/files/30939/30939-h/30939-h.htm,88547
3354,"Letters to His Son, 1750
On the Fine Art of Becoming a Man of the World and a Gentleman","Chesterfield, Philip Dormer Stanhope, Earl of, 1694-1773",en,2004-12-01,https://www.gutenberg.org/cache/epub/3354/pg3354.html,34145
24674,"Expositions of Holy Scripture
Ephesians; Epistles of St. Peter and St. John","Maclaren, Alexander, 1826-1910",en,2008-02-23,https://www.gutenberg.org/files/24674/24674-h/24674-h.htm,246207
32271,"A Struggle for Rome, v. 1","Dahn, Felix, 1834-1912; Wolffsohn, Lily [Translator]",en,2010-05-06,https://www.gutenberg.org/files/32271/32271-h/32271-h.htm,103716
18848,"The Continental Monthly, Vol. 5, No. 3,  March, 1864
Devoted to Literature and National Policy",Various,en,2006-07-17,https://www.gutenberg.org/files/18848/18848-h/18848-h.htm,75630
57492,Engraved Gems,"Sommerville, Maxwell, 1829-1904",en,2018-07-12,https://www.gutenberg.org/files/57492/57492-h/57492-h.htm,16546
56837,"Historical Record of the Fifty-Third, or the Shropshire Regiment of Foot
Containing an account of the formation of the regiment in 1755 and of its subsequent services to 1848","Cannon, Richard, 1779-1865",en,2018-03-25,https://www.gutenberg.org/files/56837/56837-h/56837-h.htm,25583
33437,"Cyclopedia of Telephony and Telegraphy, Vol. 2
A General Reference Work on Telephony, etc. etc.",American School of Correspondence,en,2010-08-15,https://www.gutenberg.org/files/33437/33437-h/33437-h.htm,117221
9582,"Personal Poems II
Part 2 from Volume IV of The Works of John Greenleaf Whittier","Whittier, John Greenleaf, 1807-1892",en,2005-12-01,https://www.gutenberg.org/cache/epub/9582/pg9582.html,13290
23127,Julian Home,"Farrar, F. W. (Frederic William), 1831-1903",en,2007-10-20,https://www.gutenberg.org/files/23127/23127-h/23127-h.htm,107073
71624,Elijah Cobb,"Cobb, Elijah, 1768-1848; Paine, Ralph Delahaye, 1871-1925 [Author of introduction, etc.]",en,2023-09-12,https://www.gutenberg.org/files/71624/71624-h/71624-h.htm,26306
8482,"Life on the Mississippi, Part 12.","Twain, Mark, 1835-1910",en,2004-07-10,https://www.gutenberg.org/files/8482/8482-h/8482-h.htm,24230
67753,"Don Miguel Lehumada: discoverer of liquid from the sun's rays
an occult romance of Mexico and the United States","Greenleaf, Sue",en,2022-04-01,https://www.gutenberg.org/files/67753/67753-h/67753-h.htm,78832
16108,"Debris
Selections from Poems","Wagner, Madge Morris, 1862-1924",en,2005-06-22,https://www.gutenberg.org/files/16108/16108-h/16108-h.htm,14058
17020,The False Gods,"Lorimer, George Horace, 1869-1937",en,2005-11-06,https://www.gutenberg.org/files/17020/17020-h/17020-h.htm,16337
4412,The Ordeal of Richard Feverel — Complete,"Meredith, George, 1828-1909",en,2004-11-02,https://www.gutenberg.org/files/4412/4412-h/4412-h.htm,173361
19565,Bunny Brown and His Sister Sue and Their Shetland Pony,"Hope, Laura Lee",en,2006-10-17,https://www.gutenberg.org/files/19565/19565-h/19565-h.htm,48299
8484,"Scientific American Supplement, No. 430, March 29, 1884",Various,en,2005-07-01,https://www.gutenberg.org/files/8484/8484-h/8484-h.htm,37538
6711,"Philip Dru: Administrator; A Story of Tomorrow, 1920-1935","House, Edward Mandell, 1858-1938",en,2004-10-01,https://www.gutenberg.org/files/6711/6711-h/6711-h.htm,57483
54055,Letters to Children,"Bridgman, E. C. (Elijah Coleman), 1801-1861",en,2017-01-26,https://www.gutenberg.org/cache/epub/54055/pg54055.html,22493
14874,Elsie's Womanhood,"Finley, Martha, 1828-1909",en,2005-02-02,https://www.gutenberg.org/files/14874/14874-h/14874-h.htm,87499
34268,"Spinning Tops
The ""Operatives' Lecture"" of the British Association Meeting at Leeds, 6th September, 1890","Perry, John, 1850-1920",en,2010-11-09,https://www.gutenberg.org/files/34268/34268-h/34268-h.htm,30054
518,"The Enchanted Island of Yew
Whereon Prince Marvel Encountered the High Ki of Twi and Other Surprising People","Baum, L. Frank (Lyman Frank), 1856-1919",en,1996-05-01,https://www.gutenberg.org/files/518/518-h/518-h.htm,37534
32261,A Frenchman in America: Recollections of Men and Things,"O'Rell, Max, 1848-1903",en,2010-05-05,https://www.gutenberg.org/files/32261/32261-h/32261-h.htm,71327
16593,General Science,"Clark, Bertha May, 1880-",en,2005-08-25,https://www.gutenberg.org/files/16593/16593-h/16593-h.htm,98615
15218,"The Woman Who Toils
Being the Experiences of Two Gentlewomen as Factory Girls","Van Vorst, John, Mrs., 1873-1928; Van Vorst, Marie, 1867-1936; Roosevelt, Theodore, 1858-1919 [Author of introduction, etc.]",en,2005-03-01,https://www.gutenberg.org/files/15218/15218-h/15218-h.htm,69325
59923,Colorado Outings,"Steele, James W. (James William), 1840-1905",en,2019-07-15,https://www.gutenberg.org/files/59923/59923-h/59923-h.htm,15037
15701,"The Works of the Right Honourable Edmund Burke, Vol. 05 (of 12)","Burke, Edmund, 1729-1797",en,2005-04-24,https://www.gutenberg.org/files/15701/15701-h/15701-h.htm,146596
25127,The Tiger Hunter,"Reid, Mayne, 1818-1883",en,2008-04-22,https://www.gutenberg.org/files/25127/25127-h/25127-h.htm,131557
21335,The Moving Finger,"Gaunt, Mary, 1861-1942",en,2007-05-05,https://www.gutenberg.org/files/21335/21335-h/21335-h.htm,58361
29413,The Voyages and Adventures of Captain Hatteras,"Verne, Jules, 1828-1905; Riou, Edouard, 1833-1900 [Illustrator]",en,2009-07-15,https://www.gutenberg.org/files/29413/29413-h/29413-h.htm,133083
33756,"Village Life in America 1852-1872, Including the Period of the American Civil War
As Told in the Diary of a School-Girl","Richards, Caroline Cowles, 1842-1913; Sangster, Margaret Elizabeth Munson, 1838-1912 [Author of introduction, etc.]",en,2010-09-18,https://www.gutenberg.org/files/33756/33756-h/33756-h.htm,58695
56735,Sewage Disposal Works: Their Design and Construction,"Easdale, William Charles",en,2018-03-13,https://www.gutenberg.org/files/56735/56735-h/56735-h.htm,48523
1395,Letters on Literature,"Lang, Andrew, 1844-1912",en,1998-07-01,https://www.gutenberg.org/files/1395/1395-h/1395-h.htm,32065
9931,K,"Rinehart, Mary Roberts, 1876-1958",en,2006-02-01,https://www.gutenberg.org/files/9931/9931-h/9931-h.htm,94342
35510,The Preparation of Plantation Rubber,"Morgan, Sidney; Stevens, H. P. (Henry Potter), 1875-1965 [Contributor]",en,2011-03-07,https://www.gutenberg.org/files/35510/35510-h/35510-h.htm,107600
36754,Knut Hamsun,"Larsen, Hanna Astrup, 1873-1945",en,2011-07-16,https://www.gutenberg.org/files/36754/36754-h/36754-h.htm,30809
2634,"The Evolution of Theology: an Anthropological Study
Essay #8 from ""Science and Hebrew Tradition""","Huxley, Thomas Henry, 1825-1895",en,2001-05-01,https://www.gutenberg.org/files/2634/2634-h/2634-h.htm,22368
12828,"Two Ghostly Mysteries
A Chapter in the History of a Tyrone Family; and the Murdered Cousin","Le Fanu, Joseph Sheridan, 1814-1873",en,2004-07-06,https://www.gutenberg.org/cache/epub/12828/pg12828.html,28130
35233,"The Streets of Ascalon: Episodes in the Unfinished Career of Richard Quarren, Esqre.","Chambers, Robert W. (Robert William), 1865-1933; Gibson, Charles Dana, 1867-1944 [Illustrator]",en,2011-02-10,https://www.gutenberg.org/files/35233/35233-h/35233-h.htm,111447
59899,"Ten Days in a Mad-House; or, Nellie Bly's Experience on Blackwell's Island.
Feigning Insanity in Order to Reveal Asylum Horrors. The Trying Ordeal of the New York World's Girl Correspondent.","Bly, Nellie, 1864-1922",en,2019-07-10,https://www.gutenberg.org/files/59899/59899-h/59899-h.htm,36713
31316,The Coming of Evolution: The Story of a Great Revolution in Science,"Judd, John W. (John Wesley), 1840-1916",en,2010-02-18,https://www.gutenberg.org/files/31316/31316-h/31316-h.htm,41700
2352,Eurasia,"Evans, Christopher, 1847-1917",en,2000-10-01,https://www.gutenberg.org/files/2352/2352-h/2352-h.htm,17012
30621,"Ancient art of the province of Chiriqui, Colombia
Sixth Annual Report of the Bureau of Ethnology to the Secretary of the Smithsonian Institution, 1884-1885, Government Printing Office, Washington, 1888, pages 3-188","Holmes, William Henry, 1846-1933",en,2009-12-07,https://www.gutenberg.org/files/30621/30621-h/30621-h.htm,54306
37848,Old English Chronicles,"Giles, J. A. (John Allen), 1808-1884 [Editor]",en,2011-10-25,https://www.gutenberg.org/files/37848/37848-h/37848-h.htm,222974
1911,Concerning Christian Liberty; with Letter of Martin Luther to Pope Leo X.,"Luther, Martin, 1483-1546",en,2006-02-26,https://www.gutenberg.org/files/1911/1911-h/1911-h.htm,18601
19225,Joyce of the North Woods,"Comstock, Harriet T. (Harriet Theresa), 1860-1943; Cassel, John Harmon, 1872-1961 [Illustrator]",en,2006-09-09,https://www.gutenberg.org/files/19225/19225-h/19225-h.htm,89589
17103,The Double Life Of Mr. Alfred Burton,"Oppenheim, E. Phillips (Edward Phillips), 1866-1946",en,2005-11-19,https://www.gutenberg.org/cache/epub/17103/pg17103.html,66881
20732,The Carmina of Caius Valerius Catullus,"Catullus, Gaius Valerius, 84? BCE-54 BCE; Burton, Richard Francis, Sir, 1821-1890 [Translator]; Smithers, Leonard C. (Leonard Charles), 1861-1907 [Translator]",en,2007-03-03,https://www.gutenberg.org/files/20732/20732-h/20732-h.htm,63960
27212,The Life of the Party,"Cobb, Irvin S. (Irvin Shrewsbury), 1876-1944; Preston, James M., 1873-1962 [Illustrator]",en,2008-11-09,https://www.gutenberg.org/files/27212/27212-h/27212-h.htm,15605
28028,Scottish Football Reminiscences and Sketches,"Bone, David Drummond, 1841-1911",en,2009-02-09,https://www.gutenberg.org/files/28028/28028-h/28028-h.htm,53879
24842,The Defence of Duffer's Drift,"Swinton, E. D. (Ernest Dunlop), 1868-1951",en,2008-03-16,https://www.gutenberg.org/files/24842/24842-h/24842-h.htm,17198
35987,The Radio Boys' Search for the Inca's Treasure,"Breckenridge, Gerald, 1889?-1964",en,2011-04-28,https://www.gutenberg.org/files/35987/35987-h/35987-h.htm,51161
4476,One of Our Conquerors — Complete,"Meredith, George, 1828-1909",en,2004-11-05,https://www.gutenberg.org/files/4476/4476-h/4476-h.htm,164638
68,The warlord of Mars,"Burroughs, Edgar Rice, 1875-1950",en,1993-06-01,https://www.gutenberg.org/files/68/68-h/68-h.htm,57736
56761,"Universal Brotherhood, Volume XIII, No. 10, January 1899
A Magazine Devoted to the Brotherhood of Humanity, the Theosophical Movement, Philosophy, Science and Art","Various; Neresheimer, E. August [Editor]; Tingley, Katherine Augusta Westcott, 1847-1929 [Editor]",en,2018-03-16,https://www.gutenberg.org/files/56761/56761-h/56761-h.htm,36151
15587,Macleod of Dare,"Black, William, 1841-1898",en,2005-04-08,https://www.gutenberg.org/files/15587/15587-h/15587-h.htm,168543
21883,We Three,"Morris, Gouverneur, 1876-1953; Hutt, Henry, 1875-1950 [Illustrator]",en,2007-06-21,https://www.gutenberg.org/files/21883/21883-h/21883-h.htm,63509
9700,I. Beówulf: an Anglo-Saxon poem. II. The fight at Finnsburh: a fragment.,"Harrison, James A. (James Albert), 1848-1911 [Editor]; Sharp, Robert, 1851-1932 [Editor]",en; ang,2006-01-01,https://www.gutenberg.org/files/9700/9700-h/9700-h.htm,162254
1885,Bunyan Characters (1st Series),"Whyte, Alexander, 1836-1921",en,1999-09-01,https://www.gutenberg.org/files/1885/1885-h/1885-h.htm,80224
2044,The Education of Henry Adams,"Adams, Henry, 1838-1918; Lodge, Henry Cabot, 1850-1924 [Editor]",en,2000-01-01,https://www.gutenberg.org/files/2044/2044-h/2044-h.htm,178326
18657,Love's Comedy,"Ibsen, Henrik, 1828-1906; Herford, C. H. (Charles Harold), 1853-1931 [Translator]",en,2006-06-22,https://www.gutenberg.org/cache/epub/18657/pg18657.html,26977
5501,Serapis — Volume 01,"Ebers, Georg, 1837-1898; Bell, Clara, 1834-1927 [Translator]",en,2004-04-01,https://www.gutenberg.org/cache/epub/5501/pg5501.html,16148
26089,"Punch, or the London Charivari, Vol. 93, September 24, 1887","Various; Burnand, F. C. (Francis Cowley), 1836-1917 [Editor]",en,2008-07-19,https://www.gutenberg.org/files/26089/26089-h/26089-h.htm,10256
7890,Blind Love,"Collins, Wilkie, 1824-1889; Besant, Walter, 1836-1901 [Contributor]",en,2005-04-01,https://www.gutenberg.org/files/7890/7890-h/7890-h.htm,131151
3780,The King's Highway,"James, G. P. R. (George Payne Rainsford), 1801?-1860",en,2003-02-01,https://www.gutenberg.org/cache/epub/3780/pg3780.html,179371
26319,"A Text-Book of the History of Architecture
Seventh Edition, revised","Hamlin, A. D. F. (Alfred Dwight Foster), 1855-1926",en,2008-08-15,https://www.gutenberg.org/files/26319/26319-h/26319-h.htm,125189
8508,The Evolution of Man Scientifically Disproved in 50 Arguments,"Williams, William A. (William Asbury), 1854-1938",en,2005-07-01,https://www.gutenberg.org/files/8508/8508-h/8508-h.htm,50503
64959,"Picturesque Spain: Architecture, landscape, life of the people.","Hielscher, Kurt, 1881-1948",en,2021-03-30,https://www.gutenberg.org/files/64959/64959-h/64959-h.htm,17752
30273,Tom and Maggie Tulliver,"Anonymous [Adapter]; Eliot, George, 1819-1880",en,2009-10-17,https://www.gutenberg.org/files/30273/30273-h/30273-h.htm,19464
38479,The Freedmen's Book,"Child, Lydia Maria, 1802-1880",en,2012-01-03,https://www.gutenberg.org/files/38479/38479-h/38479-h.htm,81429
39272,"The inventions, researches and writings of Nikola Tesla
With special reference to his work in polyphase currents and high potential lighting","Martin, Thomas Commerford, 1856-1924",en,2012-03-26,https://www.gutenberg.org/files/39272/39272-h/39272-h.htm,171491
38636,"Donahoe's Magazine, Volume 15, No. 3, March 1886",Various,en,2012-01-21,https://www.gutenberg.org/files/38636/38636-h/38636-h.htm,52742
26714,"The Captain's Bunk
A Story for Boys","Manwell, M. B.",en,2008-09-28,https://www.gutenberg.org/files/26714/26714-h/26714-h.htm,37304
35442,"The Dodd Family Abroad, Vol. II","Lever, Charles James, 1806-1872; Browne, Hablot Knight, 1815-1882 [Illustrator]; Cooke, W. Cubitt (William Cubitt), 1866-1951 [Illustrator]",en,2011-03-01,https://www.gutenberg.org/files/35442/35442-h/35442-h.htm,108232
57769,White Tail the Deer's Adventures,"Walsh, George Ethelbert, 1865-1941; Prittie, Edwin John, 1879-1963 [Illustrator]",en,2018-08-25,https://www.gutenberg.org/files/57769/57769-h/57769-h.htm,22862
33347,Aubrey Beardsley,"Ross, Robert Baldwin, 1869-1918; Vallance, Aymer, 1862-1943 [Contributor]",en,2010-08-04,https://www.gutenberg.org/files/33347/33347-h/33347-h.htm,20672
10323,"The Rover Boys at College; Or, The Right Road and the Wrong","Stratemeyer, Edward, 1862-1930",en,2003-11-01,https://www.gutenberg.org/cache/epub/10323/pg10323.html,54698
2390,"The Conquest of the Old Southwest; the romantic story of the early pioneers into Virginia, the Carolinas, Tennessee, and Kentucky, 1740-1790","Henderson, Archibald, 1877-1963",en,2000-11-01,https://www.gutenberg.org/files/2390/2390-h/2390-h.htm,73703
31584,History of the Seventh Ohio Volunteer Cavalry,"Rankin, R. C. (Richard C.)",en,2010-03-10,https://www.gutenberg.org/files/31584/31584-h/31584-h.htm,14760
33464,Roses and Rose Growing,"Kingsley, Rose Georgina, 1846?-1925; Page-Roberts, F. [Contributor]",en,2010-08-18,https://www.gutenberg.org/files/33464/33464-h/33464-h.htm,36993
33852,British Butterflies: Figures and Descriptions of Every Native Species,"Coleman, W. S. (William Stephen), 1829-1904; Evans, Edmund, 1826-1905 [Illustrator]",en,2010-10-11,https://www.gutenberg.org/files/33852/33852-h/33852-h.htm,40825
20528,Round About a Great Estate,"Jefferies, Richard, 1848-1887",en,2007-02-06,https://www.gutenberg.org/files/20528/20528-h/20528-h.htm,35696
35229,The Alpine Fay: A Romance,"Werner, E., 1838-1918; Wister, A. L. (Annis Lee), 1830-1908 [Translator]",en,2011-02-09,https://www.gutenberg.org/files/35229/35229-h/35229-h.htm,99462
17451,"Sign Language Among North American Indians Compared With That Among Other Peoples And Deaf-Mutes
First Annual Report of the Bureau of Ethnology to the Secretary of the Smithsonian Institution, 1879-1880, Government Printing Office, Washington, 1881, pages 263-552","Mallery, Garrick, 1831-1894",en,2006-01-03,https://www.gutenberg.org/files/17451/17451-h/17451-h.htm,124897
58605,"The Boot and Shoe Manufacturers' Assistant and Guide.
Containing a Brief History of the Trade. History of India-rubber and Gutta-percha, and Their Application to the Manufacture of Boots and Shoes. Full Instructions in the Art, With Diagrams and Scales, Etc., Etc. Vulcanization and Sulphurization, English and American Patents. With an Elaborate Treatise on Tanning.","Richardson, William H., of Boston [Editor]",en,2019-01-03,https://www.gutenberg.org/files/58605/58605-h/58605-h.htm,90811
16574,The Twins: A Domestic Novel,"Tupper, Martin Farquhar, 1810-1889",en,2005-08-21,https://www.gutenberg.org/files/16574/16574-h/16574-h.htm,35774
18314,"Types of Naval Officers, Drawn from the History of the British Navy","Mahan, A. T. (Alfred Thayer), 1840-1914",en,2006-05-04,https://www.gutenberg.org/files/18314/18314-h/18314-h.htm,128422
12772,Cowper,"Smith, Goldwin, 1823-1910",en,2004-06-29,https://www.gutenberg.org/cache/epub/12772/pg12772.html,36993
20561,Little Ferns For Fanny's Little Friends,"Fern, Fanny, 1811-1872",en,2007-02-11,https://www.gutenberg.org/files/20561/20561-h/20561-h.htm,61709
35528,"The Secret of the Sands; Or, The ""Water Lily"" and her Crew","Collingwood, Harry, 1851-1922",en,2011-03-08,https://www.gutenberg.org/files/35528/35528-h/35528-h.htm,111443
68664,"The heart of the railroad problem
The history of railway discrimination in the United States, the chief efforts at control and the remedies proposed, with hints from other countries","Parsons, Frank, 1854-1908",en,2022-08-01,https://www.gutenberg.org/files/68664/68664-h/68664-h.htm,115146
966,Maid Marian,"Peacock, Thomas Love, 1785-1866",en,1997-07-01,https://www.gutenberg.org/files/966/966-h/966-h.htm,36632
70288,Conjure wife,"Leiber, Fritz, 1910-1992; Kramer, Frank, 1905-1993 [Illustrator]",en,2023-03-14,https://www.gutenberg.org/files/70288/70288-h/70288-h.htm,51289
18122,"A Canadian Heroine, Volume 2
A Novel","Coghill, Harry, Mrs., 1836-1907",en,2006-04-05,https://www.gutenberg.org/files/18122/18122-h/18122-h.htm,55453
1134,The Winter's Tale,"Shakespeare, William, 1564-1616",en,1997-12-01,https://www.gutenberg.org/cache/epub/1134/pg1134.html,25825
70506,The family at Misrule,"Turner, Ethel, 1870-1958; Johnson, A. J. [Illustrator]",en,2023-04-08,https://www.gutenberg.org/files/70506/70506-h/70506-h.htm,56589
9379,A Woman Intervenes,"Barr, Robert, 1850-1912",en,2005-11-01,https://www.gutenberg.org/files/9379/9379-h/9379-h.htm,101277
25398,The Little French Lawyer: A Comedy,"Beaumont, Francis, 1584-1616; Fletcher, John, 1579-1625",en,2008-05-09,https://www.gutenberg.org/files/25398/25398-h/25398-h.htm,23958
35925,"Encyclopaedia Britannica, 11th Edition, ""Foraminifera"" to ""Fox, Edward""
Volume 10, Slice 6",Various,en,2011-04-20,https://www.gutenberg.org/files/35925/35925-h/35925-h.htm,178774
16166,"The Seven Great Monarchies Of The Ancient Eastern World, Vol 6: Parthia
The History, Geography, And Antiquities Of Chaldaea, Assyria, Babylon, Media, Persia, Parthia, And Sassanian or New Persian Empire; With Maps and Illustrations.","Rawlinson, George, 1812-1902",en,2005-07-01,https://www.gutenberg.org/files/16166/16166-h/16166-h.htm,100556
2507,Complete Poetical Works,"Harte, Bret, 1836-1902",en,2001-02-01,https://www.gutenberg.org/files/2507/2507-h/2507-h.htm,56346
37353,Stories of Great Musicians,"Scobey, Kathrine Lois; Horne, Olive Brown",en,2011-09-08,https://www.gutenberg.org/files/37353/37353-h/37353-h.htm,33749
17475,"The Lobster Fishery of Maine
Bulletin of the United States Fish Commission, Vol. 19, Pages 241-265, 1899","Cobb, John N. (John Nathan), 1868-1930",en,2006-01-07,https://www.gutenberg.org/files/17475/17475-h/17475-h.htm,16341
31395,Railway Adventures and Anecdotes: Extending over More Than Fifty Years,"Pike, Richard [Editor]",en,2010-02-25,https://www.gutenberg.org/files/31395/31395-h/31395-h.htm,110529
446,A Book of Remarkable Criminals,"Irving, H. B. (Henry Brodribb), 1870-1919",en,1996-02-01,https://www.gutenberg.org/files/446/446-h/446-h.htm,94703
35902,"Final Proof; Or, The Value of Evidence","Ottolengui, Rodrigues, 1861-1937",en,2011-04-18,https://www.gutenberg.org/files/35902/35902-h/35902-h.htm,99402
31019,Four Ghost Stories,"Molesworth, Mrs., 1839-1921",en,2010-01-19,https://www.gutenberg.org/files/31019/31019-h/31019-h.htm,36413
7630,Devereux — Complete,"Lytton, Edward Bulwer Lytton, Baron, 1803-1873",en,2004-11-23,https://www.gutenberg.org/files/7630/7630-h/7630-h.htm,181557
17466,"St. Nicholas Magazine for Boys and Girls, Vol. 5, October 1878, No. 12","Dodge, Mary Mapes, 1830-1905 [Editor]; Various",en,2006-01-05,https://www.gutenberg.org/files/17466/17466-h/17466-h.htm,44360
28931,In the Musgrave Ranges,"Sayce, Conrad H. (Conrad Harvey), 1888-1935",en,2009-05-22,https://www.gutenberg.org/files/28931/28931-h/28931-h.htm,60982
57195,"A Son of Mars, volume 1","Griffiths, Arthur, 1838-1908",en,2018-05-22,https://www.gutenberg.org/files/57195/57195-h/57195-h.htm,32571
58122,A Guide to Cromer and Its Neighbourhood,Anonymous,en,2018-10-17,https://www.gutenberg.org/files/58122/58122-h/58122-h.htm,16962
8222,Early Letters of George Wm. Curtis to John S. Dwight; Brook Farm and Concord,"Curtis, George William, 1824-1892; Cooke, George Willis, 1848-1923 [Editor]",en,2005-06-01,https://www.gutenberg.org/cache/epub/8222/pg8222.html,67372
21724,The handbook of soap manufacture,"Simmons, W. H. (William Herbert), 1880-1960; Appleton, H. A.",en,2007-06-07,https://www.gutenberg.org/files/21724/21724-h/21724-h.htm,65372
9760,"Leila or, the Siege of Granada, Book V.","Lytton, Edward Bulwer Lytton, Baron, 1803-1873",en,2006-01-01,https://www.gutenberg.org/cache/epub/9760/pg9760.html,17338
28071,"The Red Triangle: Being Some Further Chronicles of Martin Hewitt, Investigator","Morrison, Arthur, 1863-1945",en,2009-02-14,https://www.gutenberg.org/files/28071/28071-h/28071-h.htm,62475
27000,What the Moon Saw: and Other Tales,"Andersen, H. C. (Hans Christian), 1805-1875; Dalziel, Edward, 1817-1905 [Engraver]; Dalziel, George, 1815-1902 [Engraver]; Bayes, Alfred Walter, 1832-1909 [Illustrator]; Dulcken, H. W. (Henry William), 1832-1894 [Translator]",en,2008-10-24,https://www.gutenberg.org/files/27000/27000-h/27000-h.htm,149055
4978,The March of Portola and the Discovery of the Bay of San Francisco,"Eldredge, Zoeth Skinner, 1846-1915; Molera, E. J. (Eusebius Joseph), 1846?-1932",en,2004-01-01,https://www.gutenberg.org/files/4978/4978-h/4978-h.htm,24514
23623,The White Lady of Hazelwood: A Tale of the Fourteenth Century,"Holt, Emily Sarah, 1836-1893; Rainey, W. (William), 1852-1936 [Illustrator]",en,2007-11-25,https://www.gutenberg.org/files/23623/23623-h/23623-h.htm,65885
17348,"Chambers's Edinburgh Journal, No. 432
Volume 17, New Series, April 10, 1852","Various; Chambers, Robert, 1802-1871 [Editor]; Chambers, William, 1800-1883 [Editor]",en,2005-12-18,https://www.gutenberg.org/files/17348/17348-h/17348-h.htm,21365
92,Tarzan and the Jewels of Opar,"Burroughs, Edgar Rice, 1875-1950",en,1993-12-01,https://www.gutenberg.org/files/92/92-h/92-h.htm,66946
32464,A Supplication for the Beggars,"Fish, Simon, -1531; Arber, Edward, 1836-1912 [Editor]",en,2010-05-21,https://www.gutenberg.org/files/32464/32464-h/32464-h.htm,11001
39964,"The Positive Outcome of Philosophy
The Nature of Human Brain Work. Letters on Logic.","Dietzgen, Joseph, 1828-1888; Dietzgen, Eugen [Editor]; Dietzgen, Joseph, Jr. [Editor]; Untermann, Ernest [Translator]",en,2012-06-10,https://www.gutenberg.org/files/39964/39964-h/39964-h.htm,122605
36490,A Reconstructed Marriage,"Barr, Amelia E., 1831-1919",en,2011-06-21,https://www.gutenberg.org/files/36490/36490-h/36490-h.htm,96188
17513,"St. Nicholas Magazine for Boys and Girls, Vol. 5, Nov 1877-Nov 1878
No 1, Nov 1877","Dodge, Mary Mapes, 1830-1905 [Editor]; Various",en,2006-01-14,https://www.gutenberg.org/files/17513/17513-h/17513-h.htm,50214
27748,"Popular Lectures on Zoonomia
Or The Laws of Animal Life, in Health and Disease","Garnett, Thomas, 1766-1802",en,2009-01-08,https://www.gutenberg.org/cache/epub/27748/pg27748.html,98245
57339,The Fox That Wanted Nine Golden Tails,"Nelson, Kathleen Gray; Wheelan, Albertine Randall [Illustrator]",en,2018-06-17,https://www.gutenberg.org/files/57339/57339-h/57339-h.htm,12783
27071,The Third Miss Symons,"Mayor, F. M. (Flora Macdonald), 1872-1932",en,2008-10-28,https://www.gutenberg.org/files/27071/27071-h/27071-h.htm,29254
14968,"The Standard Operas: Their Plots, Their Music, and Their Composers
(12th edition)","Upton, George P. (George Putnam), 1834-1919",en,2005-02-08,https://www.gutenberg.org/cache/epub/14968/pg14968.html,88072
56970,Mrs. Farrell,"Howells, William Dean, 1837-1920; Howells, Mildred, 1872- [Author of introduction, etc.]",en,2018-04-12,https://www.gutenberg.org/files/56970/56970-h/56970-h.htm,74120
37581,The Cricket on the Hearth: A Fairy Tale of Home,"Dickens, Charles, 1812-1870; Doyle, Richard, 1824-1883 [Illustrator]; Landseer, Edwin Henry, Sir, 1802-1873 [Illustrator]; Leech, John, 1817-1864 [Illustrator]; Maclise, Daniel, 1806-1870 [Illustrator]; Stanfield, Clarkson, 1793-1867 [Illustrator]",en,2011-10-01,https://www.gutenberg.org/files/37581/37581-h/37581-h.htm,32619
59720,The Son of His Father; vol. 1/3,"Oliphant, Mrs. (Margaret), 1828-1897",en,2019-06-10,https://www.gutenberg.org/files/59720/59720-h/59720-h.htm,64182
58852,"A History of the Coldstream Guards, from 1815 to 1895","Ross, J. (John), 1848-1926; Wilkinson, Nevile Rodwell, Sir, 1869-1940 [Illustrator]",en,2019-02-10,https://www.gutenberg.org/files/58852/58852-h/58852-h.htm,218478
27997,"Robert Orange
Being a Continuation of the History of Robert Orange","Hobbes, John Oliver, 1867-1906",en,2009-02-04,https://www.gutenberg.org/files/27997/27997-h/27997-h.htm,101441
39297,The red cockade,"Weyman, Stanley John, 1855-1928",en,2012-03-29,https://www.gutenberg.org/files/39297/39297-h/39297-h.htm,109417
3896,Memoirs of the Court of St. Cloud (Being secret letters from a gentleman at Paris to a nobleman in London) — Volume 5,"Goldsmith, Lewis, 1763?-1846",en,2004-12-04,https://www.gutenberg.org/cache/epub/3896/pg3896.html,17513
38478,"Narrative of the Circumnavigation of the Globe by the Austrian Frigate Novara, Volume III
(Commodore B. Von Wullerstorf-Urbair,) Undertaken by Order of the Imperial Government in the Years 1857, 1858, & 1859, Under the Immediate Auspices of His I. and R. Highness the Archduke Ferdinand Maximilian, Commander-In-Chief of the
Austrian Navy.","Scherzer, Karl, Ritter von, 1821-1903",en,2012-01-03,https://www.gutenberg.org/files/38478/38478-h/38478-h.htm,155793
7017,A Study in Tinguian Folk-Lore,"Cole, Fay-Cooper, 1881-1961",en,2004-12-01,https://www.gutenberg.org/cache/epub/7017/pg7017.html,24724
12818,Heathen Slaves and Christian Rulers,"Andrew, Elizabeth Wheeler, 1845-1917; Bushnell, Katharine C. (Katharine Caroline), 1855-1946",en,2004-07-05,https://www.gutenberg.org/cache/epub/12818/pg12818.html,72681
2079,From the Memoirs of a Minister of France,"Weyman, Stanley John, 1855-1928",en,2000-02-01,https://www.gutenberg.org/files/2079/2079-h/2079-h.htm,73188
15984,Washington Irving,"Warner, Charles Dudley, 1829-1900",en,2005-06-04,https://www.gutenberg.org/files/15984/15984-h/15984-h.htm,65464
33614,"Encyclopaedia Britannica, 11th Edition, ""Bohemia"" to ""Borgia, Francis""
Volume 4, Slice 2",Various,en,2010-09-03,https://www.gutenberg.org/files/33614/33614-h/33614-h.htm,179809
26414,Fil and Filippa: Story of Child Life in the Philippines,"Thomson, John Stuart, 1869-1950; Petersham, Maud, 1890-1971 [Illustrator]; Petersham, Miska, 1888-1960 [Illustrator]",en,2008-08-24,https://www.gutenberg.org/files/26414/26414-h/26414-h.htm,13409
36245,"A History of Literary Criticism in the Renaissance
With special reference to the influence of Italy in the formation and development of modern classicism","Spingarn, Joel Elias, 1875-1939",en,2011-05-28,https://www.gutenberg.org/files/36245/36245-h/36245-h.htm,84141
16474,Lectures and Essays,"Huxley, Thomas Henry, 1825-1895",en,2005-08-08,https://www.gutenberg.org/files/16474/16474-h/16474-h.htm,82640
28538,A Bookful of Girls,"Fuller, Anna, 1853-1916",en,2009-04-08,https://www.gutenberg.org/files/28538/28538-h/28538-h.htm,42608
8383,Monsieur Maurice,"Edwards, Amelia B., 1831-1892",en,2005-06-01,https://www.gutenberg.org/files/8383/8383-h/8383-h.htm,22788
58464,"Essays of an Americanist
I. Ethnologic and Archæologic. II. Mythology and Folk Lore. III. Graphic Systems and Literature. IV. Linguistic.","Brinton, Daniel G. (Daniel Garrison), 1837-1899",en,2018-12-13,https://www.gutenberg.org/files/58464/58464-h/58464-h.htm,131635
30594,"Notes and Queries, Number 215, December 10, 1853
A Medium of Inter-communication for Literary Men, Artists, Antiquaries, Genealogists, etc.","Various; Bell, George, 1814-1890 [Other]",en,2009-12-04,https://www.gutenberg.org/files/30594/30594-h/30594-h.htm,22573
20444,"The Knickerbocker, or New-York Monthly Magazine, March 1844
Volume 23, Number 3","Various; Clark, Lewis Gaylord, 1808-1873 [Editor]",en,2007-01-25,https://www.gutenberg.org/files/20444/20444-h/20444-h.htm,62674
9982,Philothea: A Grecian Romance,"Child, Lydia Maria, 1802-1880",en,2006-02-01,https://www.gutenberg.org/files/9982/9982-h/9982-h.htm,73760
58005,"History of the 11th Field Company Australian Engineers, Australian Imperial Force",Anonymous,en,2018-10-02,https://www.gutenberg.org/files/58005/58005-h/58005-h.htm,38661
16288,Oddsfish!,"Benson, Robert Hugh, 1871-1914",en,2005-07-13,https://www.gutenberg.org/cache/epub/16288/pg16288.html,163987
9304,Initiation into Philosophy,"Faguet, Émile, 1847-1916; Gordon, Home, 1871-1956 [Translator]",en,2005-11-01,https://www.gutenberg.org/files/9304/9304-h/9304-h.htm,39832
3462,More Hunting Wasps,"Fabre, Jean-Henri, 1823-1915; Teixeira de Mattos, Alexander, 1865-1921 [Translator]",en,2002-10-01,https://www.gutenberg.org/files/3462/3462-h/3462-h.htm,77856
32249,The Princess and Joe Potter,"Otis, James, 1848-1912; Oakley, Violet, 1874-1961 [Illustrator]",en,2010-05-04,https://www.gutenberg.org/files/32249/32249-h/32249-h.htm,54837
172,The Haunted Bookshop,"Morley, Christopher, 1890-1957",en,1994-10-01,https://www.gutenberg.org/files/172/172-h/172-h.htm,62300
16628,"Punch, or the London Charivari, Volume 159, August 4th, 1920",Various,en,2005-08-31,https://www.gutenberg.org/files/16628/16628-h/16628-h.htm,14278
3969,Jacqueline — Volume 2,"Bentzon, Th., 1840-1907",en,2003-04-01,https://www.gutenberg.org/cache/epub/3969/pg3969.html,29253
33389,A Pair of Schoolgirls: A Story of School Days,"Brazil, Angela, 1869-1947; Campbell, John W. (John William), 1886-1935 [Illustrator]",en,2010-08-09,https://www.gutenberg.org/files/33389/33389-h/33389-h.htm,55093
13970,"Nick of the Woods; Or, Adventures of Prairie Life","Bird, Robert Montgomery, 1806-1854",en,2004-11-07,https://www.gutenberg.org/cache/epub/13970/pg13970.html,134818
30794,"The Princess of Ponthieu
(in) The New-York Weekly Magazine or Miscellaneous Repository",Unknown,en,2009-12-29,https://www.gutenberg.org/files/30794/30794-h/30794-h.htm,11667
9100,My Double Life: The Memoirs of Sarah Bernhardt,"Bernhardt, Sarah, 1844-1923",en,2005-10-01,https://www.gutenberg.org/files/9100/9100-h/9100-h.htm,181302
32331,Dave Dawson at Casablanca,"Bowen, Robert Sidney, 1900-1977",en,2010-05-11,https://www.gutenberg.org/files/32331/32331-h/32331-h.htm,47094
4916,Undertow,"Norris, Kathleen Thompson, 1880-1966",en,2004-01-01,https://www.gutenberg.org/cache/epub/4916/pg4916.html,35343
36822,Japan and the California Problem,"Iyenaga, T. (Toyokichi), 1862-1936; Sato, Kennosuke, 1891-",en,2011-07-23,https://www.gutenberg.org/files/36822/36822-h/36822-h.htm,51985
35186,A Round Dozen,"Coolidge, Susan, 1835-1905; Merrill, Frank T., 1848-1923 [Illustrator]",en,2011-02-06,https://www.gutenberg.org/files/35186/35186-h/35186-h.htm,48885
27085,Rootabaga Stories,"Sandburg, Carl, 1878-1967; Petersham, Maud, 1890-1971 [Illustrator]; Petersham, Miska, 1888-1960 [Illustrator]",en,2008-10-29,https://www.gutenberg.org/files/27085/27085-h/27085-h.htm,29211
18567,Tintinnalogia,"Duckworth, Richard; Stedman, Fabian, 1640-1713",en,2006-06-12,https://www.gutenberg.org/files/18567/18567-h/18567-h.htm,41140
71747,The film,"Jackson-Wrigley, M. (Maurice), 1886-1972; Briscoe, Walter A. (Walter Alwyn), 1878-1934 [Author of introduction, etc.]; Parker, Gilbert, 1862-1932 [Author of introduction, etc.]",en,2023-09-27,https://www.gutenberg.org/files/71747/71747-h/71747-h.htm,19594
59433,"The Catholic World, Vol. 27, April 1878 to September 1878",Various,en,2019-05-04,https://www.gutenberg.org/files/59433/59433-h/59433-h.htm,487799
34160,"Lives of Eminent Zoologists, from Aristotle to Linnæus
with Introductory remarks on the Study of Natural History","MacGillivray, William, 1796-1852",en,2010-10-29,https://www.gutenberg.org/files/34160/34160-h/34160-h.htm,108628
33544,"""Carrots:"" Just a Little Boy","Molesworth, Mrs., 1839-1921; Crane, Walter, 1845-1915 [Illustrator]",en,2010-08-27,https://www.gutenberg.org/files/33544/33544-h/33544-h.htm,38924
18754,"Ohio Biological Survey, Bull. 10, Vol. 11, No. 6
The Ascomycetes of Ohio IV and V","Fink, Bruce, 1861-1927; Hilker, Leafy Jane Corrington, 1889-",en,2006-07-04,https://www.gutenberg.org/files/18754/18754-h/18754-h.htm,10893
57618,"The Murray River
Being a Journal of the Voyage of the ""Lady Augusta"" Steamer from the Goolwa, in South Australia, to Gannewarra, above Swan Hill, Victoria, a Distance from the Sea Mouth of 1400 Miles","Kinloch, Arthur, active 19th century",en,2018-08-01,https://www.gutenberg.org/files/57618/57618-h/57618-h.htm,22298
49115,"Eight Sermons on the Priesthood, Altar, and Sacrifice","Mayow, Mayow Wynell, 1810-1895",en,2015-06-02,https://www.gutenberg.org/files/49115/49115-h/49115-h.htm,40666
21382,Son Philip,"Fenn, George Manville, 1831-1909",en,2007-05-08,https://www.gutenberg.org/files/21382/21382-h/21382-h.htm,12947
27786,The Rough Road,"Locke, William John, 1863-1930",en,2009-01-12,https://www.gutenberg.org/files/27786/27786-h/27786-h.htm,99421
57744,A Woman Rice Planter,"Pringle, Elizabeth W. Allston (Elizabeth Waties Allston), 1845-1921; Wister, Owen, 1860-1938 [Author of introduction, etc.]; Smith, Alice R. Huger (Alice Ravenel Huger), 1876-1958 [Illustrator]",en,2018-08-24,https://www.gutenberg.org/files/57744/57744-h/57744-h.htm,145680
24321,"Tea Leaves
Being a Collection of Letters and Documents relating to
the shipment of Tea to the American Colonies in the year
1773, by the East India Tea Company. (With an introduction,
notes, and biographical notices of the Boston Tea Party)","Drake, Francis S. (Francis Samuel), 1828-1885",en,2008-01-15,https://www.gutenberg.org/files/24321/24321-h/24321-h.htm,86214
7654,Kenelm Chillingly — Volume 05,"Lytton, Edward Bulwer Lytton, Baron, 1803-1873",en,2005-03-01,https://www.gutenberg.org/cache/epub/7654/pg7654.html,11483
22820,The Crooked House,"Fleming, Brandon",en,2007-09-30,https://www.gutenberg.org/files/22820/22820-h/22820-h.htm,48311
4898,"Life and Death of John of Barneveld, Advocate of Holland : with a view of the primary causes and movements of the Thirty Years' War — Complete (1614-23)","Motley, John Lothrop, 1814-1877",en,2004-11-09,https://www.gutenberg.org/files/4898/4898-h/4898-h.htm,133001
38100,"Ancient Faiths And Modern
A Dissertation upon Worships, Legends and Divinities in Central and Western Asia, Europe, and Elsewhere, Before the Christian Era. Showing Their Relations to Religious Customs as They Now Exist.","Inman, Thomas, 1820-1876",en,2011-11-22,https://www.gutenberg.org/files/38100/38100-h/38100-h.htm,166658
34215,Shadowings,"Hearn, Lafcadio, 1850-1904",en,2010-11-05,https://www.gutenberg.org/files/34215/34215-h/34215-h.htm,41608
4694,Mademoiselle of Monte Carlo,"Le Queux, William, 1864-1927",en,2006-04-13,https://www.gutenberg.org/files/4694/4694-h/4694-h.htm,83543
33336,"The Welsh and Their Literature
from The London Quarterly Review, January 1861, American Edition","Borrow, George, 1803-1881",en,2010-08-03,https://www.gutenberg.org/files/33336/33336-h/33336-h.htm,12356
22352,American Boy's Life of Theodore Roosevelt,"Stratemeyer, Edward, 1862-1930",en,2007-08-18,https://www.gutenberg.org/files/22352/22352-h/22352-h.htm,59511
1127,Othello,"Shakespeare, William, 1564-1616",en,1997-12-01,https://www.gutenberg.org/cache/epub/1127/pg1127.html,27480
58846,Kate Aylesford: A Story of the Refugees,"Peterson, Charles J. (Charles Jacobs), 1819-1887",en,2019-02-09,https://www.gutenberg.org/files/58846/58846-h/58846-h.htm,106322
58570,"Condition of the American Colored Population, and of the Colony at Liberia",American Colonization Society,en,2018-12-30,https://www.gutenberg.org/files/58570/58570-h/58570-h.htm,12710
1611,"Seventeen
A Tale of Youth and Summer Time and the Baxter Family, Especially William","Tarkington, Booth, 1869-1946",en,2006-02-22,https://www.gutenberg.org/files/1611/1611-h/1611-h.htm,67787
17496,Elsie at Home,"Finley, Martha, 1828-1909",en,2006-01-12,https://www.gutenberg.org/files/17496/17496-h/17496-h.htm,54765
35441,"The Dodd Family Abroad, Vol. I","Lever, Charles James, 1806-1872; Browne, Hablot Knight, 1815-1882 [Illustrator]; Cooke, W. Cubitt (William Cubitt), 1866-1951 [Illustrator]",en,2011-03-01,https://www.gutenberg.org/files/35441/35441-h/35441-h.htm,188467
1745,The Poetical Works of John Milton,"Milton, John, 1608-1674; Beeching, H. C. (Henry Charles), 1859-1919 [Editor]",en,1999-05-01,https://www.gutenberg.org/files/1745/1745-h/1745-h.htm,147142
31699,"""Bring Me His Ears""","Mulford, Clarence Edward, 1883-1956",en,2010-03-19,https://www.gutenberg.org/files/31699/31699-h/31699-h.htm,98685
37818,Sketch of the life of Abraham Lincoln,"Arnold, Isaac N., 1815-1884",en,2011-10-22,https://www.gutenberg.org/files/37818/37818-h/37818-h.htm,26591
29515,The Battle of the Bays,"Seaman, Owen, 1861-1936",en,2009-07-27,https://www.gutenberg.org/files/29515/29515-h/29515-h.htm,11306
15896,"Five Months at Anzac
A Narrative of Personal Experiences of the Officer Commanding the 4th Field Ambulance, Australian Imperial Force","Beeston, Joseph Lievesley, 1859-1921",en,2005-05-24,https://www.gutenberg.org/files/15896/15896-h/15896-h.htm,26738
59585,"Ultima Thule; or, A Summer in Iceland. vol. 2/2","Burton, Richard Francis, Sir, 1821-1890",en,2019-05-23,https://www.gutenberg.org/files/59585/59585-h/59585-h.htm,155428
38816,Poor Relations,"MacKenzie, Compton, 1883-1972",en,2012-02-09,https://www.gutenberg.org/files/38816/38816-h/38816-h.htm,110263
26012,"Punch, or the London Charivari, Vol. 147, August 5th, 1914",Various,en,2008-07-09,https://www.gutenberg.org/files/26012/26012-h/26012-h.htm,13409
16742,Dan Merrithew,"Perry, Lawrence, 1875-1954; McFall, J. V. [Illustrator]",en,2005-09-24,https://www.gutenberg.org/files/16742/16742-h/16742-h.htm,52469
3284,The Discovery of the Source of the Nile,"Speke, John Hanning, 1827-1864",en,2002-06-01,https://www.gutenberg.org/files/3284/3284-h/3284-h.htm,211063
21929,A master of craft,"Jacobs, W. W. (William Wymark), 1863-1943",en,2007-06-25,https://www.gutenberg.org/cache/epub/21929/pg21929.html,65238
37864,"Know the Truth: A Critique on the Hamiltonian Theory of Limitation
Including Some Strictures Upon the Theories of Rev. Henry L. Mansel and Mr. Herbert Spencer","Jones, Jesse Henry, 1836-1904",en,2011-10-27,https://www.gutenberg.org/files/37864/37864-h/37864-h.htm,81062
1365,The Complete Poetical Works of Henry Wadsworth Longfellow,"Longfellow, Henry Wadsworth, 1807-1882",en,1998-06-01,https://www.gutenberg.org/cache/epub/1365/pg1365.html,331838
19028,Irish Plays and Playwrights,"Weygandt, Cornelius, 1871-1957",en,2006-08-11,https://www.gutenberg.org/files/19028/19028-h/19028-h.htm,92124
70652,At the mountains of madness,"Lovecraft, H. P. (Howard Phillips), 1890-1937; Brown, Howard V., 1878-1945 [Illustrator]",en,2023-04-27,https://www.gutenberg.org/files/70652/70652-h/70652-h.htm,40550
58400,Hans Holbein,"Chamberlain, Arthur B. (Arthur Bensley), -1931; Holbein, Hans, 1497-1543 [Illustrator]",en,2018-12-02,https://www.gutenberg.org/files/58400/58400-h/58400-h.htm,18812
27098,Technology and Books for All,"Lebert, Marie",en,2008-10-29,https://www.gutenberg.org/cache/epub/27098/pg27098.html,20499
20753,The Wonder Island Boys:  The Tribesmen,"Finlay, Roger T. (Roger Thompson), 1860-",en,2007-03-06,https://www.gutenberg.org/files/20753/20753-h/20753-h.htm,59368
26905,Northern Lights,"Parker, Gilbert, 1862-1932",en,2008-10-12,https://www.gutenberg.org/files/26905/26905-h/26905-h.htm,116439
34177,The Idyl of Twin Fires,"Eaton, Walter Prichard, 1878-1957; Fogarty, Thomas, 1873-1938 [Illustrator]",en,2010-10-31,https://www.gutenberg.org/files/34177/34177-h/34177-h.htm,76374
21112,"The Causes of the Corruption of the Traditional Text of the Holy Gospels
Being the Sequel to The Traditional Text of the Holy Gospels","Burgon, John William, 1813-1888; Miller, Edward, 1825-1901 [Editor]",en,2007-04-16,https://www.gutenberg.org/files/21112/21112-h/21112-h.htm,95500
25857,Patty's Social Season,"Wells, Carolyn, 1862-1942",en,2008-06-20,https://www.gutenberg.org/files/25857/25857-h/25857-h.htm,68085
31501,The Sensitive Man,"Anderson, Poul, 1926-2001",en,2010-03-04,https://www.gutenberg.org/files/31501/31501-h/31501-h.htm,21153
15659,The Beacon Second Reader,"Fassett, James H. (James Hiram), 1869-1930",en,2005-04-19,https://www.gutenberg.org/files/15659/15659-h/15659-h.htm,21115
16178,Essays on Art,"Clutton-Brock, A. (Arthur), 1868-1924",en,2005-07-02,https://www.gutenberg.org/files/16178/16178-h/16178-h.htm,32647
8347,"The Bible, Douay-Rheims, Book 47: Matthew
The Challoner Revision",,en,2005-06-01,https://www.gutenberg.org/cache/epub/8347/pg8347.html,29986
4686,"Underground: Hacking, madness and obsession on the electronic frontier","Dreyfus, Suelette; Assange, Julian, 1971- [Researcher]",en,2003-11-01,https://www.gutenberg.org/cache/epub/4686/pg4686.html,157246
3825,Pygmalion,"Shaw, Bernard, 1856-1950",en,2003-03-01,https://www.gutenberg.org/files/3825/3825-h/3825-h.htm,34993
23562,"Studies in Central American Picture-Writing
First Annual Report of the Bureau of Ethnology to the
Secretary of the Smithsonian Institution, 1879-80,
Government Printing Office, Washington, 1881, pages 205-245","Holden, Edward S. (Edward Singleton), 1846-1914",en,2007-11-20,https://www.gutenberg.org/files/23562/23562-h/23562-h.htm,17407
36593,Fordham's Feud,"Mitford, Bertram, 1855-1914",en,2011-07-03,https://www.gutenberg.org/files/36593/36593-h/36593-h.htm,102012
36633,"King Eric and the Outlaws, Vol. 3
or, the Throne, the Church, and the People in the Thirteenth Century.","Ingemann, Bernhard Severin, 1789-1862; Chapman, Jane Frances [Translator]",en,2011-07-05,https://www.gutenberg.org/files/36633/36633-h/36633-h.htm,47614
15602,"Statistical, Historical and Political Description of the Colony of New South Wales and its Dependent Settlements in Van Diemen's Land
With a Particular Enumeration of the Advantages Which These Colonies Offer for Emigration, and Their Superiority in Many Respects Over Those Possessed by the United States of America","Wentworth, W. C. (William Charles), 1790-1872",en,2005-04-11,https://www.gutenberg.org/files/15602/15602-h/15602-h.htm,103512
71010,The British soldier,"Hardy, E. J. (Edward John), 1849-1920",en,2023-06-21,https://www.gutenberg.org/files/71010/71010-h/71010-h.htm,54492
35559,"The Reconstruction of Georgia
Studies in History, Economics and Public Law, Vol. 13, No. 3, 1901","Woolley, Edwin C. (Edwin Campbell), 1878-1916",en,2011-03-12,https://www.gutenberg.org/files/35559/35559-h/35559-h.htm,33963
17807,Uncle Wiggily in the Woods,"Garis, Howard Roger, 1873-1962; Wisa, Louis, 1873-1953 [Illustrator]",en,2006-02-20,https://www.gutenberg.org/files/17807/17807-h/17807-h.htm,36356
58173,"The Great Invasion of 1813-14; or, After Leipzig
Being a story of the entry of the allied forces into Alsace and Lorraine, and their march upon Paris after the Battle of Leipzig, called the Battle of the Kings and Nations",Erckmann-Chatrian,en,2018-10-26,https://www.gutenberg.org/files/58173/58173-h/58173-h.htm,75336
1577,The Grey Room,"Phillpotts, Eden, 1862-1960",en,1998-12-01,https://www.gutenberg.org/files/1577/1577-h/1577-h.htm,67851
6388,"The Lives of the Twelve Caesars, Volume 03: Tiberius","Suetonius, 69?-122?; Forester, Thomas [Editor]; Thomson, Alexander, M.D. [Translator]",en,2004-12-13,https://www.gutenberg.org/cache/epub/6388/pg6388.html,24421
15100,"The Voyage of Governor Phillip to Botany Bay
With an Account of the Establishment of the Colonies of Port Jackson and Norfolk Island (1789)","Phillip, Arthur, 1738-1814",en,2005-02-18,https://www.gutenberg.org/files/15100/15100-h/15100-h.htm,73498
23565,"Red-Tape and Pigeon-Hole Generals
As Seen From the Ranks During a Campaign in the Army of the Potomac","Morford, Henry, 1823-1881; Armstrong, William H., 1824-1919; Frick, Jacob G.",en,2007-11-20,https://www.gutenberg.org/files/23565/23565-h/23565-h.htm,91198
14429,"Heroes of the Great Conflict; Life and Services of William Farrar
Smith, Major General, United States Volunteer in the Civil War","Wilson, James Harrison, 1837-1925",en,2004-12-23,https://www.gutenberg.org/cache/epub/14429/pg14429.html,23248
70103,Chantemerle,"Broster, D. K. (Dorothy Kathleen), 1877-1950; Taylor, G. Winifred (Gertrude Winifred), 1883?-",en,2023-02-21,https://www.gutenberg.org/files/70103/70103-h/70103-h.htm,160000
19350,"Punch, or the London Charivari, Volume 159, December 22, 1920","Various; Seaman, Owen, 1861-1936 [Editor]",en,2006-09-22,https://www.gutenberg.org/files/19350/19350-h/19350-h.htm,12842
28855,"The Girl Scouts at Sea Crest; Or, the Wig Wag Rescue","Garis, Lilian, 1873-1954",en,2009-05-17,https://www.gutenberg.org/files/28855/28855-h/28855-h.htm,45604
4551,Europe Revised,"Cobb, Irvin S. (Irvin Shrewsbury), 1876-1944",en,2003-10-01,https://www.gutenberg.org/files/4551/4551-h/4551-h.htm,93454
11087,"The Atlantic Monthly, Volume 06, No. 35, September, 1860
A Magazine Of Literature, Art, And Politics",Various,en,2004-02-01,https://www.gutenberg.org/cache/epub/11087/pg11087.html,86340
39266,Theological Essays,"Bradlaugh, Charles, 1833-1891",en,2012-03-25,https://www.gutenberg.org/files/39266/39266-h/39266-h.htm,115390
24787,The South of France—East Half,"Black, C. B. (Charles Bertram), 1822-1906",en,2008-03-09,https://www.gutenberg.org/files/24787/24787-h/24787-h.htm,209703
25767,"Picture and Text
1893","James, Henry, 1843-1916",en,2008-06-12,https://www.gutenberg.org/files/25767/25767-h/25767-h.htm,33291
38665,The Courtship of Morrice Buckler: A Romance,"Mason, A. E. W. (Alfred Edward Woodley), 1865-1948",en,2012-01-25,https://www.gutenberg.org/files/38665/38665-h/38665-h.htm,97121
36290,"Ormond; Or, The Secret Witness. Volume 2 (of 3)","Brown, Charles Brockden, 1771-1810",en,2011-05-31,https://www.gutenberg.org/files/36290/36290-h/36290-h.htm,31977
28331,"The Young Ranchers; Or, Fighting the Sioux","Ellis, Edward Sylvester, 1840-1916",en,2009-03-15,https://www.gutenberg.org/files/28331/28331-h/28331-h.htm,49814
21258,"Devil-Worship in France; or, The Question of Lucifer","Waite, Arthur Edward, 1857-1942",en,2007-04-30,https://www.gutenberg.org/files/21258/21258-h/21258-h.htm,59315
18039,"Manual of the Mother Church
The First Church of Christ Scientist in Boston, Massachusetts","Eddy, Mary Baker, 1821-1910",en,2006-03-23,https://www.gutenberg.org/cache/epub/18039/pg18039.html,18048
32997,The Style Book of The Detroit News,"Detroit news; Weeks, A. L. (Albert Loren), 1888-1963 [Editor]",en,2010-06-27,https://www.gutenberg.org/files/32997/32997-h/32997-h.htm,29173
28275,"Harper's Young People, December 30, 1879
An Illustrated Weekly",Various,en,2009-03-08,https://www.gutenberg.org/files/28275/28275-h/28275-h.htm,14216
1491,Letters to Dead Authors,"Lang, Andrew, 1844-1912",en,1998-10-01,https://www.gutenberg.org/files/1491/1491-h/1491-h.htm,35483
58937,The Mary Frances sewing book,"Fryer, Jane Eayre, 1876-; Boyer, Jane Allen, 1875-1940 [Illustrator]",en,2019-02-28,https://www.gutenberg.org/files/58937/58937-h/58937-h.htm,43785
6142,A Girl of the People,"Meade, L. T., 1854-1914",en,2004-07-01,https://www.gutenberg.org/files/6142/6142-h/6142-h.htm,58956
7898,Mouser Cat's Story,"Prentice, Amy",en,2005-04-01,https://www.gutenberg.org/files/7898/7898-h/7898-h.htm,11014
30185,London Lyrics,"Locker-Lampson, Frederick, 1821-1895; Godley, A. D. (Alfred Denis), 1856-1925 [Editor]; Cruikshank, George, 1792-1878 [Illustrator]",en,2009-10-05,https://www.gutenberg.org/files/30185/30185-h/30185-h.htm,11108
15869,A Voyage Towards the South Pole and Round the World Volume 2,"Cook, James, 1728-1779; Furneaux, Tobias, 1735-1781 [Contributor]",en,2005-05-20,https://www.gutenberg.org/cache/epub/15869/pg15869.html,112772
23141,The Island Treasure,"Hutcheson, John C. (John Conroy); Stacey, W. S. (Walter S.), 1846-1929 [Illustrator]",en,2007-10-21,https://www.gutenberg.org/files/23141/23141-h/23141-h.htm,70385
33772,Hawk Eye,"Cory, David, 1872-1966; Dixon, Joseph K. (Joseph Kossuth), 1856-1926 [Author of introduction, etc.]",en,2010-09-20,https://www.gutenberg.org/files/33772/33772-h/33772-h.htm,15289
29416,The Mind Master,"Burks, Arthur J., 1898-1974",en,2009-07-15,https://www.gutenberg.org/files/29416/29416-h/29416-h.htm,29089
31857,Strangers and Wayfarers,"Jewett, Sarah Orne, 1849-1909",en,2010-04-01,https://www.gutenberg.org/files/31857/31857-h/31857-h.htm,57990
23541,"Dick, Marjorie and Fidge: A Search for the Wonderful Dodo","Farrow, G. E. (George Edward), 1862-1919",en,2007-11-18,https://www.gutenberg.org/files/23541/23541-h/23541-h.htm,43025
57864,Dictionary of Historical Allusions,"Harbottle, Thomas Benfield, -1904",en,2018-09-08,https://www.gutenberg.org/files/57864/57864-h/57864-h.htm,129779
934,Songs of a Savoyard,"Gilbert, W. S. (William Schwenck), 1836-1911",en,1997-06-01,https://www.gutenberg.org/files/934/934-h/934-h.htm,19733
71500,His love story,"Van Vorst, Marie, 1867-1936; Christy, Howard Chandler, 1873-1952 [Illustrator]",en,2023-08-27,https://www.gutenberg.org/files/71500/71500-h/71500-h.htm,37105
56346,A Book of American Explorers,"Higginson, Thomas Wentworth, 1823-1911",en,2018-01-09,https://www.gutenberg.org/files/56346/56346-h/56346-h.htm,95292
56868,"The Boy Traders; Or, The Sportsman's Club Among the Boers","Castlemon, Harry, 1842-1915",en,2018-03-29,https://www.gutenberg.org/files/56868/56868-h/56868-h.htm,65232
1713,"Lincoln; An Account of his Personal Life, Especially of its Springs of Action as Revealed and Deepened by the Ordeal of War","Stephenson, Nathaniel W. (Nathaniel Wright), 1867-1935",en,2006-02-22,https://www.gutenberg.org/files/1713/1713-h/1713-h.htm,127742
22312,"Northern Nut Growers Association Report of the Proceedings at the Second Annual Meeting
Ithaca, New York, December 14 and 15, 1911",Northern Nut Growers Association [Editor],en,2007-08-14,https://www.gutenberg.org/files/22312/22312-h/22312-h.htm,57999
7294,Battle Studies; Ancient and Modern Battle,"Ardant du Picq, Charles Jean Jacques Joseph, 1821-1870; Cotton, Robert Christie, 1885-1952 [Translator]; Greely, John N. (John Nesmith), 1885-1965 [Translator]",en,2005-01-01,https://www.gutenberg.org/files/7294/7294-h/7294-h.htm,81680
71646,Pilgrims' project,"Young, Robert F., 1915-1986; Emshwiller, Ed, 1925-1990 [Illustrator]",en,2023-09-14,https://www.gutenberg.org/files/71646/71646-h/71646-h.htm,12560
59436,"Harper's Round Table, September 29, 1896",Various,en,2019-05-05,https://www.gutenberg.org/files/59436/59436-h/59436-h.htm,27073
10376,American Indian Stories,"Zitkala-Sa, 1876-1938",en,2003-12-01,https://www.gutenberg.org/cache/epub/10376/pg10376.html,32621
15546,"The Last of the Peterkins
With Others of Their Kin","Hale, Lucretia P. (Lucretia Peabody), 1820-1900",en,2005-04-04,https://www.gutenberg.org/files/15546/15546-h/15546-h.htm,44768
10093,"Gutta-Percha Willie
The Working Genius","MacDonald, George, 1824-1905",en,2003-11-01,https://www.gutenberg.org/cache/epub/10093/pg10093.html,48530
4132,Diary of Samuel Pepys — Volume 14: January/February 1661-62,"Pepys, Samuel, 1633-1703; Braybrooke, Richard Griffin, Baron, 1783-1858 [Editor]; Wheatley, Henry B. (Henry Benjamin), 1838-1917 [Editor]; Bright, Mynors, 1818-1883 [Translator]",en,2004-11-29,https://www.gutenberg.org/cache/epub/4132/pg4132.html,11909
9401,The Leopard Woman,"White, Stewart Edward, 1873-1946; Koerner, W. H. D. (William Henry Dethlef), 1878-1938 [Illustrator]",en,2005-12-01,https://www.gutenberg.org/files/9401/9401-h/9401-h.htm,69694
7244,"A Connecticut Yankee in King Arthur's Court, Part 3.","Twain, Mark, 1835-1910",en,2004-07-06,https://www.gutenberg.org/files/7244/7244-h/7244-h.htm,11691
71438,Fine crochet and tatting,Spool Cotton Co.,en,2023-08-18,https://www.gutenberg.org/files/71438/71438-h/71438-h.htm,12109
36597,"Three in Norway, by Two of Them","Lees, J. A. (James Arthur), 1852-; Clutterbuck, Walter J., 1853-1937",en,2011-07-07,https://www.gutenberg.org/files/36597/36597-h/36597-h.htm,79650
38291,"A Witch of the Hills, v. 1 [of 2]","Warden, Florence, 1857-1929",en,2011-12-13,https://www.gutenberg.org/files/38291/38291-h/38291-h.htm,45942
5040,State of the Union Addresses,"Eisenhower, Dwight D. (Dwight David), 1890-1969",en,2004-02-01,https://www.gutenberg.org/files/5040/5040-h/5040-h.htm,54964
19731,"Under the Ocean to the South Pole; Or, the Strange Cruise of the Submarine Wonder","Rockwood, Roy",en,2006-11-07,https://www.gutenberg.org/files/19731/19731-h/19731-h.htm,50326
15469,"The Letters of Lord Nelson to Lady Hamilton, Vol. I.
With A Supplement Of Interesting Letters By Distinguished Characters","Nelson, Horatio Nelson, Viscount, 1758-1805",en,2005-03-26,https://www.gutenberg.org/cache/epub/15469/pg15469.html,26232
2125,"The Nile Tributaries of Abyssinia, and the Sword Hunters of the Hamran Arabs","Baker, Samuel White, Sir, 1821-1893",en,2000-03-01,https://www.gutenberg.org/cache/epub/2125/pg2125.html,151461
37090,Our Knowledge of the External World as a Field for Scientific Method in Philosophy,"Russell, Bertrand, 1872-1970",en,2011-08-15,https://www.gutenberg.org/files/37090/37090-h/37090-h.htm,72166
21978,An Analysis of the Lever Escapement,"Playtner, H. R.",en,2007-06-30,https://www.gutenberg.org/files/21978/21978-h/21978-h.htm,17389
71550,Under dispute,"Repplier, Agnes, 1855-1950",en,2023-09-02,https://www.gutenberg.org/files/71550/71550-h/71550-h.htm,50969
11018,"Samuel F. B. Morse, His Letters and Journals
In Two Volumes, Volume II","Morse, Samuel Finley Breese, 1791-1872; Morse, Edward Lind, 1857-1923 [Editor]",en,2004-02-01,https://www.gutenberg.org/cache/epub/11018/pg11018.html,170601
15782,Scenes in Switzerland,American Tract Society,en,2005-05-07,https://www.gutenberg.org/files/15782/15782-h/15782-h.htm,20194
37672,From School to Battle-field: A Story of the War Days,"King, Charles, 1844-1933; Oakley, Violet, 1874-1961 [Illustrator]; Stephens, Charles H., 1851-1931 [Illustrator]",en,2011-10-09,https://www.gutenberg.org/files/37672/37672-h/37672-h.htm,76939
28505,The Third Degree: A Narrative of Metropolitan Life,"Klein, Charles, 1867-1915; Hornblow, Arthur, 1865-1942",en,2009-04-05,https://www.gutenberg.org/files/28505/28505-h/28505-h.htm,67358
39014,Outline Studies in the Old Testament for Bible Teachers,"Hurlbut, Jesse Lyman, 1843-1930",en,2012-02-29,https://www.gutenberg.org/files/39014/39014-h/39014-h.htm,40429
56345,The World's Greatest Military Spies and Secret Service Agents,"Barton, George, 1866-1940",en,2018-01-09,https://www.gutenberg.org/files/56345/56345-h/56345-h.htm,73015
36370,The Bishop and the Boogerman,"Harris, Joel Chandler, 1848-1908; Harding, Charlotte, 1873-1951 [Illustrator]",en,2011-06-10,https://www.gutenberg.org/files/36370/36370-h/36370-h.htm,34655
25055,"The Odes of Casimire, Translated by G. Hils","Sarbiewski, Maciej Kazimierz, 1595-1640; Roestvig, Maren-Sofie [Commentator]; Hils, G. [Translator]",en; la,2008-04-12,https://www.gutenberg.org/files/25055/25055-h/25055-h.htm,18738
20298,"History of the Wars, Books V and VI: The Gothic War","Procopius; Dewing, H. B. (Henry Bronson), 1882-1956 [Translator]",en,2007-01-06,https://www.gutenberg.org/files/20298/20298-h/20298-h.htm,76285
39785,Tunnel Engineering: A Museum Treatment,"Vogel, Robert M.",en,2012-05-24,https://www.gutenberg.org/files/39785/39785-h/39785-h.htm,14401
16137,The Hoyden,"Duchess, 1855?-1897",en,2005-06-26,https://www.gutenberg.org/cache/epub/16137/pg16137.html,118009
31726,Poems and Ballads of Heinrich Heine,"Heine, Heinrich, 1797-1856; Lazarus, Emma, 1849-1887 [Translator]",en,2010-03-21,https://www.gutenberg.org/files/31726/31726-h/31726-h.htm,25261
26735,"Stories and Legends of Travel and History, for Children","Greenwood, Grace, 1823-1904",en,2008-10-01,https://www.gutenberg.org/files/26735/26735-h/26735-h.htm,47448
8081,Louisa Pallant,"James, Henry, 1843-1916",en,2005-05-01,https://www.gutenberg.org/files/8081/8081-h/8081-h.htm,15361
38,"The Jargon File, Version 2.9.10, 01 Jul 1992","Raymond, Eric S., 1957- [Editor]; Steele, Guy L., 1954- [Editor]",en,1992-08-01,https://www.gutenberg.org/cache/epub/38/pg38.html,173142
14506,The White Linen Nurse,"Abbott, Eleanor Hallowell, 1872-1958",en,2004-12-29,https://www.gutenberg.org/cache/epub/14506/pg14506.html,47832
5074,Aunt Judy's Tales,"Gatty, Alfred, Mrs., 1809-1873",en,2004-02-01,https://www.gutenberg.org/files/5074/5074-h/5074-h.htm,47328
11372,The Nine-Tenths,"Oppenheim, James, 1882-1932",en,2004-02-01,https://www.gutenberg.org/cache/epub/11372/pg11372.html,68809
4790,Half a Rogue,"MacGrath, Harold, 1871-1932",en,2003-12-01,https://www.gutenberg.org/files/4790/4790-h/4790-h.htm,87424
18396,"The Modern Scottish Minstrel, Volume 1.
The Songs of Scotland of the Past Half Century","Rogers, Charles, 1825-1890 [Editor]",en,2006-05-15,https://www.gutenberg.org/files/18396/18396-h/18396-h.htm,78873
37311,"The Journal, with Other Writings of John Woolman","Woolman, John, 1720-1772; Scudder, Vida Dutton, 1861-1954 [Commentator]",en,2011-09-04,https://www.gutenberg.org/files/37311/37311-h/37311-h.htm,85656
18794,Three Years' War,"De Wet, Christiaan Rudolf, 1854-1922",en,2006-07-08,https://www.gutenberg.org/files/18794/18794-h/18794-h.htm,156734
57275,"The Juvenile Scrap-book for 1849
A Christmas and New Year's present for young people",Grandfather Merryman [Editor],en,2018-06-04,https://www.gutenberg.org/files/57275/57275-h/57275-h.htm,27636
15876,"The Unpopular Review, Volume II Number 3",Various,en,2005-05-22,https://www.gutenberg.org/files/15876/15876-h/15876-h.htm,75375
38471,"Dick Randall, the Young Athlete","Clark, Ellery H. (Ellery Harding), 1874-1949; Biggs, Walter, 1886-1968 [Illustrator]",en,2012-01-02,https://www.gutenberg.org/files/38471/38471-h/38471-h.htm,43391
71283,Richard the Lion Heart,"Norgate, Kate, 1853-1935",en,2023-07-28,https://www.gutenberg.org/files/71283/71283-h/71283-h.htm,143637
9872,The Great Secret,"Oppenheim, E. Phillips (Edward Phillips), 1866-1946",en,2006-02-01,https://www.gutenberg.org/cache/epub/9872/pg9872.html,74442
58393,The Mirror of Alchimy,"Bacon, Roger, 1214?-1294",en,2018-12-01,https://www.gutenberg.org/files/58393/58393-h/58393-h.htm,22677
4678,"Lives of the English Poets
Gay, Thomson, Young, Gray, &c.","Johnson, Samuel, 1709-1784",en,2003-11-01,https://www.gutenberg.org/files/4678/4678-h/4678-h.htm,55310
9838,Strong Hearts,"Cable, George Washington, 1844-1925",en,2006-02-01,https://www.gutenberg.org/cache/epub/9838/pg9838.html,37324
23419,"The Return Of The Soul
1896","Hichens, Robert, 1864-1950",en,2007-11-08,https://www.gutenberg.org/files/23419/23419-h/23419-h.htm,18466
57759,"Chambers's Journal of Popular Literature, Science, and Art, No. 736, February 2, 1878","Various; Chambers, Robert, 1802-1871 [Editor]; Chambers, William, 1800-1883 [Editor]",en,2018-08-24,https://www.gutenberg.org/files/57759/57759-h/57759-h.htm,17732
12700,Ralph Waldo Emerson,"Holmes, Oliver Wendell, 1809-1894",en,2004-06-01,https://www.gutenberg.org/cache/epub/12700/pg12700.html,103969
59721,The Son of His Father; vol. 2/3,"Oliphant, Mrs. (Margaret), 1828-1897",en,2019-06-10,https://www.gutenberg.org/files/59721/59721-h/59721-h.htm,63267
35364,Ethel Morton at Sweetbrier Lodge,"Smith, Mabell S. C. (Mabell Shippie Clarke), 1864-1942",en,2011-02-23,https://www.gutenberg.org/files/35364/35364-h/35364-h.htm,56437
38999,"Mellifont Abbey, Co. Louth
Its Ruins and Associations, a Guide and Popular History",Anonymous,en,2012-02-27,https://www.gutenberg.org/files/38999/38999-h/38999-h.htm,39234
26718,Health on the Farm: A Manual of Rural Sanitation and Hygiene,"Harris, H. F. (Henry Fauntleroy), 1867-1926",en,2008-09-28,https://www.gutenberg.org/files/26718/26718-h/26718-h.htm,61573
6592,Si'Wren of the Patriarchs,"Cheney, Roland",en,2004-09-01,https://www.gutenberg.org/cache/epub/6592/pg6592.html,89255
15322,"The American Architect and Building News, Vol. 27, No. 733, January 11, 1890",Various,en,2005-03-11,https://www.gutenberg.org/files/15322/15322-h/15322-h.htm,28500
22400,"Fox's Book of Martyrs
Or A History of the Lives, Sufferings, and Triumphant
Deaths of the Primitive Protestant Martyrs","Foxe, John, 1516-1587",en,2007-08-25,https://www.gutenberg.org/files/22400/22400-h/22400-h.htm,264430
3125,The Complete Essays of Charles Dudley Warner,"Warner, Charles Dudley, 1829-1900",en,2004-10-11,https://www.gutenberg.org/files/3125/3125-h/3125-h.htm,218012
57935,"Vicksburg National Military Park, Mississippi","Everhart, William C.",en,2018-09-19,https://www.gutenberg.org/files/57935/57935-h/57935-h.htm,16516
23921,Barometer and Weather Guide,"Fitzroy, Robert, 1805-1865 [Compiler]",en,2007-12-19,https://www.gutenberg.org/files/23921/23921-h/23921-h.htm,11825
26277,Margarita's Soul: The Romantic Recollections of a Man of Fifty,"Bacon, Josephine Daskam, 1876-1961; Williams, J. Scott (John Scott), 1877-1975 [Illustrator]",en,2008-08-12,https://www.gutenberg.org/files/26277/26277-h/26277-h.htm,96030
38408,The Captive in Patagonia,"Bourne, Benjamin Franklin, 1816-1874",en,2011-12-25,https://www.gutenberg.org/files/38408/38408-h/38408-h.htm,61978
25992,"The Martyrs of Science, or, The lives of Galileo, Tycho Brahe, and Kepler","Brewster, David, 1781-1868",en,2008-07-07,https://www.gutenberg.org/files/25992/25992-h/25992-h.htm,52097
9604,"Hung Lou Meng, or, the Dream of the Red Chamber, a Chinese Novel, Book II","Cao, Xueqin, 1717?-1763; Joly, H. Bencraft, 1857-1898 [Translator]",en,2006-01-01,https://www.gutenberg.org/files/9604/9604-h/9604-h.htm,265221
2795,"Bob, Son of Battle","Ollivant, Alfred, 1874-1927",en,2001-09-01,https://www.gutenberg.org/files/2795/2795-h/2795-h.htm,74891
16771,Jacqueline of Golden River,"Egbert, H. M., 1879-1960; Coleman, Ralph P. (Ralph Pallen), 1892-1968 [Illustrator]",en,2005-09-28,https://www.gutenberg.org/files/16771/16771-h/16771-h.htm,59425
6680,The Bores: A Comedy in Three Acts,"Molière, 1622-1673",en,2004-10-01,https://www.gutenberg.org/cache/epub/6680/pg6680.html,13769
57900,"Lighthouses and Lightships
A Descriptive and Historical Account of Their Mode of Construction and Organization","Adams, W. H. Davenport (William Henry Davenport), 1828-1891",en,2018-09-15,https://www.gutenberg.org/files/57900/57900-h/57900-h.htm,75436
18810,Alec Forbes of Howglen,"MacDonald, George, 1824-1905",en,2006-07-12,https://www.gutenberg.org/cache/epub/18810/pg18810.html,199848
7786,The one great reality,"Clayton, Louisa, 1845-1931; Hopkins, Evan Henry, 1837-1918 [Author of introduction, etc.]",en,2005-03-01,https://www.gutenberg.org/cache/epub/7786/pg7786.html,36001
24683,"Nan Sherwood at Palm Beach; or, Strange adventures among the orange groves","Carr, Annie Roe",en,2008-02-25,https://www.gutenberg.org/files/24683/24683-h/24683-h.htm,51148
21363,Quicksilver: The Boy With No Skid to His Wheel,"Fenn, George Manville, 1831-1909; Dadd, Frank, 1851-1929 [Illustrator]",en,2007-05-08,https://www.gutenberg.org/files/21363/21363-h/21363-h.htm,119839
16690,"Five Months on a German Raider
Being the Adventures of an Englishman Captured by the 'Wolf'","Trayes, Frederic George, 1871-",en,2005-09-14,https://www.gutenberg.org/files/16690/16690-h/16690-h.htm,39456
26727,"The Political History of England - Vol XI
From Addington's Administration to the close of William IV.'s Reign (1801-1837)","Brodrick, George C. (George Charles), 1831-1903; Fotheringham, John Knight, 1874-1936",en,2008-09-30,https://www.gutenberg.org/files/26727/26727-h/26727-h.htm,197182
3228,Poems of Progress and New Thought Pastels,"Wilcox, Ella Wheeler, 1850-1919",en,2002-05-01,https://www.gutenberg.org/files/3228/3228-h/3228-h.htm,20767
5050,State of the Union Addresses (1790-2008),United States. Presidents,en,2004-02-01,https://www.gutenberg.org/cache/epub/5050/pg5050.html,1655583
5354,"Guy Mannering, Or, the Astrologer — Volume 02","Scott, Walter, 1771-1832",en,2004-03-01,https://www.gutenberg.org/cache/epub/5354/pg5354.html,90268
7975,"Memoirs of James Robert Hope-Scott, Volume 2","Ornsby, Robert, 1820-1889",en,2005-04-01,https://www.gutenberg.org/cache/epub/7975/pg7975.html,95786
35926,"The Girl from Alsace
A Romance of the Great War, Originally Published under the Title of Little Comrade","Stevenson, Burton Egbert, 1872-1962",en,2011-04-21,https://www.gutenberg.org/files/35926/35926-h/35926-h.htm,64903
57704,Mixed Grill,"Ridge, W. Pett (William Pett), 1859-1930",en,2018-08-16,https://www.gutenberg.org/files/57704/57704-h/57704-h.htm,47695
38699,Chambers's Twentieth Century Dictionary (part 3 of 4: N-R),"Davidson, Thomas, 1856-1923 [Editor]",en,2012-01-28,https://www.gutenberg.org/files/38699/38699-h/38699-h.htm,301216
37549,The Beauty,"Woodrow, Wilson, Mrs., 1870?-1935; Grefé, Will, 1875-1957 [Illustrator]",en,2011-09-26,https://www.gutenberg.org/files/37549/37549-h/37549-h.htm,58827
16168,The Master Mystery,"Reeve, Arthur B. (Arthur Benjamin), 1880-1936; Grey, John W.",en,2005-07-01,https://www.gutenberg.org/files/16168/16168-h/16168-h.htm,63912
21747,The Lonely Island: The Refuge of the Mutineers,"Ballantyne, R. M. (Robert Michael), 1825-1894",en,2007-06-07,https://www.gutenberg.org/files/21747/21747-h/21747-h.htm,90541
33407,Bee and Butterfly: A Tale of Two Cousins,"Madison, Lucy Foster, 1865-1932; Beard, Adelia B. (Adelia Belle), 1857-1920 [Illustrator]",en,2010-08-11,https://www.gutenberg.org/files/33407/33407-h/33407-h.htm,56742
38099,Mistakes of Moses,"Ingersoll, Robert Green, 1833-1899",en,2011-11-22,https://www.gutenberg.org/files/38099/38099-h/38099-h.htm,53450
27384,The regent's daughter,"Dumas, Alexandre, 1802-1870; Maquet, Auguste, 1813-1888",en,2008-12-02,https://www.gutenberg.org/files/27384/27384-h/27384-h.htm,86767
35669,The Falls of Niagara and Other Famous Cataracts,"Holley, George W. (George Washington), 1810-1897",en,2011-03-24,https://www.gutenberg.org/files/35669/35669-h/35669-h.htm,49004
8502,Common Diseases of Farm Animals,"Craig, Robert Alexander, 1872-1939",en,2005-07-01,https://www.gutenberg.org/cache/epub/8502/pg8502.html,89934
23770,"Mission Furniture: How to Make It, Part 1","Windsor, H. H. (Henry Haven), 1859-1924",en,2007-12-08,https://www.gutenberg.org/files/23770/23770-h/23770-h.htm,20381
24859,Turned Adrift,"Collingwood, Harry, 1851-1922; Hodgson, E. S. (Edward Smith), 1866-1937 [Illustrator]",en,2008-03-17,https://www.gutenberg.org/files/24859/24859-h/24859-h.htm,89792
9306,Aesthetic as Science of Expression and General Linguistic,"Croce, Benedetto, 1866-1952; Ainslie, Douglas, 1865-1948 [Translator]",en,2005-11-01,https://www.gutenberg.org/cache/epub/9306/pg9306.html,99471
39641,Georgina's Service Stars,"Johnston, Annie F. (Annie Fellows), 1863-1931; Gooch, Thelma, 1895-1973 [Illustrator]",en,2012-05-07,https://www.gutenberg.org/files/39641/39641-h/39641-h.htm,69158
35270,"Habits that Handicap: The Menace of Opium, Alcohol, and Tobacco, and the Remedy","Towns, Charles Barnes, 1862-",en,2011-02-14,https://www.gutenberg.org/files/35270/35270-h/35270-h.htm,58704
36537,"Punch, or the London Charivari, Vol. 93., October 1, 1887",Various,en,2011-06-27,https://www.gutenberg.org/files/36537/36537-h/36537-h.htm,10536
6636,"Hold Up Your Heads, Girls! Helps for Girls, in School and Out","Ryder, Annie H.",en,2004-10-01,https://www.gutenberg.org/cache/epub/6636/pg6636.html,38723
19207,The Firelight Fairy Book,"Beston, Henry, 1888-1968",en,2006-09-08,https://www.gutenberg.org/files/19207/19207-h/19207-h.htm,43089
25555,Fairy Tales of the Slav Peasants and Herdsmen,"Chodzko, Alexander, 1804-1891; Harding, Emily J. [Illustrator]; Harding, Emily J. [Translator]",en,2008-05-22,https://www.gutenberg.org/files/25555/25555-h/25555-h.htm,64712
14356,The Emperor of Portugallia,"Lagerlöf, Selma, 1858-1940; Howard, Velma Swanston, 1868-1937 [Translator]",en,2004-12-15,https://www.gutenberg.org/cache/epub/14356/pg14356.html,62847
25230,The Return of Blue Pete,"Allan, Luke, 1877-1962",en,2008-04-29,https://www.gutenberg.org/cache/epub/25230/pg25230.html,61608
10901,Three Young Knights,"Donnell, Annie Hamilton, 1862-1943",en,2004-02-01,https://www.gutenberg.org/cache/epub/10901/pg10901.html,13626
1969,Catherine: A Story,"Thackeray, William Makepeace, 1811-1863",en,1999-11-01,https://www.gutenberg.org/files/1969/1969-h/1969-h.htm,68647
35884,"John Patrick, Third Marquess of Bute, K.T. (1847-1900), a Memoir","Hunter Blair, David Oswald, Sir, 1853-1939",en,2011-04-16,https://www.gutenberg.org/files/35884/35884-h/35884-h.htm,75745
38351,A trip to California in 1853,"Bailey, Washington, 1831-1922",en,2011-12-20,https://www.gutenberg.org/files/38351/38351-h/38351-h.htm,16783
22387,A Tour in Ireland. 1776-1779,"Young, Arthur, 1741-1820; Morley, Henry, 1822-1894 [Editor]",en,2007-08-25,https://www.gutenberg.org/files/22387/22387-h/22387-h.htm,47300
7392,"The Poetical Works of Oliver Wendell Holmes — Volume 05
Poems of the Class of '29 (1851-1889)","Holmes, Oliver Wendell, 1809-1894",en,2004-09-30,https://www.gutenberg.org/cache/epub/7392/pg7392.html,18210
36809,"Crying for the Light; Or, Fifty Years Ago. Vol. 2 [of 3]","Ritchie, J. Ewing (James Ewing), 1820-1898",en,2011-07-21,https://www.gutenberg.org/files/36809/36809-h/36809-h.htm,42950
9900,"The Grand Old Man
Or, the Life and Public Services of the Right Honorable William Ewart Gladstone, Four Times Prime Minister of England","Cook, Richard B. (Richard Briscoe), 1838-1916",en,2006-02-01,https://www.gutenberg.org/files/9900/9900-h/9900-h.htm,116333
4307,In the Year of Jubilee,"Gissing, George, 1857-1903",en,2003-08-01,https://www.gutenberg.org/files/4307/4307-h/4307-h.htm,135300
26280,The Renewal of Life; How and When to Tell the Story to the Young,"Morley, Margaret Warner, 1858-1923",en,2008-08-12,https://www.gutenberg.org/files/26280/26280-h/26280-h.htm,35658
58718,"Bobby Blake in the Frozen North; Or, The Old Eskimo's Last Message","Warner, Frank A.; Rogers, Walter S. (Walter Stanton), 1870-1937 [Illustrator]",en,2019-01-18,https://www.gutenberg.org/files/58718/58718-h/58718-h.htm,50948
39229,The Mardi Gras Mystery,"Bedford-Jones, H. (Henry), 1887-1949; Howitt, John Newton, 1885-1958 [Illustrator]",en,2012-03-22,https://www.gutenberg.org/files/39229/39229-h/39229-h.htm,57508
37167,"Woodcraft; Or, How a Patrol Leader Made Good","Douglas, Alan, Captain; Caswell, Edward C., 1879-1963 [Illustrator]",en,2011-08-23,https://www.gutenberg.org/files/37167/37167-h/37167-h.htm,43444
33931,Popular Tales,"Perrault, Charles, 1628-1703; Lang, Andrew, 1844-1912 [Editor]",en; fr,2010-10-13,https://www.gutenberg.org/files/33931/33931-h/33931-h.htm,63395
32328,Methods of Authors,"Erichsen, Hugo, 1860-1944",en,2010-05-11,https://www.gutenberg.org/files/32328/32328-h/32328-h.htm,39514
30657,"Sovereign Grace: Its Source, Its Nature and Its Effects","Moody, Dwight Lyman, 1837-1899",en,2009-12-12,https://www.gutenberg.org/files/30657/30657-h/30657-h.htm,34374
6855,Ideala,"Grand, Sarah, 1854-1943",en,2004-11-01,https://www.gutenberg.org/cache/epub/6855/pg6855.html,69264
26383,"Anna Seward, and Classic Lichfield","Martin, Stapleton, 1846-1922",en,2008-08-21,https://www.gutenberg.org/files/26383/26383-h/26383-h.htm,10000
6969,The Orations of Lysias,"Lysias, 441? BCE-381 BCE",en,2004-03-01,https://www.gutenberg.org/cache/epub/6969/pg6969.html,50137
389,The Great God Pan,"Machen, Arthur, 1863-1947",en,1996-01-01,https://www.gutenberg.org/files/389/389-h/389-h.htm,22026
8215,The Developmental Psychology of Psychopathology,"Vaknin, Samuel, 1961-; Rangelovska, Lidija [Editor]",en,2005-06-01,https://www.gutenberg.org/cache/epub/8215/pg8215.html,24842
36885,Rheims and the Battles for its Possession,Pneu Michelin (Firm),en,2011-07-29,https://www.gutenberg.org/files/36885/36885-h/36885-h.htm,44041
31990,A History of the Town of Fairfax,"Rust, Jeanne Johnson",en,2010-04-14,https://www.gutenberg.org/files/31990/31990-h/31990-h.htm,17971
19936,Willie the Waif,"Herbert, Minie",en,2006-11-27,https://www.gutenberg.org/cache/epub/19936/pg19936.html,13372
35719,"The History of the Five Indian Nations of Canada
Which are dependent on the Province of New-York, and are a barrier between the English and the French in that part of the world","Colden, Cadwallader, 1688-1776",en,2011-03-30,https://www.gutenberg.org/files/35719/35719-h/35719-h.htm,66805
30577,Told in the Coffee House: Turkish Tales,"Adler, Cyrus, 1863-1940; Ramsay, Allan, 1684-1758",en,2009-12-02,https://www.gutenberg.org/files/30577/30577-h/30577-h.htm,28351
21307,"Fire Island
Being the Adventures of Uncertain Naturalists in an Unknown Track","Fenn, George Manville, 1831-1909",en,2007-05-04,https://www.gutenberg.org/files/21307/21307-h/21307-h.htm,120159
28235,In Orchard Glen,"MacGregor, Mary Esther Miller, 1876-1961",en,2009-03-01,https://www.gutenberg.org/files/28235/28235-h/28235-h.htm,81587
31091,Cedar Creek: From the Shanty to the Settlement. A Tale of Canadian Life,"Walshe, Elizabeth H. (Elizabeth Hely), 1835?-1869",en,2010-01-26,https://www.gutenberg.org/files/31091/31091-h/31091-h.htm,94925
22138,"Notes and Queries, Number 54, November 9, 1850
A Medium of Inter-communication for Literary Men, Artists, Antiquaries, Genealogists, etc.","Various; Bell, George, 1814-1890 [Editor]",en,2007-07-24,https://www.gutenberg.org/files/22138/22138-h/22138-h.htm,14271
19158,The Return,"Piper, H. Beam, 1904-1964; McGuire, John J. (John Joseph), 1917-1981",en,2006-09-01,https://www.gutenberg.org/files/19158/19158-h/19158-h.htm,11904
34858,The Ordeal of Richard Feverel: A History of a Father and Son,"Meredith, George, 1828-1909; Chandler, Frank Wadleigh, 1873-1947 [Editor]",en,2011-01-05,https://www.gutenberg.org/files/34858/34858-h/34858-h.htm,179604
2444,Oxford,"Lang, Andrew, 1844-1912",en,2000-12-01,https://www.gutenberg.org/files/2444/2444-h/2444-h.htm,31833
5863,"Personal Memoirs of U. S. Grant, Part 4.","Grant, Ulysses S. (Ulysses Simpson), 1822-1885",en,2004-06-01,https://www.gutenberg.org/files/5863/5863-h/5863-h.htm,43312
1756,Uncle Vanya: Scenes from Country Life in Four Acts,"Chekhov, Anton Pavlovich, 1860-1904",en,1999-05-01,https://www.gutenberg.org/files/1756/1756-h/1756-h.htm,16660
8405,Journalism for Women: A Practical Guide,"Bennett, Arnold, 1867-1931",en,2005-07-01,https://www.gutenberg.org/files/8405/8405-h/8405-h.htm,17010
16316,Outdoor Sports and Games,"Miller, Claude Harris, 1875-",en,2005-07-16,https://www.gutenberg.org/files/16316/16316-h/16316-h.htm,82865
9611,"Joseph Andrews, Vol. 1","Fielding, Henry, 1707-1754",en,2006-01-01,https://www.gutenberg.org/files/9611/9611-h/9611-h.htm,64873
14255,Hints for Lovers,"Haultain, Arnold, 1857-1941",en,2004-12-04,https://www.gutenberg.org/cache/epub/14255/pg14255.html,34290
37587,"The Katipunan; or, The Rise and Fall of the Filipino Commune","St. Clair, Francis",en,2011-10-01,https://www.gutenberg.org/files/37587/37587-h/37587-h.htm,66928
13815,The Talking Beasts: A Book of Fable Wisdom,"Wiggin, Kate Douglas Smith, 1856-1923 [Editor]; Smith, Nora Archibald, 1859-1934 [Editor]",en,2004-10-20,https://www.gutenberg.org/cache/epub/13815/pg13815.html,73052
18418,A Crooked Path: A Novel,"Alexander, Mrs., 1825-1902",en,2006-05-18,https://www.gutenberg.org/files/18418/18418-h/18418-h.htm,166206
5909,"The History of Don Quixote, Volume 1, Part 07","Cervantes Saavedra, Miguel de, 1547-1616; Doré, Gustave, 1832-1883 [Illustrator]; Ormsby, John, 1829-1895 [Translator]",en,2004-06-01,https://www.gutenberg.org/files/5909/5909-h/5909-h.htm,22075
3951,Cinq Mars — Volume 5,"Vigny, Alfred de, 1797-1863",en,2003-04-01,https://www.gutenberg.org/cache/epub/3951/pg3951.html,21355
57365,"Thames Valley Villages, Volume 1 (of 2)","Harper, Charles G. (Charles George), 1863-1943; Campbell, W. S. [Illustrator]",en,2018-06-23,https://www.gutenberg.org/files/57365/57365-h/57365-h.htm,51522
13014,"The Talking Deaf Man
A Method Proposed, Whereby He Who is Born Deaf, May Learn to Speak","Amman, Johann Conrad, 1669-1724; Foot, Daniel, active 1693 [Translator]",en,2004-07-24,https://www.gutenberg.org/cache/epub/13014/pg13014.html,10030
27115,The Cattle-Baron's Daughter,"Bindloss, Harold, 1866-1945",en,2008-11-01,https://www.gutenberg.org/files/27115/27115-h/27115-h.htm,108525
24368,'My Beloved Poilus',"Warner, Agnes",en,2008-01-20,https://www.gutenberg.org/files/24368/24368-h/24368-h.htm,20500
58223,"Harper's Young People, June 20, 1882
An Illustrated Weekly",Various,en,2018-11-03,https://www.gutenberg.org/files/58223/58223-h/58223-h.htm,18121
19528,Sixty Years of California Song,"Alverson, Margaret Blake, 1836-1923",en,2006-10-12,https://www.gutenberg.org/files/19528/19528-h/19528-h.htm,111530
18675,"Modern Skepticism: A Journey Through the Land of Doubt and Back Again
A Life Story","Barker, Joseph, 1806-1875",en,2006-06-24,https://www.gutenberg.org/files/18675/18675-h/18675-h.htm,179990
1946,On War,"Clausewitz, Carl von, 1780-1831; Graham, J. J. (James John) [Translator]",en,2006-02-26,https://www.gutenberg.org/files/1946/1946-h/1946-h.htm,295738
27499,Folk-lore and Legends: German,Anonymous,en,2008-12-11,https://www.gutenberg.org/files/27499/27499-h/27499-h.htm,42109
11014,Christmas in Legend and Story: A Book for Boys and Girls,"Smith, Elva Sophronia, 1871-1965",en,2004-02-01,https://www.gutenberg.org/cache/epub/11014/pg11014.html,48881
64174,Wireless Telegraph Construction For Amateurs,"Morgan, Alfred Powell, 1889-1972",en,2020-12-30,https://www.gutenberg.org/files/64174/64174-h/64174-h.htm,57961
28173,"Three Young Pioneers
A Story of the Early Settlement of Our Country","Mueller, John Theodore, 1885-1967",en,2009-02-24,https://www.gutenberg.org/cache/epub/28173/pg28173.html,24048
67059,Hey Rub-a-dub-dub: A Book of the Mystery and Wonder and Terror of Life,"Dreiser, Theodore, 1871-1945",en,2021-12-31,https://www.gutenberg.org/files/67059/67059-h/67059-h.htm,102984
7039,"The Angel Adjutant of ""Twice Born Men""","Carpenter, Minnie Lindsay Rowell, 1874-1960",en,2004-12-01,https://www.gutenberg.org/files/7039/7039-h/7039-h.htm,59711
7440,The Koran (Al-Qur'an),"Sale, George, 1697?-1736 [Translator]",en,2005-02-01,https://www.gutenberg.org/cache/epub/7440/pg7440.html,432607
5369,Richard Carvel — Volume 05,"Churchill, Winston, 1871-1947",en,2004-10-18,https://www.gutenberg.org/cache/epub/5369/pg5369.html,27868
19418,Confessions of Boyhood,"Albee, John, 1833-1915",en,2006-10-01,https://www.gutenberg.org/files/19418/19418-h/19418-h.htm,53705
69657,Itinerarium curiosum (centuria I),"Stukeley, William, 1687-1765",en,2022-12-29,https://www.gutenberg.org/files/69657/69657-h/69657-h.htm,141321
28630,"The Atlantic Monthly, Volume 20, No. 122, December, 1867
A Magazine of Literature, Science, Art, and Politics",Various,en,2009-04-28,https://www.gutenberg.org/files/28630/28630-h/28630-h.htm,86188
1999,Crome Yellow,"Huxley, Aldous, 1894-1963",en,1999-12-01,https://www.gutenberg.org/files/1999/1999-h/1999-h.htm,58666
36530,"Blackwood's Edinburgh Magazine, Volume 60, No. 372, October 1846",Various,en,2011-06-27,https://www.gutenberg.org/files/36530/36530-h/36530-h.htm,89932
39084,William Hickling Prescott,"Peck, Harry Thurston, 1856-1914",en,2012-03-09,https://www.gutenberg.org/files/39084/39084-h/39084-h.htm,55404
8674,"Charles O'Malley, The Irish Dragoon, Volume 2","Lever, Charles James, 1806-1872",en,2007-02-02,https://www.gutenberg.org/files/8674/8674-h/8674-h.htm,169813
17721,"The Bay State Monthly, Volume 3, No. 1",Various,en,2006-02-09,https://www.gutenberg.org/files/17721/17721-h/17721-h.htm,40008
16101,Diane of the Green Van,"Dalrymple, Leona, 1884-1968; Birch, Reginald B. (Reginald Bathurst), 1856-1943 [Illustrator]",en,2005-06-21,https://www.gutenberg.org/files/16101/16101-h/16101-h.htm,86640
70739,Burning truths from Billy's bat,"Sunday, Billy, 1862-1935; Pallen, Joseph [Compiler]",en,2023-05-11,https://www.gutenberg.org/files/70739/70739-h/70739-h.htm,20971
16298,"Historic Tales: The Romance of Reality. Vol. 01 (of 15), American (1)","Morris, Charles, 1833-1922",en,2005-07-15,https://www.gutenberg.org/files/16298/16298-h/16298-h.htm,87745
11507,The Lure of San Francisco: A Romance Amid Old Landmarks,"Potter, Elizabeth Gray; Gray, Mabel Thayer",en,2004-03-01,https://www.gutenberg.org/cache/epub/11507/pg11507.html,21273
3589,Essays of Michel de Montaigne — Volume 09,"Montaigne, Michel de, 1533-1592; Hazlitt, William Carew, 1834-1913 [Editor]; Cotton, Charles, 1630-1687 [Translator]",en,2004-11-01,https://www.gutenberg.org/cache/epub/3589/pg3589.html,20578
70697,Mousey,"Stooke, Eleanora H.",en,2023-05-04,https://www.gutenberg.org/files/70697/70697-h/70697-h.htm,43345
20630,The Borough Treasurer,"Fletcher, J. S. (Joseph Smith), 1863-1935",en,2007-02-19,https://www.gutenberg.org/files/20630/20630-h/20630-h.htm,79149
2696,Elsie Venner,"Holmes, Oliver Wendell, 1809-1894",en,2004-09-28,https://www.gutenberg.org/files/2696/2696-h/2696-h.htm,142928
9910,"Canadian Notabilities, Volume 1","Dent, John Charles, 1841-1888",en,2006-02-01,https://www.gutenberg.org/cache/epub/9910/pg9910.html,47529
3457,The Man of the Forest,"Grey, Zane, 1872-1939",en,2002-10-01,https://www.gutenberg.org/files/3457/3457-h/3457-h.htm,120000
57518,Catalogue of the Retrospective Loan Exhibition of European Tapestries,"San Francisco Museum of Art; Ackerman, Phyllis, 1893-1977; Laurvik, J. Nilsen (John Nilsen), 1877- [Author of introduction, etc.]",en,2018-07-16,https://www.gutenberg.org/files/57518/57518-h/57518-h.htm,28238
1799,Cymbeline,"Shakespeare, William, 1564-1616",en,1999-06-01,https://www.gutenberg.org/cache/epub/1799/pg1799.html,30809
37212,The Discards,"McWhorter, Lucullus Virgil, 1860-1944",en,2011-08-25,https://www.gutenberg.org/files/37212/37212-h/37212-h.htm,10364
35614,Palos of the Dog Star Pack,"Giesy, J. U. (John Ulrich), 1877-1947",en,2011-03-19,https://www.gutenberg.org/files/35614/35614-h/35614-h.htm,71489
32565,Aletta: A Tale of the Boer Invasion,"Mitford, Bertram, 1855-1914",en,2010-05-28,https://www.gutenberg.org/files/32565/32565-h/32565-h.htm,90251
6036,The Kasîdah of Hâjî Abdû El-Yezdî,"Burton, Richard Francis, Sir, 1821-1890",en,2004-07-01,https://www.gutenberg.org/files/6036/6036-h/6036-h.htm,18574
22191,Half a Hero: A Novel,"Hope, Anthony, 1863-1933",en,2007-08-01,https://www.gutenberg.org/files/22191/22191-h/22191-h.htm,65535
24436,Anything You Can Do ...,"Garrett, Randall, 1927-1987",en,2008-01-26,https://www.gutenberg.org/files/24436/24436-h/24436-h.htm,54991
20091,No Surrender! A Tale of the Rising in La Vendee,"Henty, G. A. (George Alfred), 1832-1902; Wood, Stanley L., 1866-1928 [Illustrator]",en,2006-12-11,https://www.gutenberg.org/files/20091/20091-h/20091-h.htm,112528
3620,Geological Observations on South America,"Darwin, Charles, 1809-1882",en,2003-01-01,https://www.gutenberg.org/files/3620/3620-h/3620-h.htm,137971
14885,Red Pottage,"Cholmondeley, Mary, 1859-1925",en,2005-02-02,https://www.gutenberg.org/files/14885/14885-h/14885-h.htm,118258
28719,"Fishing in British Columbia
With a Chapter on Tuna Fishing at Santa Catalina","Lambert, Thomas Wilson",en,2009-05-08,https://www.gutenberg.org/files/28719/28719-h/28719-h.htm,34360
26434,"The Boys of Crawford's Basin
The Story of a Mountain Ranch in the Early Days of Colorado","Hamp, Sidford F. (Sidford Frederick), 1855-1919; Emerson, Chase [Illustrator]",en,2008-08-26,https://www.gutenberg.org/files/26434/26434-h/26434-h.htm,68488
37215,The Argus Pheasant,"Beecham, John Charles; Gage, George W., 1887-1957 [Illustrator]",en,2011-08-26,https://www.gutenberg.org/files/37215/37215-h/37215-h.htm,72287
16619,"Punch, or the London Charivari, Vol. 159, 1920-07-28",Various,en,2005-08-29,https://www.gutenberg.org/files/16619/16619-h/16619-h.htm,13476
70,What Is Man? and Other Essays,"Twain, Mark, 1835-1910",en,2004-09-13,https://www.gutenberg.org/files/70/70-h/70-h.htm,97914
21635,Prudence Says So,"Hueston, Ethel, 1887-1971",en,2007-05-28,https://www.gutenberg.org/files/21635/21635-h/21635-h.htm,55894
25703,"Northern Nut Growers Association Report of the Proceedings at the 44th Annual Meeting
Rochester, N.Y. August 31 and September 1, 1953",Northern Nut Growers Association [Editor],en,2008-06-05,https://www.gutenberg.org/cache/epub/25703/pg25703.html,85623
71675,"Transactions of the American Society of Civil Engineers, vol. LXXII, June, 1911","Cain, Wm. (William), 1847-1930",en,2023-09-18,https://www.gutenberg.org/files/71675/71675-h/71675-h.htm,27253
7075,The Idol of Paris,"Bernhardt, Sarah, 1844-1923",en,2004-12-01,https://www.gutenberg.org/cache/epub/7075/pg7075.html,68018
59427,"Gleanings in Bee Culture, Vol. III. No. 3","Various; Root, A. I. (Amos Ives), 1839-1923 [Editor]",en,2019-05-03,https://www.gutenberg.org/files/59427/59427-h/59427-h.htm,20513
20065,"Twenty Years of Congress, Volume 2
From Lincoln to Garfield, with a Review of the Events Which Led to the Political Revolution of 1860","Blaine, James Gillespie, 1830-1893",en,2006-12-08,https://www.gutenberg.org/cache/epub/20065/pg20065.html,303812
15050,"Scientific American Supplement, No. 810, July 11, 1891",Various,en,2005-02-14,https://www.gutenberg.org/files/15050/15050-h/15050-h.htm,42566
59816,Tom Slade with the Flying Corps: A Campfire Tale,"Fitzhugh, Percy Keese, 1876-1950; Owen, Robert Emmett, 1878-1957 [Illustrator]",en,2019-06-26,https://www.gutenberg.org/files/59816/59816-h/59816-h.htm,48091
6186,"Northern Lights, Volume 1.","Parker, Gilbert, 1862-1932",en,2004-07-01,https://www.gutenberg.org/cache/epub/6186/pg6186.html,24307
70123,"A Yankee in Canada, with Anti-slavery and reform papers.","Thoreau, Henry David, 1817-1862; Emerson, Ralph Waldo, 1803-1882 [Contributor]; Channing, William Ellery, 1817-1901 [Editor]; Thoreau, Sophia E., 1819-1876 [Editor]",en,2023-02-23,https://www.gutenberg.org/files/70123/70123-h/70123-h.htm,87737
474,"How to Tell Stories to Children, and Some Stories to Tell","Bryant, Sara Cone, 1873-1956",en,2005-02-18,https://www.gutenberg.org/files/474/474-h/474-h.htm,56634
3559,Memoirs of Napoleon Bonaparte — Volume 09,"Bourrienne, Louis Antoine Fauvelet de, 1769-1834; Phipps, Ramsay Weston, 1838-1923 [Editor]",en,2002-12-01,https://www.gutenberg.org/cache/epub/3559/pg3559.html,32533
39554,The House That Grew,"Molesworth, Mrs., 1839-1921; Woodward, Alice B., 1862-1951 [Illustrator]",en,2012-04-28,https://www.gutenberg.org/files/39554/39554-h/39554-h.htm,46139
8076,The History of David Grieve,"Ward, Humphry, Mrs., 1851-1920",en,2005-05-01,https://www.gutenberg.org/files/8076/8076-h/8076-h.htm,292209
29404,The Very Small Person,"Donnell, Annie Hamilton, 1862-1943; Elliott, Elizabeth Shippen Green, 1871-1954 [Illustrator]",en,2009-07-13,https://www.gutenberg.org/files/29404/29404-h/29404-h.htm,29593
13319,The Return of Peter Grimm,"Belasco, David, 1853-1931; Moses, Montrose Jonas, 1878-1934 [Editor]",en,2004-08-29,https://www.gutenberg.org/cache/epub/13319/pg13319.html,35145
38645,Minstrel Weather,"Storm, Marian, 1892?-1975; Balmer, Clinton, 1879-1967 [Illustrator]",en,2012-01-23,https://www.gutenberg.org/files/38645/38645-h/38645-h.htm,17161
35205,Who?,"Kent, Elizabeth, 1875-1947; Cassel, John Harmon, 1872-1961 [Illustrator]",en,2011-02-07,https://www.gutenberg.org/files/35205/35205-h/35205-h.htm,64640
10511,A Rogue by Compulsion: An Affair of the Secret Service,"Bridges, Victor, 1878-1972",en,2003-12-01,https://www.gutenberg.org/cache/epub/10511/pg10511.html,110967
33040,Bye-Ways,"Hichens, Robert, 1864-1950",en,2010-07-01,https://www.gutenberg.org/files/33040/33040-h/33040-h.htm,78346
9195,The Slave of the Lamp,"Merriman, Henry Seton, 1862-1903",en,2005-10-01,https://www.gutenberg.org/files/9195/9195-h/9195-h.htm,77781
166,Summer,"Wharton, Edith, 1862-1937",en,2006-03-12,https://www.gutenberg.org/files/166/166-h/166-h.htm,57949
7601,The Caxtons: A Family Picture — Volume 15,"Lytton, Edward Bulwer Lytton, Baron, 1803-1873",en,2005-03-01,https://www.gutenberg.org/cache/epub/7601/pg7601.html,11058
69196,Muckle John,"Watson, Frederick, 1885-1935; Stewart, Allan, 1865-1951 [Illustrator]",en,2022-10-21,https://www.gutenberg.org/files/69196/69196-h/69196-h.htm,69369
17030,Super Man and the Bug Out,"Doctorow, Cory, 1971-",en,2005-11-20,https://www.gutenberg.org/cache/epub/17030/pg17030.html,11094
71266,The boke of Saint Albans,"Berners, Juliana, 1388?-; Blades, William, 1824-1890 [Author of introduction, etc.]",en,2023-07-24,https://www.gutenberg.org/files/71266/71266-h/71266-h.htm,53330
22150,"The Theories of Darwin and Their Relation to Philosophy, Religion, and Morality","Schmid, Rudolf, 1828-1907; Zimmermann, G. A. (Gustav Adolf), 1850-1903 [Translator]",en,2007-07-26,https://www.gutenberg.org/files/22150/22150-h/22150-h.htm,113121
36496,"On the cattle plague: or, Contagious typhus in horned cattle. Its history, origin, description, and treatment","Bourguignon, Honoré",en,2011-06-22,https://www.gutenberg.org/files/36496/36496-h/36496-h.htm,78873
38820,"The Strand Magazine, Vol. 27, No. 161, May 1904",Various,en,2012-02-10,https://www.gutenberg.org/files/38820/38820-h/38820-h.htm,67925
9365,"The Works of Charles and Mary Lamb — Volume 5
The Letters of Charles and Mary Lamb, 1796-1820","Lamb, Charles, 1775-1834; Lamb, Mary, 1764-1847; Lucas, E. V. (Edward Verrall), 1868-1938 [Editor]",en,2005-11-01,https://www.gutenberg.org/cache/epub/9365/pg9365.html,238974
26439,"The Quarterly Review, Volume 162, No. 324, April, 1886",Various,en,2008-08-27,https://www.gutenberg.org/files/26439/26439-h/26439-h.htm,138952
26030,The Automobilist Abroad,"Mansfield, M. F. (Milburg Francisco), 1871-",en,2008-07-11,https://www.gutenberg.org/files/26030/26030-h/26030-h.htm,77069
6119,An Outback Marriage: A Story of Australian Life,"Paterson, A. B. (Andrew Barton), 1864-1941",en,2004-07-01,https://www.gutenberg.org/files/6119/6119-h/6119-h.htm,69950
3642,The Belgian Twins,"Perkins, Lucy Fitch, 1865-1937",en,2003-01-01,https://www.gutenberg.org/files/3642/3642-h/3642-h.htm,23382
70777,Porto Bello gold,"Smith, Arthur D. Howden (Arthur Douglas Howden), 1887-1945; Stevenson, Robert Louis, 1850-1894 [Other]",en,2023-05-16,https://www.gutenberg.org/files/70777/70777-h/70777-h.htm,110134
8425,Caesar: A Sketch,"Froude, James Anthony, 1818-1894",en,2005-07-01,https://www.gutenberg.org/files/8425/8425-h/8425-h.htm,162842
33445,Naval Warfare,"Thursfield, James R. (James Richard), 1840-1923",en,2010-08-16,https://www.gutenberg.org/files/33445/33445-h/33445-h.htm,40405
56584,Daily Training,"Benson, E. F. (Edward Frederic), 1867-1940; Miles, Eustace, 1868-1948",en,2018-02-17,https://www.gutenberg.org/files/56584/56584-h/56584-h.htm,47435
5414,The Memoirs of Count Grammont — Volume 06,"Hamilton, Anthony, Count, 1646?-1720; Scott, Walter, 1771-1832 [Editor]",en,2004-12-04,https://www.gutenberg.org/cache/epub/5414/pg5414.html,17817
7727,The Last of the Barons — Complete,"Lytton, Edward Bulwer Lytton, Baron, 1803-1873",en,2004-11-26,https://www.gutenberg.org/files/7727/7727-h/7727-h.htm,265183
33963,The Valiants of Virginia,"Rives, Hallie Erminie, 1876-1956; Castaigne, J. André, 1861-1929 [Illustrator]",en,2010-09-29,https://www.gutenberg.org/files/33963/33963-h/33963-h.htm,99121
2101,History of Friedrich II of Prussia — Volume 01,"Carlyle, Thomas, 1795-1881",en,2008-06-16,https://www.gutenberg.org/files/2101/2101-h/2101-h.htm,19116
16339,The Passenger from Calais,"Griffiths, Arthur, 1838-1908",en,2005-07-21,https://www.gutenberg.org/files/16339/16339-h/16339-h.htm,58562
4670,Lightfoot the Deer,"Burgess, Thornton W. (Thornton Waldo), 1874-1965",en,2003-11-01,https://www.gutenberg.org/files/4670/4670-h/4670-h.htm,21265
62163,"David Morgan, the Welsh Jacobite
a contribution to the history of Jacobitism in Wales","Llewellin, W. (William), active 1811-1841",en,2020-05-17,https://www.gutenberg.org/files/62163/62163-h/62163-h.htm,13778
29621,Wild Justice: Stories of the South Seas,"Osbourne, Lloyd, 1868-1947",en,2009-08-06,https://www.gutenberg.org/files/29621/29621-h/29621-h.htm,89546
57998,"On Sameness and Identity: A Psychological Study
Being a Contribution to the Foundations of a Theory of Knowledge","Fullerton, George Stuart, 1859-1925",en,2018-10-01,https://www.gutenberg.org/files/57998/57998-h/57998-h.htm,52501
22800,Mary Wollstonecraft,"Pennell, Elizabeth Robins, 1855-1936",en,2007-09-29,https://www.gutenberg.org/files/22800/22800-h/22800-h.htm,107594
71454,Guide to the study of animal ecology,"Adams, Charles C. (Charles Christopher), 1873-1955",en,2023-08-20,https://www.gutenberg.org/files/71454/71454-h/71454-h.htm,48464
1570,The Power of Concentration,"Dumont, Theron Q.",en,1998-12-01,https://www.gutenberg.org/cache/epub/1570/pg1570.html,40256
20493,Stories and Sketches,"Caswell, Harriet S. (Harriet Sophia), 1834-1910",en,2007-01-31,https://www.gutenberg.org/files/20493/20493-h/20493-h.htm,43322
31139,The Plow-Woman,"Gates, Eleanor, 1875-1951",en,2010-01-31,https://www.gutenberg.org/files/31139/31139-h/31139-h.htm,91859
27324,Where Deep Seas Moan,"Robin, E. Gallienne",en,2008-11-24,https://www.gutenberg.org/files/27324/27324-h/27324-h.htm,20867
4811,The Rise of the Dutch Republic — Complete (1555-66),"Motley, John Lothrop, 1814-1877",en,2004-11-07,https://www.gutenberg.org/files/4811/4811-h/4811-h.htm,188142
25400,Colleges in America,"Barker, John Marshall, 1849-1928",en,2008-05-09,https://www.gutenberg.org/files/25400/25400-h/25400-h.htm,40951
3912,The Confessions of Jean Jacques Rousseau — Volume 12,"Rousseau, Jean-Jacques, 1712-1778",en,2004-12-06,https://www.gutenberg.org/cache/epub/3912/pg3912.html,29885
33846,The Tent Dwellers,"Paine, Albert Bigelow, 1861-1937; Watson, Hy S. (Henry Summer), 1868-1933 [Illustrator]",en,2010-10-07,https://www.gutenberg.org/files/33846/33846-h/33846-h.htm,50549
33702,The Story of Sir Launcelot and His Companions,"Pyle, Howard, 1853-1911",en,2010-09-10,https://www.gutenberg.org/files/33702/33702-h/33702-h.htm,134947
16160,"The Treasury of Ancient Egypt
Miscellaneous Chapters on Ancient Egyptian History and Archaeology","Weigall, Arthur E. P. Brome (Arthur Edward Pearse Brome), 1880-1934",en,2005-07-01,https://www.gutenberg.org/files/16160/16160-h/16160-h.htm,78849
5784,A Tramp Abroad — Volume 03,"Twain, Mark, 1835-1910",en,2004-06-18,https://www.gutenberg.org/files/5784/5784-h/5784-h.htm,19648
36975,The Lost Heir,"Henty, G. A. (George Alfred), 1832-1902",en,2011-08-05,https://www.gutenberg.org/files/36975/36975-h/36975-h.htm,122887
2760,Celebrated Crimes (Complete),"Dumas, Alexandre, 1802-1870",en,2004-09-22,https://www.gutenberg.org/cache/epub/2760/pg2760.html,627082
19522,Tom Slade at Temple Camp,"Fitzhugh, Percy Keese, 1876-1950",en,2006-10-10,https://www.gutenberg.org/files/19522/19522-h/19522-h.htm,41459
32563,The Lost Warship,"Williams, Robert Moore, 1907-1977",en,2010-05-28,https://www.gutenberg.org/files/32563/32563-h/32563-h.htm,26668
8402,East and West: Poems,"Harte, Bret, 1836-1902",en,2005-07-01,https://www.gutenberg.org/files/8402/8402-h/8402-h.htm,13343
34270,Barbara Ladd,"Roberts, Charles G. D., Sir, 1860-1943; Ver Beck, Frank, 1858-1933 [Illustrator]",en,2010-11-10,https://www.gutenberg.org/files/34270/34270-h/34270-h.htm,84574
4996,Number Seventeen,"Tracy, Louis, 1863-1928",en,2004-01-01,https://www.gutenberg.org/files/4996/4996-h/4996-h.htm,70329
10420,The Principles of Success in Literature,"Lewes, George Henry, 1817-1878",en,2003-12-01,https://www.gutenberg.org/cache/epub/10420/pg10420.html,42512
37153,Queen Victoria,"Strachey, Lytton, 1880-1932",en,2011-08-21,https://www.gutenberg.org/files/37153/37153-h/37153-h.htm,94174
9907,"The Raid from Beausejour; and How the Carter Boys Lifted the Mortgage
Two Stories of Acadie","Roberts, Charles G. D., Sir, 1860-1943",en,2006-02-01,https://www.gutenberg.org/files/9907/9907-h/9907-h.htm,35026
32119,"The Scrap Book. Volume 1, No. 2
April 1906",Various,en,2010-04-24,https://www.gutenberg.org/files/32119/32119-h/32119-h.htm,60532
24133,"The Long Run
1916","Wharton, Edith, 1862-1937",en,2008-01-03,https://www.gutenberg.org/files/24133/24133-h/24133-h.htm,12067
13135,Pardners,"Beach, Rex, 1877-1949",en,2004-08-08,https://www.gutenberg.org/cache/epub/13135/pg13135.html,43422
5754,"Lysbeth, a Tale of the Dutch","Haggard, H. Rider (Henry Rider), 1856-1925",en,2006-04-22,https://www.gutenberg.org/files/5754/5754-h/5754-h.htm,159300
5621,Baron d'Holbach : a Study of Eighteenth Century Radicalism in France,"Cushing, Max Pearson, 1886-1951",en,2004-05-01,https://www.gutenberg.org/files/5621/5621-h/5621-h.htm,34815
20844,"Critical Miscellanies (Vol. 3 of 3), Essay 5: On Pattison's Memoirs","Morley, John, 1838-1923",en,2007-03-17,https://www.gutenberg.org/files/20844/20844-h/20844-h.htm,11279
10048,"Billie Bradley and Her Inheritance; Or, The Queer Homestead at Cherry Corners","Wheeler, Janet D.",en,2003-11-01,https://www.gutenberg.org/cache/epub/10048/pg10048.html,42392
9795,The Four Faces: A Mystery,"Le Queux, William, 1864-1927",en,2006-01-01,https://www.gutenberg.org/cache/epub/9795/pg9795.html,92986
58677,"A Parisian Sultana, Vol. 1 (of 3)","Belot, Adolphe, 1829-1890; Dunstan, H. Mainwaring [Translator]",en,2019-01-12,https://www.gutenberg.org/cache/epub/58677/pg58677.html,83506
19566,"Fables of Infidelity and Facts of Faith
Being an Examination of the Evidences of Infidelity","Patterson, Robert, 1829-1885",en,2006-10-17,https://www.gutenberg.org/files/19566/19566-h/19566-h.htm,177275
4896,"Life and Death of John of Barneveld, Advocate of Holland : with a view of the primary causes and movements of the Thirty Years' War, 1618-19","Motley, John Lothrop, 1814-1877",en,2004-01-01,https://www.gutenberg.org/cache/epub/4896/pg4896.html,31113
18424,A Midsummer Holiday and Other Poems,"Swinburne, Algernon Charles, 1837-1909",en,2006-05-19,https://www.gutenberg.org/files/18424/18424-h/18424-h.htm,19100
36312,Witchcraft of New England Explained by Modern Spiritualism,"Putnam, Allen, 1802-1887",en,2011-06-03,https://www.gutenberg.org/files/36312/36312-h/36312-h.htm,140904
36864,School Reading by Grades: Sixth Year,"Baldwin, James, 1841-1925",en,2011-07-26,https://www.gutenberg.org/files/36864/36864-h/36864-h.htm,58809
59093,The Great Sieges of History,"Robson, William, 1785-1863; Gilbert, John, 1817-1897 [Illustrator]",en,2019-03-19,https://www.gutenberg.org/files/59093/59093-h/59093-h.htm,243443
28981,"Adventures in the Rifle Brigade, in the Peninsula, France, and the Netherlands
from 1809 to 1815","Kincaid, J. (John), 1787-1862",en,2009-05-29,https://www.gutenberg.org/files/28981/28981-h/28981-h.htm,63788
6906,The Lost Trail,"Ellis, Edward Sylvester, 1840-1916",en,2004-11-01,https://www.gutenberg.org/files/6906/6906-h/6906-h.htm,68446
25928,"Norman Vallery; or, How to Overcome Evil with Good","Kingston, William Henry Giles, 1814-1880",en,2008-06-29,https://www.gutenberg.org/files/25928/25928-h/25928-h.htm,67344
3162,The Enchanted Typewriter,"Bangs, John Kendrick, 1862-1922",en,2002-04-01,https://www.gutenberg.org/files/3162/3162-h/3162-h.htm,28154
21560,Papers on Health,"Kirk, John, 1813-1886; Kirk, Edward Bruce [Editor]",en,2007-05-21,https://www.gutenberg.org/files/21560/21560-h/21560-h.htm,122688
10439,"From Yauco to Las Marias
A recent campaign in Puerto Rico by the Independent Regular Brigade under the command of Brig. General Schwan","Herrman, Karl Stephen",en,2003-12-01,https://www.gutenberg.org/cache/epub/10439/pg10439.html,16928
8268,The World English Bible (WEB): Mark,Anonymous,en,2005-06-01,https://www.gutenberg.org/cache/epub/8268/pg8268.html,16069
15651,"His Grace of Osmonde
Being the Portions of That Nobleman's Life Omitted in the Relation of His Lady's Story Presented to the World of Fashion under the Title of A Lady of Quality","Burnett, Frances Hodgson, 1849-1924",en,2005-04-18,https://www.gutenberg.org/files/15651/15651-h/15651-h.htm,107764
31710,The Hills and the Vale,"Jefferies, Richard, 1848-1887; Thomas, Edward, 1878-1917 [Author of introduction, etc.]",en,2010-03-20,https://www.gutenberg.org/files/31710/31710-h/31710-h.htm,90909
34216,Notes of a staff officer of our First New Jersey Brigade on the Seven Day's Battle on the peninsula in 1862,"Grubb, E. Burd (Edward Burd), 1841-1913",en,2010-11-05,https://www.gutenberg.org/files/34216/34216-h/34216-h.htm,13414
38811,"The Works of Robert G. Ingersoll, Vol. 11 (of 12)
Dresden Edition—Miscellany","Ingersoll, Robert Green, 1833-1899",en,2012-02-09,https://www.gutenberg.org/files/38811/38811-h/38811-h.htm,166037
17511,Foch the Man: A Life of the Supreme Commander of the Allied Armies,"Laughlin, Clara E. (Clara Elizabeth), 1873-1941",en,2006-01-14,https://www.gutenberg.org/files/17511/17511-h/17511-h.htm,31315
58857,"The Works of William Harvey M.D.
Translated from the Latin with a life of the author","Harvey, William, 1578-1657; Willis, Robert, 1799-1878 [Translator]",en,2019-02-10,https://www.gutenberg.org/files/58857/58857-h/58857-h.htm,270653
23157,Other People's Business: The Romantic Career of the Practical Miss Dale,"Smith, Harriet L. (Harriet Lummis), 1866-1947",en,2007-10-23,https://www.gutenberg.org/cache/epub/23157/pg23157.html,73320
20515,The Eagle of the Empire: A Story of Waterloo,"Brady, Cyrus Townsend, 1861-1920",en,2007-02-04,https://www.gutenberg.org/files/20515/20515-h/20515-h.htm,82803
36330,A Word to Women,"Humphry, Mrs., -1925",en,2011-06-05,https://www.gutenberg.org/files/36330/36330-h/36330-h.htm,32741
59166,Common Sense for Housemaids,"Tytler, Ann Fraser, 1783-1857",en,2019-03-31,https://www.gutenberg.org/files/59166/59166-h/59166-h.htm,24546
39451,A History of the Inquisition of the Middle Ages; volume I,"Lea, Henry Charles, 1825-1909",en,2012-04-14,https://www.gutenberg.org/files/39451/39451-h/39451-h.htm,245174
7723,The Last of the Barons — Volume 09,"Lytton, Edward Bulwer Lytton, Baron, 1803-1873",en,2005-03-01,https://www.gutenberg.org/cache/epub/7723/pg7723.html,34494
53777,"Cussons' Horncastle Compendium, 1837","Cussons, David, 1805-1882",en,2016-12-20,https://www.gutenberg.org/files/53777/53777-h/53777-h.htm,12478
11017,"Samuel F. B. Morse, His Letters and Journals
In Two Volumes, Volume I.","Morse, Samuel Finley Breese, 1791-1872; Morse, Edward Lind, 1857-1923 [Editor]",en,2004-02-01,https://www.gutenberg.org/cache/epub/11017/pg11017.html,131395
21713,The Young Trawler,"Ballantyne, R. M. (Robert Michael), 1825-1894",en,2007-06-06,https://www.gutenberg.org/files/21713/21713-h/21713-h.htm,91647
49686,Little Prudy's Cousin Grace,"May, Sophie, 1833-1906",en,2015-08-11,https://www.gutenberg.org/cache/epub/49686/pg49686.html,23740
2718,The Chaperon,"James, Henry, 1843-1916",en,2001-07-01,https://www.gutenberg.org/files/2718/2718-h/2718-h.htm,16935
22353,Early Theories of Translation,"Amos, Flora Ross, 1881-",en,2007-08-18,https://www.gutenberg.org/files/22353/22353-h/22353-h.htm,57378
33819,"Pictures of German Life in the XVIIIth and XIXth Centuries, Vol. II.","Freytag, Gustav, 1816-1895; Malcolm, Mrs. (Georgina) [Translator]",en,2010-09-29,https://www.gutenberg.org/files/33819/33819-h/33819-h.htm,94535
20008,The Young Duke,"Disraeli, Benjamin, Earl of Beaconsfield, 1804-1881",en,2006-12-03,https://www.gutenberg.org/files/20008/20008-h/20008-h.htm,114072
18498,King John of Jingalo: The Story of a Monarch in Difficulties,"Housman, Laurence, 1865-1959",en,2006-06-04,https://www.gutenberg.org/files/18498/18498-h/18498-h.htm,122111
33606,The Fairy School of Castle Frank,"Balfour, Grant, 1853-1940",en,2010-09-02,https://www.gutenberg.org/files/33606/33606-h/33606-h.htm,11847
21644,Every Man for Himself,"Moorhouse, Herbert Joseph, 1882-",en,2007-05-30,https://www.gutenberg.org/cache/epub/21644/pg21644.html,78930
19825,Herself: Talks with Women Concerning Themselves,"Lowry, E. B. (Edith Belle), 1878-1945",en,2006-11-16,https://www.gutenberg.org/files/19825/19825-h/19825-h.htm,39256
2688,The Clue of the Twisted Candle,"Wallace, Edgar, 1875-1932",en,2001-06-01,https://www.gutenberg.org/files/2688/2688-h/2688-h.htm,58299
10495,Under King Constantine,"Trask, Katrina, 1853-1922",en,2003-12-01,https://www.gutenberg.org/cache/epub/10495/pg10495.html,14708
3768,The Lamp and the Bell: A Drama In Five Acts,"Millay, Edna St. Vincent, 1892-1950",en,2003-02-01,https://www.gutenberg.org/files/3768/3768-h/3768-h.htm,15964
19846,"Encyclopaedia Britannica, 11th Edition, ""Bulgaria"" to ""Calgary""
Volume 4, Part 4",Various,en,2006-11-17,https://www.gutenberg.org/files/19846/19846-h/19846-h.htm,352308
37967,More Portmanteau Plays,"Walker, Stuart, 1888-1941; Bierstadt, Edward Hale, 1891-1970 [Editor]",en,2011-11-10,https://www.gutenberg.org/files/37967/37967-h/37967-h.htm,42972
21682,The field and garden vegetables of America,"Burr, Fearing, 1815-1897",en,2007-06-05,https://www.gutenberg.org/files/21682/21682-h/21682-h.htm,192093
39522,The Rulers of the Mediterranean,"Davis, Richard Harding, 1864-1916",en,2012-04-23,https://www.gutenberg.org/files/39522/39522-h/39522-h.htm,44391
5759,The Day of the Dog,"McCutcheon, George Barr, 1866-1928",en,2004-05-01,https://www.gutenberg.org/cache/epub/5759/pg5759.html,14373
71169,"Illustrations of political economy, Volume 3 (of 9)","Martineau, Harriet, 1802-1876",en,2023-07-11,https://www.gutenberg.org/files/71169/71169-h/71169-h.htm,107101
36570,"The Heiress; a comedy, in five acts","Burgoyne, John, 1722-1792; Inchbald, Mrs., 1753-1821 [Commentator]",en,2011-06-30,https://www.gutenberg.org/files/36570/36570-h/36570-h.htm,23797
2909,The Eldest Son,"Galsworthy, John, 1867-1933",en,2004-09-26,https://www.gutenberg.org/files/2909/2909-h/2909-h.htm,15210
31167,"The Old Willow Tree, and Other Stories","Ewald, Carl, 1856-1908; Jacobs, Helen, 1888-1970 [Illustrator]; Lee, G. E. [Illustrator]; Teixeira de Mattos, Alexander, 1865-1921 [Translator]",en,2010-02-03,https://www.gutenberg.org/files/31167/31167-h/31167-h.htm,35345
71774,Children's books and reading,"Moses, Montrose Jonas, 1878-1934",en,2023-10-01,https://www.gutenberg.org/files/71774/71774-h/71774-h.htm,62903
2429,Lost Face,"London, Jack, 1876-1916",en,2000-12-01,https://www.gutenberg.org/files/2429/2429-h/2429-h.htm,42223
5716,Memoirs (Vieux Souvenirs) of the Prince de Joinville,"Joinville, François-Ferdinand-Philippe-Louis-Marie d'Orléans, prince de, 1818-1900; Loyd, Mary, Lady, 1853-1936 [Translator]",en,2004-05-01,https://www.gutenberg.org/cache/epub/5716/pg5716.html,114741
872,Reprinted Pieces,"Dickens, Charles, 1812-1870",en,1997-04-01,https://www.gutenberg.org/files/872/872-h/872-h.htm,93919
20447,"The Works of Robert G. Ingersoll, Volume VIII.
Interviews","Ingersoll, Robert Green, 1833-1899",en,2007-01-25,https://www.gutenberg.org/cache/epub/20447/pg20447.html,211902
29686,"The Fiery Totem
A Tale of Adventure in the Canadian North-West","Saxby, C. F. Argyll",en,2009-08-14,https://www.gutenberg.org/files/29686/29686-h/29686-h.htm,42457
705,The Roadmender,"Fairless, Michael, 1869-1901",en,1996-11-01,https://www.gutenberg.org/files/705/705-h/705-h.htm,25422
37236,The Tigress,"Warner, Anne, 1869-1913; Schabelitz, R. F. (Rudolph Frederick), 1884- [Illustrator]",en,2011-08-28,https://www.gutenberg.org/files/37236/37236-h/37236-h.htm,72664
11723,Among the Trees at Elmridge,"Church, Ella Rodman, 1831-1912",en,2004-03-01,https://www.gutenberg.org/files/11723/11723-h/11723-h.htm,65971
71282,Criminality and economic conditions,"Bonger, Willem Adriaan, 1876-1940; Lindsey, Edward, 1872-1943 [Author of introduction, etc.]; Norcross, Frank H. (Frank Herbert), 1869-1952 [Author of introduction, etc.]; Horton, Henry P. (Henry Pomeroy), 1869- [Translator]",en,2023-07-28,https://www.gutenberg.org/files/71282/71282-h/71282-h.htm,291315
70270,In exitu Israel,"Baring-Gould, S. (Sabine), 1834-1924",en,2023-03-12,https://www.gutenberg.org/files/70270/70270-h/70270-h.htm,76656
58124,"The historians' history of the world in twenty-five volumes, volume 06","Williams, Henry Smith, 1863-1943 [Editor]",en,2018-10-17,https://www.gutenberg.org/files/58124/58124-h/58124-h.htm,403888
13202,"""Co. Aytch,"" Maury Grays, First Tennessee Regiment
Or, A Side Show of the Big Show","Watkins, Samuel R. (Samuel Rush), 1839-1901",en,2004-08-17,https://www.gutenberg.org/cache/epub/13202/pg13202.html,85036
16587,"Historic Tales: The Romance of Reality. Vol. 05 (of 15), German","Morris, Charles, 1833-1922",en,2005-08-24,https://www.gutenberg.org/files/16587/16587-h/16587-h.htm,84860
24822,The Queen's Twin and Other Stories,"Jewett, Sarah Orne, 1849-1909",en,2008-03-13,https://www.gutenberg.org/cache/epub/24822/pg24822.html,48442
57660,"Joseph Pennell's Pictures of the Wonder of Work
Reproductions of a Series of Drawings, Etchings, and Lithographs, Made by Him about the World, 1881-1915, with Impressions and Notes by the Artist","Pennell, Joseph, 1857-1926",en,2018-08-08,https://www.gutenberg.org/files/57660/57660-h/57660-h.htm,10072
36768,Triumphs of Invention and Discovery in Art and Science,"Fyfe, J. Hamilton (James Hamilton), 1837-1880",en,2011-07-17,https://www.gutenberg.org/files/36768/36768-h/36768-h.htm,71114
37479,The Debit Account,"Onions, Oliver, 1873-1961",en,2011-09-19,https://www.gutenberg.org/files/37479/37479-h/37479-h.htm,66846
11084,"Sonny, a Christmas Guest","Stuart, Ruth McEnery, 1856-1917; Cory, Fanny Y., 1877-1972 [Illustrator]",en,2004-02-01,https://www.gutenberg.org/files/11084/11084-h/11084-h.htm,26278
35208,"On Canada's Frontier
Sketches of History, Sport, and Adventure and of the Indians, Missionaries, Fur-traders, and Newer Settlers of Western Canada","Ralph, Julian, 1853-1903; Remington, Frederic, 1861-1909 [Illustrator]",en,2011-02-07,https://www.gutenberg.org/files/35208/35208-h/35208-h.htm,72181
30927,Jack of No Trades,"Cottrell, Charles",en,2010-01-11,https://www.gutenberg.org/files/30927/30927-h/30927-h.htm,11434
36778,Twenty-Five Years in the Rifle Brigade,"Surtees, William, 1781-1830",en,2011-07-19,https://www.gutenberg.org/files/36778/36778-h/36778-h.htm,142256
36340,"From Chart House to Bush Hut
Being the Record of a Sailor's 7 Years in the Queensland Bush","Bryde, C. W.",en,2011-06-06,https://www.gutenberg.org/files/36340/36340-h/36340-h.htm,35882
26186,When the Birds Begin to Sing,"Graham, Winifred (Matilda Winifred Muriel); Piffard, Harold, 1867-1938 [Illustrator]",en,2008-08-04,https://www.gutenberg.org/files/26186/26186-h/26186-h.htm,59429
21404,From Powder Monkey to Admiral: A Story of Naval Adventure,"Kingston, William Henry Giles, 1814-1880; Webb, Archibald, 1887-1944 [Illustrator]",en,2007-05-09,https://www.gutenberg.org/files/21404/21404-h/21404-h.htm,122226
2595,Ramsey Milholland,"Tarkington, Booth, 1869-1946",en,2006-03-22,https://www.gutenberg.org/files/2595/2595-h/2595-h.htm,41080
35050,"Organizing and Building Up the Sunday School
Modern Sunday School Manuals","Hurlbut, Jesse Lyman, 1843-1930",en,2011-01-24,https://www.gutenberg.org/files/35050/35050-h/35050-h.htm,37274
37049,"Bell's Cathedrals: The Cathedral Church of Lichfield
A Description of Its Fabric and A Brief History of the Espicopal See","Clifton, A. B.",en,2011-08-12,https://www.gutenberg.org/files/37049/37049-h/37049-h.htm,43003
38413,The King of Schnorrers: Grotesques and Fantasies,"Zangwill, Israel, 1864-1926",en,2011-12-26,https://www.gutenberg.org/files/38413/38413-h/38413-h.htm,100508
41909,The Crimson Thread: An Adventure Story for Girls,"Snell, Roy J. (Roy Judson), 1878-1959",en,2013-01-24,https://www.gutenberg.org/files/41909/41909-h/41909-h.htm,50628
57206,"Morocco, Its People and Places","De Amicis, Edmondo, 1846-1908; Tilton, Caroline [Translator]",en,2018-05-25,https://www.gutenberg.org/files/57206/57206-h/57206-h.htm,96063
23231,Rich enough,"Lee, Hannah Farnham Sawyer, 1780-1865",en,2007-10-29,https://www.gutenberg.org/files/23231/23231-h/23231-h.htm,12653
11890,"Comrades of the Saddle; Or, The Young Rough Riders of the Plains","Webster, Frank V.",en,2004-04-01,https://www.gutenberg.org/cache/epub/11890/pg11890.html,39654
3934,Zibeline — Complete,"Massa, Philippe, marquis de, 1831-1911; Ranous, Dora Knowlton, 1859-1916 [Translator]",en,2004-10-30,https://www.gutenberg.org/files/3934/3934-h/3934-h.htm,38349
4761,The Cossacks: A Tale of 1852,"Tolstoy, Leo, graf, 1828-1910; Maude, Aylmer, 1858-1938 [Translator]; Maude, Louise, 1855-1939 [Translator]",en,2003-12-01,https://www.gutenberg.org/files/4761/4761-h/4761-h.htm,65446
16704,Adventures in Southern Seas: A Tale of the Sixteenth Century,"Forbes, George, 1849-1936",en,2005-09-16,https://www.gutenberg.org/cache/epub/16704/pg16704.html,68217
5761,"Two Trips to Gorilla Land and the Cataracts of the Congo, Volume 2","Burton, Richard Francis, Sir, 1821-1890",en,2004-05-01,https://www.gutenberg.org/files/5761/5761-h/5761-h.htm,78926
34515,"Lady Daisy, and Other Stories","Stewart, Caroline",en,2010-12-01,https://www.gutenberg.org/files/34515/34515-h/34515-h.htm,11482
42715,"Pompeii, Its Life and Art","Mau, August, 1840-1909; Kelsey, Francis W. (Francis Willey), 1858-1927 [Translator]",en,2013-05-16,https://www.gutenberg.org/files/42715/42715-h/42715-h.htm,186893
17755,"Scientific American Supplement, No. 717,  September  28, 1889",Various,en,2006-02-12,https://www.gutenberg.org/files/17755/17755-h/17755-h.htm,43578
6944,"The Heart of Mid-Lothian, Complete","Scott, Walter, 1771-1832",en,2004-08-21,https://www.gutenberg.org/files/6944/6944-h/6944-h.htm,243056
34454,The Secret Trails,"Roberts, Charles G. D., Sir, 1860-1943",en,2010-11-27,https://www.gutenberg.org/files/34454/34454-h/34454-h.htm,39715
1083,The Arrow of Gold: A Story Between Two Notes,"Conrad, Joseph, 1857-1924",en,1997-10-01,https://www.gutenberg.org/files/1083/1083-h/1083-h.htm,109808
17569,"The New York Subway, Its Construction and Equipment",Interborough Rapid Transit Company,en,2006-01-21,https://www.gutenberg.org/files/17569/17569-h/17569-h.htm,49670
71097,The unwelcome child,"Wright, Henry Clarke, 1797-1870",en,2023-07-03,https://www.gutenberg.org/files/71097/71097-h/71097-h.htm,35780
35420,"A System of Logic: Ratiocinative and Inductive, 7th Edition, Vol. I","Mill, John Stuart, 1806-1873",en,2011-02-27,https://www.gutenberg.org/files/35420/35420-h/35420-h.htm,204483
33411,A critical history of Greek philosophy,"Stace, W. T. (Walter Terence), 1886-1967",en,2010-08-12,https://www.gutenberg.org/files/33411/33411-h/33411-h.htm,114239
28228,The Battle with the Slum,"Riis, Jacob A. (Jacob August), 1849-1914",en,2009-03-01,https://www.gutenberg.org/files/28228/28228-h/28228-h.htm,100046
11440,Tales of Three Hemispheres,"Dunsany, Lord, 1878-1957",en,2004-03-01,https://www.gutenberg.org/cache/epub/11440/pg11440.html,27020
31642,Eyes Like the Sea: A Novel,"Jókai, Mór, 1825-1904; Bain, R. Nisbet (Robert Nisbet), 1854-1909 [Translator]",en,2010-03-14,https://www.gutenberg.org/files/31642/31642-h/31642-h.htm,99530
6493,Mediaeval Lore from Bartholomew Anglicus,"Bartholomaeus, Anglicus, active 13th century; Morris, William, 1834-1896 [Author of introduction, etc.]; Steele, Robert, 1860-1944 [Editor]; Trevisa, John, -1402 [Translator]",en,2004-09-01,https://www.gutenberg.org/cache/epub/6493/pg6493.html,42638
32267,"A Century of English Essays
An Anthology Ranging from Caxton to R. L. Stevenson & the Writers of Our Own Time","Rhys, Ernest, 1859-1946 [Compiler]; Vaughan, Lloyd [Compiler]",en,2010-05-05,https://www.gutenberg.org/cache/epub/32267/pg32267.html,198869
6753,Psmith in the City,"Wodehouse, P. G. (Pelham Grenville), 1881-1975",en,2004-10-01,https://www.gutenberg.org/files/6753/6753-h/6753-h.htm,54505
47642,"The Strand Magazine, Vol. 27, February 1904, No. 159.",Various,en,2014-12-12,https://www.gutenberg.org/files/47642/47642-h/47642-h.htm,61691
2242,A Midsummer Night's Dream,"Shakespeare, William, 1564-1616",en,2000-07-01,https://www.gutenberg.org/cache/epub/2242/pg2242.html,17797
67629,"An Illustrated Dictionary of Words used in Art and Archaeology
Explaining terms frequently used in works on architecture, arms, bronzes, Christian art, colour, costume, decoration, devices, emblems, heraldry, lace, personal ornaments, pottery, painting, sculpture, &c., with their derivations.","Mollett, John W. (John William)",en,2022-03-15,https://www.gutenberg.org/files/67629/67629-h/67629-h.htm,207472
37260,The Outspan: Tales of South Africa,"Fitzpatrick, Percy, 1862-1931",en,2011-08-29,https://www.gutenberg.org/files/37260/37260-h/37260-h.htm,52917
12954,The Phantom Ship,"Marryat, Frederick, 1792-1848",en,2004-07-19,https://www.gutenberg.org/cache/epub/12954/pg12954.html,141457
6894,Chimes of Mission Bells; an historical sketch of California and her missions,"Field, Maria Antonia, 1885-",en,2004-11-01,https://www.gutenberg.org/files/6894/6894-h/6894-h.htm,22759
28735,The Radio Boys with the Revenue Guards,"Breckenridge, Gerald, 1889?-1964",en,2009-05-09,https://www.gutenberg.org/files/28735/28735-h/28735-h.htm,47539
36048,"Martine's Hand-book of Etiquette, and Guide to True Politeness","Martine, Arthur",en,2011-05-06,https://www.gutenberg.org/files/36048/36048-h/36048-h.htm,49932
56652,Kitty of the Roses,"Barbour, Ralph Henry, 1870-1944; Von Rapp, Frederic J., 1877-1948 [Illustrator]",en,2018-02-27,https://www.gutenberg.org/files/56652/56652-h/56652-h.htm,18730
25709,"A Practical View of the Prevailing Religious System of Professed Christians, in the Middle and Higher Classes in this Country, Contrasted with Real Christianity.","Wilberforce, William, 1759-1833",en,2008-06-06,https://www.gutenberg.org/files/25709/25709-h/25709-h.htm,106672
21751,The Middy and the Moors: An Algerine Story,"Ballantyne, R. M. (Robert Michael), 1825-1894; Twidle, Arthur, 1865-1936 [Illustrator]",en,2007-06-07,https://www.gutenberg.org/files/21751/21751-h/21751-h.htm,60719
2329,Autobiography of a Pocket-Handkerchief,"Cooper, James Fenimore, 1789-1851",en,2000-09-01,https://www.gutenberg.org/files/2329/2329-h/2329-h.htm,54347
35771,When the Ku Klux Rode,"Damer, Eyre, 1854-1922",en,2011-04-05,https://www.gutenberg.org/files/35771/35771-h/35771-h.htm,28514
33785,A Star for a Night: A Story of Stage Life,"Janis, Elsie, 1889-1956",en,2010-09-21,https://www.gutenberg.org/files/33785/33785-h/33785-h.htm,28671
28,"The Fables of Aesop
Selected, Told Anew, and Their History Traced","Aesop, 621? BCE-565? BCE; Jacobs, Joseph, 1854-1916 [Editor]",en,1992-03-01,https://www.gutenberg.org/files/28/28-h/28-h.htm,15046
70199,Tanar of Pellucidar,"Burroughs, Edgar Rice, 1875-1950; Krenkel, Roy G., 1918-1983 [Illustrator]",en,2023-03-03,https://www.gutenberg.org/files/70199/70199-h/70199-h.htm,77483
8880,"Satanstoe; Or, the Littlepage Manuscripts. A Tale of the Colony","Cooper, James Fenimore, 1789-1851",en,2005-09-01,https://www.gutenberg.org/files/8880/8880-h/8880-h.htm,181452
39355,Speeches against Catilina,"Cicero, Marcus Tullius, 107 BCE-44 BCE; Upcott, Ernest Alfred [Editor]",en; la,2012-04-02,https://www.gutenberg.org/files/39355/39355-h/39355-h.htm,49598
31455,"Harper's New Monthly Magazine, Vol. 2, No. 8, January, 1851",Various,en,2010-03-01,https://www.gutenberg.org/files/31455/31455-h/31455-h.htm,150131
28638,Rimrock Trail,"Dunn, J. Allan, (Joseph Allan), 1872-1941",en,2009-04-29,https://www.gutenberg.org/files/28638/28638-h/28638-h.htm,103158
5005,"Journal of an Overland Expedition in Australia
From Moreton Bay to Port Essington, a distance of upwards of 3000 miles, during the years 1844-1845","Leichhardt, Ludwig, 1813-1848",en,2004-09-25,https://www.gutenberg.org/files/5005/5005-h/5005-h.htm,141464
57121,Humility: The Beauty of Holiness,"Murray, Andrew, 1828-1917",en,2018-05-09,https://www.gutenberg.org/cache/epub/57121/pg57121.html,20966
5682,Fundamental Principles of the Metaphysic of Morals,"Kant, Immanuel, 1724-1804; Abbott, Thomas Kingsmill, 1829-1913 [Translator]",en,2004-05-01,https://www.gutenberg.org/files/5682/5682-h/5682-h.htm,31002
34981,Orthodox Daily Prayers,Anonymous,en,2011-01-16,https://www.gutenberg.org/files/34981/34981-h/34981-h.htm,25359
26199,Fables of John Gay (Somewhat Altered),"Rose, John Benson; Gay, John, 1685-1732",en,2008-08-06,https://www.gutenberg.org/files/26199/26199-h/26199-h.htm,31088
21607,Adrift in the Ice-Fields,"Hall, Charles Winslow, 1843-1916",en,2007-05-25,https://www.gutenberg.org/files/21607/21607-h/21607-h.htm,77284
28499,"Mother Earth: Land Grants in Virginia, 1607-1699","Robinson, Walter Stitt",en,2009-04-05,https://www.gutenberg.org/files/28499/28499-h/28499-h.htm,26467
71109,Black hound of death,"Howard, Robert E. (Robert Ervin), 1906-1936; De Lay, H. S. (Harold Saylor), 1876-1950 [Illustrator]",en,2023-07-03,https://www.gutenberg.org/files/71109/71109-h/71109-h.htm,10194
27194,The Enjoyment of Art,"Noyes, Carleton Eldredge, 1872-1950",en,2008-11-07,https://www.gutenberg.org/files/27194/27194-h/27194-h.htm,16085
2237,The Merry Wives of Windsor,"Shakespeare, William, 1564-1616",en,2000-07-01,https://www.gutenberg.org/cache/epub/2237/pg2237.html,23568
12371,"The Experiences of a Barrister, and Confessions of an Attorney","Warren, Samuel, 1807-1877",en,2004-05-01,https://www.gutenberg.org/cache/epub/12371/pg12371.html,110525
9844,W. A. G.'s Tale,"Turnbull, Margaret, 1872-1942",en,2006-02-01,https://www.gutenberg.org/files/9844/9844-h/9844-h.htm,18466
716,The Cruise of the Jasper B.,"Marquis, Don, 1878-1937",en,1996-11-01,https://www.gutenberg.org/files/716/716-h/716-h.htm,60084
20807,Better Dead,"Barrie, J. M. (James Matthew), 1860-1937",en,2007-03-13,https://www.gutenberg.org/files/20807/20807-h/20807-h.htm,18092
37516,"Notes and Queries, Vol. III, Number 87, June 28, 1851
A Medium of Inter-communication for Literary Men, Artists, Antiquaries, Genealogists, etc.","Various; Bell, George, 1814-1890 [Editor]",en,2011-09-23,https://www.gutenberg.org/files/37516/37516-h/37516-h.htm,16785
3452,Tea Leaves,Francis H. Leggett & Co.,en,2002-10-01,https://www.gutenberg.org/cache/epub/3452/pg3452.html,19418
11693,"The World's Great Sermons, Volume 08: Talmage to Knox Little","Kleiser, Grenville, 1868-1953 [Editor]",en,2004-03-01,https://www.gutenberg.org/cache/epub/11693/pg11693.html,54674
23768,The Squirrel-Cage,"Fisher, Dorothy Canfield, 1879-1958; Williams, John Alonzo, 1869-1951 [Illustrator]",en,2007-12-08,https://www.gutenberg.org/files/23768/23768-h/23768-h.htm,127749
56602,Frank Hunter's Peril,"Alger, Horatio, Jr., 1832-1899",en,2018-02-19,https://www.gutenberg.org/files/56602/56602-h/56602-h.htm,51527
59804,"The Making of a Modern Army and its Operations in the Field
A study based on the experience of three years on the French front (1914-1917)","Radiguet, René-Louis-Jules, 1852-1937; Du Bellet, Henry P. [Translator]",en,2019-06-24,https://www.gutenberg.org/files/59804/59804-h/59804-h.htm,31910
20985,"The Banner Boy Scouts on a Tour; or, The Mystery of Rattlesnake Mountain","Warren, George A.",en,2007-04-04,https://www.gutenberg.org/files/20985/20985-h/20985-h.htm,68338
33482,The Furnace,"Macaulay, Rose, 1881-1958",en,2010-08-22,https://www.gutenberg.org/files/33482/33482-h/33482-h.htm,40095
33924,Marion Darche: A Story Without Comment,"Crawford, F. Marion (Francis Marion), 1854-1909",en,2010-10-14,https://www.gutenberg.org/files/33924/33924-h/33924-h.htm,57986
57546,"Émile Zola, Novelist and Reformer: An Account of His Life & Work","Vizetelly, Ernest Alfred, 1853-1922",en,2018-07-20,https://www.gutenberg.org/files/57546/57546-h/57546-h.htm,177189
57021,The Christiana Riot and the Treason Trials of 1851: An Historical Sketch,"Hensel, W. U. (William Uhler), 1851-1915",en,2018-04-22,https://www.gutenberg.org/files/57021/57021-h/57021-h.htm,41059
9858,Star-Dust: A Story of an American Girl,"Hurst, Fannie, 1889-1968",en,2006-02-01,https://www.gutenberg.org/cache/epub/9858/pg9858.html,118253
6434,A Brief History of the United States,"Steele, Joel Dorman, 1836-1886",en,2004-09-01,https://www.gutenberg.org/cache/epub/6434/pg6434.html,115305
23427,"Evolution, Old & New
Or, the Theories of Buffon, Dr. Erasmus Darwin and Lamarck,
as compared with that of Charles Darwin","Butler, Samuel, 1835-1902",en,2007-11-09,https://www.gutenberg.org/files/23427/23427-h/23427-h.htm,121049
21984,Kemps Nine Daies Wonder: Performed in a Daunce from London to Norwich,"Kemp, William, active 1600; Dyce, Alexander, 1798-1869 [Editor]",en,2007-07-02,https://www.gutenberg.org/files/21984/21984-h/21984-h.htm,17607
1305,The Ball at Sceaux,"Balzac, Honoré de, 1799-1850; Bell, Clara, 1834-1927 [Translator]",en,2004-06-01,https://www.gutenberg.org/cache/epub/1305/pg1305.html,22093
38689,The Turnstile,"Mason, A. E. W. (Alfred Edward Woodley), 1865-1948",en,2012-01-27,https://www.gutenberg.org/files/38689/38689-h/38689-h.htm,108718
18833,"With Clive in India; Or, The Beginnings of an Empire","Henty, G. A. (George Alfred), 1832-1902",en,2006-07-15,https://www.gutenberg.org/files/18833/18833-h/18833-h.htm,120973
2500,Siddhartha,"Hesse, Hermann, 1877-1962",en,2001-02-01,https://www.gutenberg.org/files/2500/2500-h/2500-h.htm,39799
3677,On Our Selection,"Rudd, Steele, 1868-1935",en,2003-01-01,https://www.gutenberg.org/files/3677/3677-h/3677-h.htm,44031
16663,The Tale of Solomon Owl,"Bailey, Arthur Scott, 1877-1949; Smith, Harry L. (Illustrator) [Illustrator]",en,2005-09-05,https://www.gutenberg.org/files/16663/16663-h/16663-h.htm,14461
24053,"The Little Lame Prince
Rewritten for Young Readers by Margaret Waters","Waters, Margaret; Craik, Dinah Maria Mulock, 1826-1887; Hofsten, Hugo von [Illustrator]",en,2007-12-27,https://www.gutenberg.org/files/24053/24053-h/24053-h.htm,14570
38557,"""Granny's Chapters"" (on scriptural subjects)
The New Testament, with a Sketch of the Subsequent History of the Jews.","Ross, Mary, Lady",en,2012-01-12,https://www.gutenberg.org/files/38557/38557-h/38557-h.htm,197509
3152,"The Junior Classics, Volume 1: Fairy and wonder tales","Patten, William, 1868-1936 [Editor]; Eliot, Charles William, 1834-1926 [Author of introduction, etc.]; Neilson, William Allan, 1869-1946 [Contributor]",en,2002-04-01,https://www.gutenberg.org/files/3152/3152-h/3152-h.htm,136772
26417,A Sheaf of Corn,"Mann, Mary E., 1848-1929",en,2008-08-24,https://www.gutenberg.org/files/26417/26417-h/26417-h.htm,81342
22511,Rollo on the Rhine,"Abbott, Jacob, 1803-1879",en,2007-09-05,https://www.gutenberg.org/files/22511/22511-h/22511-h.htm,43465
34283,History of Modern Philosophy,"Benn, Alfred William, 1843-1915",en,2010-11-11,https://www.gutenberg.org/files/34283/34283-h/34283-h.htm,41283
32934,The Young Colonists: A Story of the Zulu and Boer Wars,"Henty, G. A. (George Alfred), 1832-1902; Vedder, Simon Harmon, 1866-1937 [Illustrator]",en,2010-06-20,https://www.gutenberg.org/files/32934/32934-h/32934-h.htm,77250
28721,"The Esperantist, Vol. 1, No. 2","Mudie, H. Bolingbroke (Harold Bolingbroke), 1880-1916 [Editor]",en; eo,2009-05-08,https://www.gutenberg.org/files/28721/28721-h/28721-h.htm,11538
34558,Defending the Island: A story of Bar Harbor in 1758,"Otis, James, 1848-1912",en,2010-12-04,https://www.gutenberg.org/files/34558/34558-h/34558-h.htm,25111
57962,Select Specimens of Natural History Collected in Travels to Discover the Source of the Nile. Volume 5.,"Bruce, James, 1730-1794",en,2018-09-24,https://www.gutenberg.org/files/57962/57962-h/57962-h.htm,70610
58838,The king's ring,"Topelius, Zacharias, 1818-1898; Arnold, Herbert [Translator]; Öhrwall, Sophie [Translator]",en,2019-02-07,https://www.gutenberg.org/files/58838/58838-h/58838-h.htm,85310
20342,Grace Harlowe's Problem,"Chase, Josephine, -1931",en,2007-01-11,https://www.gutenberg.org/files/20342/20342-h/20342-h.htm,56552
2037,Novel Notes,"Jerome, Jerome K. (Jerome Klapka), 1859-1927",en,2000-01-01,https://www.gutenberg.org/files/2037/2037-h/2037-h.htm,70470
21686,"The Works of Robert Louis Stevenson - Swanston Edition, Vol. 01","Stevenson, Robert Louis, 1850-1894; Lang, Andrew, 1844-1912 [Commentator]",en,2007-06-06,https://www.gutenberg.org/files/21686/21686-h/21686-h.htm,117763
24438,From Fort Henry to Corinth,"Force, M. F. (Manning Ferguson), 1824-1899",en,2008-01-27,https://www.gutenberg.org/files/24438/24438-h/24438-h.htm,61229
8190,A Wodehouse Miscellany: Articles & Stories,"Wodehouse, P. G. (Pelham Grenville), 1881-1975",en,2005-05-01,https://www.gutenberg.org/cache/epub/8190/pg8190.html,30069
57564,"Hall Caine, the Man and the Novelist","Kenyon, C. Fred (Charles Frederick), 1879-1926",en,2018-07-21,https://www.gutenberg.org/files/57564/57564-h/57564-h.htm,47495
3767,The Man Who Kept His Money in a Box,"Trollope, Anthony, 1815-1882",en,2003-02-01,https://www.gutenberg.org/files/3767/3767-h/3767-h.htm,12401
15610,"First Love, and Other Fascinating Stories of Spanish Life","Haldeman-Julius, E. (Emanuel), 1888-1951 [Editor]; Alarcón, Pedro Antonio de, 1833-1891 [Contributor]; Estébanez Calderón, Serafín, 1799-1867 [Contributor]; Hartzenbusch, Juan Eugenio, 1806-1880 [Contributor]; Palacio Valdés, Armando, 1853-1938 [Contributor]; Pardo Bazán, Emilia, condesa de, 1852-1921 [Contributor]",en,2005-04-12,https://www.gutenberg.org/files/15610/15610-h/15610-h.htm,16339
1122,Hamlet,"Shakespeare, William, 1564-1616",en,1997-12-01,https://www.gutenberg.org/cache/epub/1122/pg1122.html,29687
58632,The Maryland Line in the Confederate States Army.,"Goldsborough, W. W. (William Worthington), 1831-1901",en,2019-01-06,https://www.gutenberg.org/files/58632/58632-h/58632-h.htm,85398
35088,"Vermont riflemen in the war for the union, 1861 to 1865
A history of Company F, First United States sharp shooters","Ripley, William Young Warren, 1832-",en,2011-01-26,https://www.gutenberg.org/files/35088/35088-h/35088-h.htm,54222
50403,"The Chautauquan, Vol. 03, July 1883","Chautauqua Literary and Scientific Circle; Chautauqua Institution; Flood, Theodore L., 1842- [Editor]",en,2015-11-07,https://www.gutenberg.org/files/50403/50403-h/50403-h.htm,76338
12498,"The Mirror of Literature, Amusement, and Instruction. Volume 13, No. 362, March 21, 1829",Various,en,2004-06-01,https://www.gutenberg.org/files/12498/12498-h/12498-h.htm,12973
18374,"The Argosy, Vol. 51, No. 4, April, 1891","Various; Wood, Charles W. (Charles William), 1841-1919 [Editor]",en,2006-05-11,https://www.gutenberg.org/files/18374/18374-h/18374-h.htm,42172
23111,Riley Songs of Friendship,"Riley, James Whitcomb, 1849-1916; Vawter, Will, 1871-1941 [Illustrator]",en,2007-10-20,https://www.gutenberg.org/files/23111/23111-h/23111-h.htm,13089
38036,Electricity for the 4-H Scientist,"Wilson, Eric B.",en,2011-11-16,https://www.gutenberg.org/files/38036/38036-h/38036-h.htm,21123
10929,The Dog Crusoe and His Master: A Story of Adventure in the Western Prairies,"Ballantyne, R. M. (Robert Michael), 1825-1894",en,2004-02-01,https://www.gutenberg.org/files/10929/10929-h/10929-h.htm,87334
3242,The Doctor : A Tale of the Rockies,"Connor, Ralph, 1860-1937",en,2006-06-03,https://www.gutenberg.org/files/3242/3242-h/3242-h.htm,96595
23755,Birds of the Indian Hills,"Dewar, Douglas, 1875-1957",en,2007-12-06,https://www.gutenberg.org/files/23755/23755-h/23755-h.htm,46840
5727,The Tale of Freddie Firefly,"Bailey, Arthur Scott, 1877-1949",en,2004-05-01,https://www.gutenberg.org/cache/epub/5727/pg5727.html,12902
14990,"Scientific American Supplement No. 819, September 12, 1891",Various,en,2005-02-09,https://www.gutenberg.org/files/14990/14990-h/14990-h.htm,37760
18686,Melbourne House,"Warner, Susan, 1819-1885",en,2006-06-26,https://www.gutenberg.org/cache/epub/18686/pg18686.html,176492
22121,Olive: A Novel,"Craik, Dinah Maria Mulock, 1826-1887; Bowers, G. (Georgina), 1836-1912 [Illustrator]",en,2007-07-23,https://www.gutenberg.org/files/22121/22121-h/22121-h.htm,144554
7167,The Guide to Reading — the Pocket University Volume XXIII,"Abbott, Lyman, 1835-1922 [Editor]; Dickinson, Asa Don, 1876-1960 [Editor]",en,2004-12-01,https://www.gutenberg.org/files/7167/7167-h/7167-h.htm,22253
27466,El Kab,"Quibell, James Edward, 1867-1935",en,2008-12-09,https://www.gutenberg.org/files/27466/27466-h/27466-h.htm,19738
44325,"The Great American Fraud
The Patent Medicine Evil","Adams, Samuel Hopkins, 1871-1958",en,2013-12-01,https://www.gutenberg.org/files/44325/44325-h/44325-h.htm,39926
38545,The Pilot's Daughter: an account of Elizabeth Cullingham,"Cunningham, Francis, 1785-1863",en,2012-01-10,https://www.gutenberg.org/files/38545/38545-h/38545-h.htm,17634
39790,An American Four-in-Hand in Britain,"Carnegie, Andrew, 1835-1919",en,2012-05-25,https://www.gutenberg.org/files/39790/39790-h/39790-h.htm,87526
26875,The Boy Scout Fire Fighters; Or Jack Danby's Bravest Deed,"Maitland, Robert",en,2008-11-24,https://www.gutenberg.org/files/26875/26875-h/26875-h.htm,39167
3961,A Romance of Youth — Volume 4,"Coppée, François, 1842-1908",en,2003-04-01,https://www.gutenberg.org/cache/epub/3961/pg3961.html,17023
37289,Susan Clegg and Her Love Affairs,"Warner, Anne, 1869-1913; Brett, Harold, 1880-1955 [Illustrator]",en,2011-09-01,https://www.gutenberg.org/files/37289/37289-h/37289-h.htm,58922
29951,"The Mayflower, January, 1905","Various; Childs, John Lewis, 1856-1921 [Editor]",en,2009-09-10,https://www.gutenberg.org/files/29951/29951-h/29951-h.htm,21611
15131,With Rimington,"Phillipps, L. March (Lisle March), 1863-1917",en,2005-02-21,https://www.gutenberg.org/files/15131/15131-h/15131-h.htm,59778
36144,"The Mapleson Memoirs, 1848-1888, vol II","Mapleson, James Henry, 1830-1901",en,2011-05-24,https://www.gutenberg.org/files/36144/36144-h/36144-h.htm,74522
18153,"Oscar; Or, The Boy Who Had His Own Way","Aimwell, Walter, 1822-1859",en,2006-04-11,https://www.gutenberg.org/files/18153/18153-h/18153-h.htm,60806
39864,The Young People's Wesley,"McDonald, W. (William), 1820-1901; Mallalieu, Willard F. (Willard Francis), 1828-1911 [Author of introduction, etc.]",en,2012-05-31,https://www.gutenberg.org/files/39864/39864-h/39864-h.htm,43982
21939,"Chambers's Edinburgh Journal, No. 449
Volume 18, New Series, August 7, 1852","Various; Chambers, Robert, 1802-1871 [Editor]; Chambers, William, 1800-1883 [Editor]",en,2007-06-26,https://www.gutenberg.org/files/21939/21939-h/21939-h.htm,21544
2323,Recollections and Letters of General Robert E. Lee,"Lee, Robert E. (Robert Edward), 1843-1914; Lee, Robert E. (Robert Edward), 1807-1870 [Contributor]",en,2000-09-01,https://www.gutenberg.org/files/2323/2323-h/2323-h.htm,140960
37645,"The works of John Dryden, now first collected in eighteen volumes. Volume 03","Dryden, John, 1631-1700; Scott, Walter, 1771-1832 [Editor]",en,2011-10-06,https://www.gutenberg.org/files/37645/37645-h/37645-h.htm,111197
21503,"Notes and Queries, Number 58, December 7, 1850
A Medium of Inter-communication for Literary Men, Artists, Antiquaries, Genealogists, etc.","Various; Bell, George, 1814-1890 [Editor]",en,2007-05-16,https://www.gutenberg.org/files/21503/21503-h/21503-h.htm,14740
57022,"A Minor Poet, and Other Verse","Levy, Amy, 1861-1889",en,2018-04-22,https://www.gutenberg.org/files/57022/57022-h/57022-h.htm,12090
12542,"Ravenna, a Study","Hutton, Edward, 1875-1969",en,2004-06-01,https://www.gutenberg.org/cache/epub/12542/pg12542.html,90174
4294,"Tales of Aztlan; The Romance of a Hero of Our Late Spanish-American War, Incidents of Interest from the Life of a Western Pioneer and Other Tales","Hartmann, George, 1852-1934",en,2003-07-01,https://www.gutenberg.org/files/4294/4294-h/4294-h.htm,33115
32435,Every-Day Errors of Speech,"Meredith, L. P.",en,2010-05-19,https://www.gutenberg.org/files/32435/32435-h/32435-h.htm,28509
70366,Antiquities of the Mesa Verde National Park,"Fewkes, Jesse Walter, 1850-1930",en,2023-03-24,https://www.gutenberg.org/files/70366/70366-h/70366-h.htm,26220
25267,Astronomy for Amateurs,"Flammarion, Camille, 1842-1925; Welby, Frances A. (Frances Alice), 1862-1947 [Translator]",en,2008-04-30,https://www.gutenberg.org/files/25267/25267-h/25267-h.htm,68041
35504,"Miss Maitland, Private Secretary","Bonner, Geraldine, 1870-1930; Keller, Arthur Ignatius, 1866-1924 [Illustrator]",en,2011-03-06,https://www.gutenberg.org/files/35504/35504-h/35504-h.htm,80857
25017,A Son of the Immortals,"Tracy, Louis, 1863-1928; Christy, Howard Chandler, 1873-1952 [Illustrator]",en,2008-04-08,https://www.gutenberg.org/files/25017/25017-h/25017-h.htm,77373
32045,The Boy Scouts in A Trapper's Camp,"Burgess, Thornton W. (Thornton Waldo), 1874-1965",en,2010-04-18,https://www.gutenberg.org/files/32045/32045-h/32045-h.htm,70586
20899,"The Continental Monthly , Vol. 2 No. 5,  November 1862
Devoted to Literature and National Policy",Various,en,2007-03-25,https://www.gutenberg.org/files/20899/20899-h/20899-h.htm,85115
2727,Allan's Wife,"Haggard, H. Rider (Henry Rider), 1856-1925",en,2006-03-28,https://www.gutenberg.org/files/2727/2727-h/2727-h.htm,51507
38075,An Ambitious Woman: A Novel,"Fawcett, Edgar, 1847-1904",en,2011-11-21,https://www.gutenberg.org/files/38075/38075-h/38075-h.htm,128721
70973,The agricultural and forest products of British West Africa,"Dudgeon, Gerald C. (Gerald Cecil), 1867-1930; Dunstan, Wyndham R. (Wyndham Rowland), 1861-1949 [Editor]",en,2023-06-14,https://www.gutenberg.org/files/70973/70973-h/70973-h.htm,69515
21015,The Adventures of Jimmy Skunk,"Burgess, Thornton W. (Thornton Waldo), 1874-1965; Cady, Harrison, 1877-1970 [Illustrator]",en,2007-04-08,https://www.gutenberg.org/files/21015/21015-h/21015-h.htm,16247
58320,The Three Brothers; vol. 1/3,"Oliphant, Mrs. (Margaret), 1828-1897",en,2018-11-22,https://www.gutenberg.org/files/58320/58320-h/58320-h.htm,86316
10459,The Celtic Twilight,"Yeats, W. B. (William Butler), 1865-1939",en,2003-12-01,https://www.gutenberg.org/cache/epub/10459/pg10459.html,40168
31463,"The Orphan; Or, The Unhappy Marriage.  A Tragedy, in Five Acts","Otway, Thomas, 1652-1685",en,2010-03-01,https://www.gutenberg.org/files/31463/31463-h/31463-h.htm,15087
35851,"An Old Story of My Farming Days Vol. 3 (of 3).
(Ut Mine Stromtid)","Reuter, Fritz, 1810-1874; Macdowall, M. W. [Translator]",en,2011-04-13,https://www.gutenberg.org/files/35851/35851-h/35851-h.htm,98720
39235,"A Manual of Toy Dogs: How to breed, rear, and feed them","Williams, Leslie, Mrs.",en,2012-03-24,https://www.gutenberg.org/files/39235/39235-h/39235-h.htm,35798
14679,Stray Thoughts for Girls,"Soulsby, Lucy Helen Muriel, 1856-1927",en,2005-01-13,https://www.gutenberg.org/cache/epub/14679/pg14679.html,49091
21757,The Hot Swamp,"Ballantyne, R. M. (Robert Michael), 1825-1894",en,2007-06-07,https://www.gutenberg.org/files/21757/21757-h/21757-h.htm,89458
18176,"Yorkshire Tales. Third Series
Amusing sketches of Yorkshire Life in the Yorkshire Dialect","Hartley, John, 1839-1915",en,2006-04-14,https://www.gutenberg.org/files/18176/18176-h/18176-h.htm,37686
38870,West African studies,"Kingsley, Mary Henrietta, 1862-1900; Cardi, C. N. (Charles Napoleon), comte de [Contributor]; Harford, John [Contributor]",en,2012-02-13,https://www.gutenberg.org/files/38870/38870-h/38870-h.htm,206301
502,Desert Gold,"Grey, Zane, 1872-1939",en,1996-04-01,https://www.gutenberg.org/files/502/502-h/502-h.htm,105048
28524,Nobody,"Warner, Susan, 1819-1885",en,2009-04-06,https://www.gutenberg.org/cache/epub/28524/pg28524.html,158237
26384,"Separation and Service; or, Thoughts on Numbers VI, VII.","Taylor, James Hudson, 1832-1905",en,2008-08-21,https://www.gutenberg.org/files/26384/26384-h/26384-h.htm,16571
37017,The Comforts of Home,"Bergengren, Ralph, 1871-1947",en,2011-08-09,https://www.gutenberg.org/files/37017/37017-h/37017-h.htm,15293
12330,A Volunteer Poilu,"Beston, Henry, 1888-1968",en,2004-05-01,https://www.gutenberg.org/cache/epub/12330/pg12330.html,45920
33490,The Gambler: A Novel,"Thurston, Katherine Cecil, 1875-1911",en,2010-08-22,https://www.gutenberg.org/files/33490/33490-h/33490-h.htm,125557
25809,The Mascot of Sweet Briar Gulch,"Phillips, Henry Wallace, 1869-1930; Cootes, F. Graham (Frank Graham), 1879-1960 [Illustrator]",en,2008-06-16,https://www.gutenberg.org/files/25809/25809-h/25809-h.htm,16164
8499,Plays: the Father; Countess Julie; the Outlaw; the Stronger,"Strindberg, August, 1849-1912; Oland, Edith, 1878-1968 [Translator]; Oland, Warner, 1880-1938 [Translator]",en,2005-07-01,https://www.gutenberg.org/files/8499/8499-h/8499-h.htm,42821
59860,The Golden Book of Springfield,"Lindsay, Vachel, 1879-1931",en,2019-07-05,https://www.gutenberg.org/files/59860/59860-h/59860-h.htm,68991
16296,"Sketches From My Life
By The Late Admiral Hobart Pasha","Hobart-Hampden, Augustus Charles, 1822-1886",en,2005-07-15,https://www.gutenberg.org/files/16296/16296-h/16296-h.htm,62565
2986,"Mark Twain: A Biography. Volume III, Part 1: 1900-1907","Paine, Albert Bigelow, 1861-1937",en,2004-10-04,https://www.gutenberg.org/cache/epub/2986/pg2986.html,81626
34668,The Young Yagers: A Narrative of Hunting Adventures in Southern Africa,"Reid, Mayne, 1818-1883; Harvey, William, 1796-1866 [Illustrator]",en,2010-12-15,https://www.gutenberg.org/files/34668/34668-h/34668-h.htm,85644
8550,"T. Haviland Hicks, Senior","Elderdice, James Raymond, 1889-",en,2005-07-01,https://www.gutenberg.org/files/8550/8550-h/8550-h.htm,62483
7881,"Passages from the French and Italian Notebooks, Complete","Hawthorne, Nathaniel, 1804-1864",en,2005-04-01,https://www.gutenberg.org/cache/epub/7881/pg7881.html,171116
32062,"The Daltons; Or, Three Roads In Life. Volume II (of II)","Lever, Charles James, 1806-1872; Browne, Hablot Knight, 1815-1882 [Illustrator]",en,2010-04-19,https://www.gutenberg.org/files/32062/32062-h/32062-h.htm,172149
26365,"Intestinal Ills
Chronic Constipation, Indigestion, Autogenetic Poisons, Diarrhea, Piles, Etc. Also Auto-Infection, Auto-Intoxication, Anemia, Emaciation, Etc. Due to Proctitis and Colitis","Jamison, Alcinous B. (Alcinous Burton), 1851-",en,2008-08-19,https://www.gutenberg.org/files/26365/26365-h/26365-h.htm,43739
17032,The lieutenant and commander,"Hall, Basil, 1788-1844",en,2005-11-08,https://www.gutenberg.org/files/17032/17032-h/17032-h.htm,112582
7435,Springhaven: A Tale of the Great War,"Blackmore, R. D. (Richard Doddridge), 1825-1900",en,2006-06-06,https://www.gutenberg.org/files/7435/7435-h/7435-h.htm,203829
56510,"Slicko, the Jumping Squirrel: Her Many Adventures","Barnum, Richard; Tooker, Harriet H. [Illustrator]",en,2018-02-06,https://www.gutenberg.org/files/56510/56510-h/56510-h.htm,24559
6608,Myths and Legends of Our Own Land — Volume 03 : on and near the Delaware,"Skinner, Charles M. (Charles Montgomery), 1852-1907",en,2004-12-14,https://www.gutenberg.org/cache/epub/6608/pg6608.html,10112
3906,The Confessions of Jean Jacques Rousseau — Volume 06,"Rousseau, Jean-Jacques, 1712-1778",en,2004-12-06,https://www.gutenberg.org/cache/epub/3906/pg3906.html,19789
34120,"Farthest North, Vol. II
Being the Record of a Voyage of Exploration of the Ship 'Fram' 1893-1896","Nansen, Fridtjof, 1861-1930; Sverdrup, Otto Neumann, 1854-1930 [Contributor]",en,2010-10-23,https://www.gutenberg.org/files/34120/34120-h/34120-h.htm,177270
27395,The Slave of Silence,"White, Fred M. (Fred Merrick), 1859-1935",en,2008-12-03,https://www.gutenberg.org/files/27395/27395-h/27395-h.htm,88232
38726,Index to Kindergarten Songs Including Singing Games and Folk Songs,"Quigley, Margery Closey, 1886-",en,2012-01-31,https://www.gutenberg.org/files/38726/38726-h/38726-h.htm,73641
56609,"A History of the British Army, Vol. 2
First Part—to the Close of the Seven Years' War","Fortescue, J. W. (John William), Sir, 1859-1933",en,2018-02-20,https://www.gutenberg.org/files/56609/56609-h/56609-h.htm,223480
809,Holiday Romance,"Dickens, Charles, 1812-1870",en,1997-02-01,https://www.gutenberg.org/files/809/809-h/809-h.htm,13565
283,The Reef,"Wharton, Edith, 1862-1937",en,1995-06-01,https://www.gutenberg.org/files/283/283-h/283-h.htm,99848
21728,The Dog Crusoe and his Master,"Ballantyne, R. M. (Robert Michael), 1825-1894",en,2007-06-07,https://www.gutenberg.org/files/21728/21728-h/21728-h.htm,87870
21132,"Frank Oldfield
Lost and Found","Wilson, Theodore P.",en,2007-04-18,https://www.gutenberg.org/files/21132/21132-h/21132-h.htm,114653
24215,The Comedies of William Congreve: Volume 1 [of 2],"Congreve, William, 1670-1729; Street, G. S. (George Slythe), 1867-1936 [Editor]",en,2008-01-07,https://www.gutenberg.org/files/24215/24215-h/24215-h.htm,63423
4803,The Rise of the Dutch Republic — Volume 03: 1555,"Motley, John Lothrop, 1814-1877",en,2004-01-01,https://www.gutenberg.org/cache/epub/4803/pg4803.html,11386
19113,The Emigrant Trail,"Bonner, Geraldine, 1870-1930",en,2006-08-24,https://www.gutenberg.org/files/19113/19113-h/19113-h.htm,118873
22991,"Boy Scouts Mysterious Signal; Or, Perils of the Black Bear Patrol","Ralphson, G. Harvey (George Harvey), 1879-1940",en,2007-10-12,https://www.gutenberg.org/files/22991/22991-h/22991-h.htm,49418
2560,The Three Partners,"Harte, Bret, 1836-1902",en,2006-05-18,https://www.gutenberg.org/files/2560/2560-h/2560-h.htm,65420
3593,Essays of Michel de Montaigne — Volume 13,"Montaigne, Michel de, 1533-1592; Hazlitt, William Carew, 1834-1913 [Editor]; Cotton, Charles, 1630-1687 [Translator]",en,2004-11-01,https://www.gutenberg.org/cache/epub/3593/pg3593.html,29801
32107,The Vision of Elijah Berl,"Nason, Frank Lewis, 1856-1928",en,2010-04-23,https://www.gutenberg.org/files/32107/32107-h/32107-h.htm,63194
7693,A Strange Story — Volume 02,"Lytton, Edward Bulwer Lytton, Baron, 1803-1873",en,2005-03-01,https://www.gutenberg.org/cache/epub/7693/pg7693.html,23202
4318,Reproduction of Copyrighted Works by Educators and Librarians,Library of Congress. Copyright Office,en,2003-08-01,https://www.gutenberg.org/cache/epub/4318/pg4318.html,17072
11984,"A Pluralistic Universe
Hibbert Lectures at Manchester College on the Present Situation in Philosophy","James, William, 1842-1910",en,2004-04-01,https://www.gutenberg.org/cache/epub/11984/pg11984.html,76021
70118,In Cupid's court,"Warren, Ina Russelle [Editor]",en,2023-02-23,https://www.gutenberg.org/files/70118/70118-h/70118-h.htm,10080
5777,Life's Handicap: Being Stories of Mine Own People,"Kipling, Rudyard, 1865-1936",en,2004-05-01,https://www.gutenberg.org/files/5777/5777-h/5777-h.htm,109726
16144,Harry,"Hart, Fanny Wheeler",en,2005-06-28,https://www.gutenberg.org/files/16144/16144-h/16144-h.htm,16236
5362,The Inside of the Cup — Volume 07,"Churchill, Winston, 1871-1947",en,2004-10-17,https://www.gutenberg.org/cache/epub/5362/pg5362.html,24293
33602,The Firebrand,"Crockett, S. R. (Samuel Rutherford), 1860-1914",en,2010-09-01,https://www.gutenberg.org/files/33602/33602-h/33602-h.htm,142010
35169,"Encyclopaedia Britannica, 11th Edition, ""Electrostatics"" to ""Engis""
Volume 9, Slice 3",Various,en,2011-02-04,https://www.gutenberg.org/files/35169/35169-h/35169-h.htm,250376
29477,"The Universal Reciter
81 Choice Pieces of Rare Poetical Gems",Various,en,2009-07-21,https://www.gutenberg.org/files/29477/29477-h/29477-h.htm,68465
23738,The Thing from the Lake,"Ingram, Eleanor M. (Eleanor Marie), 1886-1921",en,2007-12-04,https://www.gutenberg.org/files/23738/23738-h/23738-h.htm,59642
35187,Dream Days,"Grahame, Kenneth, 1859-1932; Parrish, Maxfield, 1870-1966 [Illustrator]",en,2011-02-06,https://www.gutenberg.org/files/35187/35187-h/35187-h.htm,39415
58344,Siddhartha: A Poem of India,"Hesse, Hermann, 1877-1962; Wyllie, David (Translator) [Translator]",en,2018-11-24,https://www.gutenberg.org/files/58344/58344-h/58344-h.htm,43291
32736,The Bible Story,"Hall, Newton Marshall, 1865-1926; Wood, Irving Francis, 1861-1934",en,2010-06-07,https://www.gutenberg.org/files/32736/32736-h/32736-h.htm,479909
20912,The Daffodil Mystery,"Wallace, Edgar, 1875-1932",en,2007-03-26,https://www.gutenberg.org/files/20912/20912-h/20912-h.htm,69040
70171,North Africa and the desert,"Woodberry, George Edward, 1855-1930",en,2023-02-28,https://www.gutenberg.org/files/70171/70171-h/70171-h.htm,77390
292,"Beauty and the Beast, and Tales of Home","Taylor, Bayard, 1825-1878",en,2008-06-29,https://www.gutenberg.org/files/292/292-h/292-h.htm,86533
2327,Some Short Stories [by Henry James],"James, Henry, 1843-1916",en,2000-09-01,https://www.gutenberg.org/files/2327/2327-h/2327-h.htm,40022
8206,The Pilgrims of the Rhine,"Lytton, Edward Bulwer Lytton, Baron, 1803-1873",en,2004-06-01,https://www.gutenberg.org/files/8206/8206-h/8206-h.htm,89104
507,Adam Bede,"Eliot, George, 1819-1880",en,2006-01-21,https://www.gutenberg.org/files/507/507-h/507-h.htm,223147
17584,"Letters from Mesopotamia in 1915 and January, 1916
From Robert Palmer, who was killed in the Battle of Um El Hannah, June 21, 1916, aged 27 years","Palmer, Robert Stafford Arthur, 1888-1916",en,2006-01-23,https://www.gutenberg.org/files/17584/17584-h/17584-h.htm,40794
853,The Confutatio Pontificia,"Reu, Johann Michael, 1869-1943 [Editor]",en,1997-03-01,https://www.gutenberg.org/files/853/853-h/853-h.htm,15816
31374,"The Dramatist; Or, Stop Him Who Can! A Comedy, in Five Acts","Reynolds, Frederick, 1764-1841; Inchbald, Mrs., 1753-1821 [Author of introduction, etc.]",en,2010-02-23,https://www.gutenberg.org/files/31374/31374-h/31374-h.htm,18935
4966,"Waverley; or, 'Tis sixty years since — Complete","Scott, Walter, 1771-1832",en,2004-01-01,https://www.gutenberg.org/cache/epub/4966/pg4966.html,206932
67058,"Mildred's Married Life, and a Winter with Elsie Dinsmore
A sequel to Mildred and Elsie","Finley, Martha, 1828-1909; Edwards, Mary Ellen, 1838-1934 [Illustrator]",en,2021-12-31,https://www.gutenberg.org/files/67058/67058-h/67058-h.htm,61611
16352,"The Great Events by Famous Historians, Volume 01","Johnson, Rossiter, 1840-1931 [Editor]; Horne, Charles F. (Charles Francis), 1870-1942 [Editor]; Rudd, John, LL. D. [Editor]",en,2005-07-24,https://www.gutenberg.org/files/16352/16352-h/16352-h.htm,157373
25540,Anecdotes for boys,"Newcomb, Harvey, 1803-1863",en,2008-05-20,https://www.gutenberg.org/files/25540/25540-h/25540-h.htm,28757
1488,"The True Story of Christopher Columbus, Called the Great Admiral","Brooks, Elbridge S. (Elbridge Streeter), 1846-1902",en,2006-02-15,https://www.gutenberg.org/files/1488/1488-h/1488-h.htm,29312
17854,The Sport of the Gods,"Dunbar, Paul Laurence, 1872-1906",en,2006-02-25,https://www.gutenberg.org/files/17854/17854-h/17854-h.htm,41566
5517,The Bride of the Nile — Volume 01,"Ebers, Georg, 1837-1898; Bell, Clara, 1834-1927 [Translator]",en,2004-04-01,https://www.gutenberg.org/cache/epub/5517/pg5517.html,18266
1443,Two Poets,"Balzac, Honoré de, 1799-1850; Marriage, Ellen, 1865-1946 [Translator]",en,2004-08-11,https://www.gutenberg.org/cache/epub/1443/pg1443.html,56377
8997,Ritchie's Fabulae Faciles: A First Latin Reader,"Ritchie, Francis; Kirtland, John Copeland, 1870-1951 [Editor]",en; la,2005-09-01,https://www.gutenberg.org/cache/epub/8997/pg8997.html,43377
34443,"The Camp Fire Girls at the Seashore; Or, Bessie King's Happiness","Stewart, Jane L.",en,2010-11-25,https://www.gutenberg.org/files/34443/34443-h/34443-h.htm,38982
57630,"Spons' Household Manual
A treasury of domestic receipts and a guide for home management",E. & F. N. Spon [Publisher],en,2018-08-03,https://www.gutenberg.org/files/57630/57630-h/57630-h.htm,721057
57596,"An essay in defence of the female sex
In which are inserted the characters of a pedant, a squire, a beau, a vertuoso, a poetaster, a city-critick, &c. in a letter to a lady.","Drake, Judith, active 1696-1707; Astell, Mary, 1666-1731; Drake, James, 1667-1707 [Contributor]",en,2018-07-28,https://www.gutenberg.org/files/57596/57596-h/57596-h.htm,30908
43412,"Life of Mozart, Vol. 2 (of 3)","Jahn, Otto, 1813-1869; Grove, George, 1820-1900 [Commentator]; Townsend, Pauline D. [Translator]",en,2013-08-07,https://www.gutenberg.org/files/43412/43412-h/43412-h.htm,190464
71477,Brave Bessie Westland,"Leslie, Emma, 1838-1909",en,2023-08-24,https://www.gutenberg.org/files/71477/71477-h/71477-h.htm,25380
37472,Zanzibar Tales: Told by Natives of the East Coast of Africa,"Bateman, George W. [Translator]; Bobbett, Walter [Illustrator]",en,2011-09-18,https://www.gutenberg.org/files/37472/37472-h/37472-h.htm,26041
39582,The Rival Pitchers: A Story of College Baseball,"Chadwick, Lester, 1873-1962",en,2012-04-30,https://www.gutenberg.org/files/39582/39582-h/39582-h.htm,68880
32186,"Tales from ""Blackwood,"" Volume 2",Various,en,2010-04-30,https://www.gutenberg.org/files/32186/32186-h/32186-h.htm,74415
21469,"The Mate of the ""Lily""; Or, Notes from Harry Musgrave's Log Book","Kingston, William Henry Giles, 1814-1880",en,2007-05-15,https://www.gutenberg.org/files/21469/21469-h/21469-h.htm,37353
70723,Drugs that enslave,"Kane, H. H. (Harry Hubbell), 1854-1906",en,2023-05-08,https://www.gutenberg.org/files/70723/70723-h/70723-h.htm,61186
20821,"Betty Wales, Senior","Dunton, Edith K. (Edith Kellogg), 1875-1944; Nagel, Eva M., 1880- [Illustrator]",en,2007-03-14,https://www.gutenberg.org/files/20821/20821-h/20821-h.htm,68878
15487,Democracy and Social Ethics,"Addams, Jane, 1860-1935",en,2005-03-28,https://www.gutenberg.org/files/15487/15487-h/15487-h.htm,48452
59752,The Moon Maid,"Burroughs, Edgar Rice, 1875-1950",en,2019-06-14,https://www.gutenberg.org/files/59752/59752-h/59752-h.htm,63116
15294,A Country Doctor and Selected Stories and Sketches,"Jewett, Sarah Orne, 1849-1909",en,2005-03-08,https://www.gutenberg.org/files/15294/15294-h/15294-h.htm,145583
21086,"The Penang Pirate
and, The Lost Pinnace","Hutcheson, John C. (John Conroy)",en,2007-04-15,https://www.gutenberg.org/files/21086/21086-h/21086-h.htm,39434
8014,"The Bible, King James version, Book 14: 2 Chronicles",Anonymous,en,2005-04-01,https://www.gutenberg.org/cache/epub/8014/pg8014.html,28565
25732,The Faust-Legend and Goethe's 'Faust',"Cotterill, H. B. (Henry Bernard), 1846-1924",en,2008-06-09,https://www.gutenberg.org/files/25732/25732-h/25732-h.htm,29550
21931,Sea urchins,"Jacobs, W. W. (William Wymark), 1863-1943",en,2007-06-25,https://www.gutenberg.org/cache/epub/21931/pg21931.html,48373
39379,"Collins' Illustrated Guide to London and Neighbourhood
Being a Concise Description of the Chief Places of Interest in the Metropolis, and the Best Modes of Obtaining Access to Them: with Information Relating to Railways, Omnibuses, Steamers, &c.",Anonymous,en,2012-04-05,https://www.gutenberg.org/files/39379/39379-h/39379-h.htm,57350
14698,Ranching for Sylvia,"Bindloss, Harold, 1866-1945",en,2005-01-15,https://www.gutenberg.org/cache/epub/14698/pg14698.html,99634
36951,Jock of the Bushveld,"Fitzpatrick, Percy, 1862-1931; Caldwell, E. (Edmund G.), 1852-1930 [Illustrator]",en,2011-08-02,https://www.gutenberg.org/files/36951/36951-h/36951-h.htm,133695
17730,"A Study of the Textile Art in Its Relation to the Development of Form and Ornament
Sixth Annual Report of the Bureau of Ethnology to the Secretary of the Smithsonian Institution, 1884-'85, Government Printing Office, Washington, 1888, (pages 189-252)","Holmes, William Henry, 1846-1933",en,2006-02-09,https://www.gutenberg.org/files/17730/17730-h/17730-h.htm,18522
37419,Simon Eichelkatz; The Patriarch. Two Stories of Jewish Life,"Frank, Ulrich, 1850-1924",en,2011-09-13,https://www.gutenberg.org/files/37419/37419-h/37419-h.htm,67217
9312,From Whose Bourne,"Barr, Robert, 1850-1912",en,2004-11-17,https://www.gutenberg.org/files/9312/9312-h/9312-h.htm,29791
59103,"Harper's Young People, August 8, 1882
An Illustrated Weekly",Various,en,2019-03-20,https://www.gutenberg.org/files/59103/59103-h/59103-h.htm,16799
15979,Miss Caprice,"Rathborne, St. George, 1854-1938",en,2005-06-03,https://www.gutenberg.org/files/15979/15979-h/15979-h.htm,55797
16553,Burned Bridges,"Sinclair, Bertrand W., 1881-1972; Coleman, Ralph P. (Ralph Pallen), 1892-1968 [Illustrator]",en,2005-08-19,https://www.gutenberg.org/files/16553/16553-h/16553-h.htm,79817
56395,"Musketry (.303 and .22 cartridges)
Elementary training, visual training, judging distance, fire discipline, range practices, field practices","Solano, E. John [Editor]",en,2018-01-19,https://www.gutenberg.org/files/56395/56395-h/56395-h.htm,82271
33757,"The Elements of Botany, For Beginners and For Schools","Gray, Asa, 1810-1888",en,2010-09-18,https://www.gutenberg.org/files/33757/33757-h/33757-h.htm,87825
8310,"The Bible, Douay-Rheims, Book 10: 2 Kings
The Challoner Revision",,en,2005-06-01,https://www.gutenberg.org/cache/epub/8310/pg8310.html,23654
26537,The Windy Hill,"Meigs, Cornelia, 1884-1973",en,2008-09-05,https://www.gutenberg.org/files/26537/26537-h/26537-h.htm,51279
28314,The Yellow Fairy Book,"Lang, Andrew, 1844-1912 [Editor]; Ford, H. J. (Henry Justice), 1860-1941 [Illustrator]",en,2009-03-12,https://www.gutenberg.org/files/28314/28314-h/28314-h.htm,114470
36124,"The International Monthly, Volume 4, No. 1, August, 1851",Various,en,2011-05-16,https://www.gutenberg.org/files/36124/36124-h/36124-h.htm,139380
28436,A Handbook of the English Language,"Latham, R. G. (Robert Gordon), 1812-1888",en,2009-03-29,https://www.gutenberg.org/files/28436/28436-h/28436-h.htm,100657
4254,Miscellanies Upon Various Subjects,"Aubrey, John, 1626-1697",en,2003-07-01,https://www.gutenberg.org/cache/epub/4254/pg4254.html,54051
4844,"History of the United Netherlands from the Death of William the Silent to the Twelve Year's Truce, 1585e-86a","Motley, John Lothrop, 1814-1877",en,2004-01-01,https://www.gutenberg.org/cache/epub/4844/pg4844.html,24291
34467,In Camp With A Tin Soldier,"Bangs, John Kendrick, 1862-1922",en,2010-11-28,https://www.gutenberg.org/files/34467/34467-h/34467-h.htm,37581
27400,The Martian: A Novel,"Du Maurier, George, 1834-1896",en,2008-12-03,https://www.gutenberg.org/files/27400/27400-h/27400-h.htm,134437
35894,"Practical Politics; or, the Liberalism of To-day","Robbins, Alfred Farthing, 1856-1931",en,2011-04-17,https://www.gutenberg.org/files/35894/35894-h/35894-h.htm,75792
34189,Food Poisoning,"Jordan, Edwin O. (Edwin Oakes), 1866-1936",en,2010-11-01,https://www.gutenberg.org/files/34189/34189-h/34189-h.htm,30605
4157,Diary of Samuel Pepys — Volume 36: July 1665,"Pepys, Samuel, 1633-1703; Braybrooke, Richard Griffin, Baron, 1783-1858 [Editor]; Wheatley, Henry B. (Henry Benjamin), 1838-1917 [Editor]; Bright, Mynors, 1818-1883 [Translator]",en,2004-11-30,https://www.gutenberg.org/cache/epub/4157/pg4157.html,13469
12494,Note-Book of Anton Chekhov,"Chekhov, Anton Pavlovich, 1860-1904; Koteliansky, S. S. (Samuel Solomonovitch), 1880-1955 [Translator]; Woolf, Leonard, 1880-1969 [Translator]",en,2004-06-01,https://www.gutenberg.org/cache/epub/12494/pg12494.html,22059
15512,"Punch, or the London Charivari, Volume 152, May 23, 1917",Various,en,2005-03-31,https://www.gutenberg.org/files/15512/15512-h/15512-h.htm,10792
35159,An Essay on Criticism,"Oldmixon, Mr. (John), 1673-1742; Madden, R. J. [Editor]",en,2011-02-04,https://www.gutenberg.org/files/35159/35159-h/35159-h.htm,36983
24996,"The Tapu of Banderah
1901","Becke, Louis, 1855-1913",en,2008-04-05,https://www.gutenberg.org/files/24996/24996-h/24996-h.htm,10017
19212,"The History of England in Three Volumes, Vol. I., Part B.
From Henry III. to Richard III.","Hume, David, 1711-1776",en,2006-09-08,https://www.gutenberg.org/files/19212/19212-h/19212-h.htm,216233
57322,"The Bellman Book of Fiction, 1906-1919","Edgar, William C. (William Crowell), 1856-1932 [Editor]",en,2018-06-13,https://www.gutenberg.org/files/57322/57322-h/57322-h.htm,71396
6746,The Grey Fairy Book,"Lang, Andrew, 1844-1912 [Editor]",en,2004-10-01,https://www.gutenberg.org/files/6746/6746-h/6746-h.htm,98352
4433,Evan Harrington — Volume 7,"Meredith, George, 1828-1909",en,2003-09-01,https://www.gutenberg.org/cache/epub/4433/pg4433.html,26801
41480,"Christmas Evans, the Preacher of Wild Wales
His country, his times, and his contemporaries","Hood, Edwin Paxton, 1820-1885; Evans, Christmas, 1766-1838 [Other]",en,2012-11-25,https://www.gutenberg.org/files/41480/41480-h/41480-h.htm,131138
4186,Diary of Samuel Pepys — Volume 62: February 1667-68,"Pepys, Samuel, 1633-1703; Braybrooke, Richard Griffin, Baron, 1783-1858 [Editor]; Wheatley, Henry B. (Henry Benjamin), 1838-1917 [Editor]; Bright, Mynors, 1818-1883 [Translator]",en,2004-12-01,https://www.gutenberg.org/cache/epub/4186/pg4186.html,17444
37883,"Steve P. Holcombe, the Converted Gambler: His Life and Work","Alexander, Gross, 1852-1915",en,2011-10-30,https://www.gutenberg.org/files/37883/37883-h/37883-h.htm,116560
34724,Lola,"Davis, Owen, 1874-1956",en,2010-12-22,https://www.gutenberg.org/files/34724/34724-h/34724-h.htm,61931
1119,King Henry V,"Shakespeare, William, 1564-1616",en,1997-11-01,https://www.gutenberg.org/cache/epub/1119/pg1119.html,29646
9565,"Pennsylvania Pilgrim, and other poems
Part 6 From Volume I of The Works of John Greenleaf Whittier","Whittier, John Greenleaf, 1807-1892",en,2005-12-01,https://www.gutenberg.org/cache/epub/9565/pg9565.html,14402
1272,The Riddle of the Rhine: Chemical Strategy in Peace and War,"Lefebure, Victor",en,1998-04-01,https://www.gutenberg.org/cache/epub/1272/pg1272.html,77035
39499,Moores Fables for the Female Sex,"Moore, Edward, 1712-1757; Brooke, Henry, 1703?-1783 [Illustrator]",en,2012-04-22,https://www.gutenberg.org/files/39499/39499-h/39499-h.htm,16673
37871,Dandelion Cottage,"Rankin, Carroll Watson, 1870-; Stevens, Mary [Illustrator]",en,2011-10-28,https://www.gutenberg.org/files/37871/37871-h/37871-h.htm,46713
29860,A Great Man: A Frolic,"Bennett, Arnold, 1867-1931",en,2009-08-30,https://www.gutenberg.org/files/29860/29860-h/29860-h.htm,63402
3834,"Hassan : the story of Hassan of Bagdad, and how he came to make the golden journey to Samarkand : a play in five acts","Flecker, James Elroy, 1884-1915",en,2003-03-01,https://www.gutenberg.org/cache/epub/3834/pg3834.html,27600
1739,"The Black Death, and The Dancing Mania","Hecker, J. F. C. (Justus Friedrich Carl), 1795-1850; Morley, Henry, 1822-1894 [Editor]; Babington, B. G. (Benjamin Guy), 1794-1866 [Translator]",en,1999-05-01,https://www.gutenberg.org/files/1739/1739-h/1739-h.htm,44088
34977,Dutch and English on the Hudson: A Chronicle of Colonial New York,"Goodwin, Maud Wilder, 1856-1935; Jefferys, Charles W. (Charles William), 1869-1951 [Illustrator]",en,2011-01-15,https://www.gutenberg.org/files/34977/34977-h/34977-h.htm,52520
39049,"Old-Time Gardens, Newly Set Forth","Earle, Alice Morse, 1851-1911",en,2012-03-04,https://www.gutenberg.org/files/39049/39049-h/39049-h.htm,109091
34306,"Fighting in Cuban Waters; Or, Under Schley on the Brooklyn","Stratemeyer, Edward, 1862-1930; Shute, A. B. (Augustus Burnham), 1851-1906 [Illustrator]",en,2010-11-13,https://www.gutenberg.org/files/34306/34306-h/34306-h.htm,66411
28961,Cuore (Heart): An Italian Schoolboy's Journal,"De Amicis, Edmondo, 1846-1908; Hapgood, Isabel Florence, 1850-1928 [Translator]",en,2009-05-24,https://www.gutenberg.org/files/28961/28961-h/28961-h.htm,98643
56768,"Scribner's Magazine, Volume 26, August 1899",Various,en,2018-03-18,https://www.gutenberg.org/files/56768/56768-h/56768-h.htm,72436
19551,"Alice in Wonderland, Retold in Words of One Syllable","Carroll, Lewis, 1832-1898; Gorham, J. C., Mrs.",en,2006-10-16,https://www.gutenberg.org/files/19551/19551-h/19551-h.htm,21582
27681,The Last of the Mohicans: A Narrative of 1757,"Cooper, James Fenimore, 1789-1851; Wyeth, N. C. (Newell Convers), 1882-1945 [Illustrator]",en,2009-01-01,https://www.gutenberg.org/files/27681/27681-h/27681-h.htm,149486
9054,The Young Woman's Guide,"Alcott, William A. (William Andrus), 1798-1859",en,2005-10-01,https://www.gutenberg.org/cache/epub/9054/pg9054.html,71023
31106,Brooke's Daughter: A Novel,"Sergeant, Adeline, 1851-1904",en,2010-01-28,https://www.gutenberg.org/files/31106/31106-h/31106-h.htm,127836
3345,The Wandering Jew — Volume 07,"Sue, Eugène, 1804-1857",en,2004-10-25,https://www.gutenberg.org/cache/epub/3345/pg3345.html,43882
38203,A Trip to Cuba,"Howe, Julia Ward, 1819-1910",en,2011-12-03,https://www.gutenberg.org/files/38203/38203-h/38203-h.htm,45987
5071,The Philanderer,"Shaw, Bernard, 1856-1950",en,2004-02-01,https://www.gutenberg.org/files/5071/5071-h/5071-h.htm,25143
38978,Mildred's New Daughter,"Finley, Martha, 1828-1909",en,2012-02-25,https://www.gutenberg.org/files/38978/38978-h/38978-h.htm,64860
23779,A Little Girl in Old Quebec,"Douglas, Amanda M., 1831-1916",en,2007-12-09,https://www.gutenberg.org/files/23779/23779-h/23779-h.htm,76582
57178,The Life of a Fossil Hunter,"Sternberg, Charles H. (Charles Hazelius), 1850-1943; Osborn, Henry Fairfield, 1857-1935 [Author of introduction, etc.]",en,2018-05-18,https://www.gutenberg.org/files/57178/57178-h/57178-h.htm,72264
21126,"Chambers's Edinburgh Journal, No. 447
Volume 18, New Series, July 24, 1852","Various; Chambers, Robert, 1802-1871 [Editor]; Chambers, William, 1800-1883 [Editor]",en,2007-04-17,https://www.gutenberg.org/files/21126/21126-h/21126-h.htm,21650
24313,Once a week,"Milne, A. A. (Alan Alexander), 1882-1956",en,2008-01-15,https://www.gutenberg.org/files/24313/24313-h/24313-h.htm,77071
59453,"A Short List of Scientific Books Published by E. & F. N. Spon, Ltd. September 1915",E. & F. N. Spon,en,2019-05-07,https://www.gutenberg.org/files/59453/59453-h/59453-h.htm,15761
38943,"Science and Medieval Thought
The Harveian Oration Delivered Before the Royal College of Physicians, October 18, 1900","Allbutt, T. Clifford (Thomas Clifford), 1836-1925",en,2012-02-21,https://www.gutenberg.org/files/38943/38943-h/38943-h.htm,25874
18975,The North Pole: Its Discovery in 1909 under the auspices of the Peary Arctic Club,"Peary, Robert E. (Robert Edwin), 1856-1920; Grosvenor, Gilbert Hovey, 1875-1966 [Author of introduction, etc.]; Roosevelt, Theodore, 1858-1919 [Author of introduction, etc.]",en,2006-08-03,https://www.gutenberg.org/files/18975/18975-h/18975-h.htm,107273
1905,"The Governess; Or, The Little Female Academy","Fielding, Sarah, 1710-1768",en,1999-09-01,https://www.gutenberg.org/files/1905/1905-h/1905-h.htm,51341
18883,The Four Feathers,"Mason, A. E. W. (Alfred Edward Woodley), 1865-1948",en,2006-07-21,https://www.gutenberg.org/files/18883/18883-h/18883-h.htm,108261
26663,Fruits of Culture,"Tolstoy, Leo, graf, 1828-1910; Maude, Aylmer, 1858-1938 [Translator]; Maude, Louise, 1855-1939 [Translator]",en,2008-09-20,https://www.gutenberg.org/files/26663/26663-h/26663-h.htm,30900
29993,Poems,"Howells, William Dean, 1837-1920",en,2009-09-15,https://www.gutenberg.org/files/29993/29993-h/29993-h.htm,28941
37820,Chronicles of Martin Hewitt,"Morrison, Arthur, 1863-1945",en,2011-10-22,https://www.gutenberg.org/files/37820/37820-h/37820-h.htm,68309
17220,Bohemian Society,"Leavitt, Lydia",en,2005-12-04,https://www.gutenberg.org/files/17220/17220-h/17220-h.htm,15986
14908,Recollections of Bytown and Its Old Inhabitants,"Lett, William Pittman, 1819-1892",en,2005-02-04,https://www.gutenberg.org/files/14908/14908-h/14908-h.htm,21151
8881,A Fleece of Gold; Five Lessons from the Fable of Jason and the Golden Fleece,"Given, Charles Stewart",en,2005-09-01,https://www.gutenberg.org/files/8881/8881-h/8881-h.htm,13923
27516,The Toilers of the Field,"Jefferies, Richard, 1848-1887",en,2008-12-13,https://www.gutenberg.org/files/27516/27516-h/27516-h.htm,65108
36559,Legends of The Kaw: The Folk-Lore of the Indians of the Kansas River Valley,"De Voe, Carrie",en,2011-06-30,https://www.gutenberg.org/files/36559/36559-h/36559-h.htm,36021
322,St. Ives: Being the Adventures of a French Prisoner in England,"Stevenson, Robert Louis, 1850-1894",en,1995-09-01,https://www.gutenberg.org/files/322/322-h/322-h.htm,105372
31937,Evil Out of Onzar,"Ganes, Mark",en,2010-04-10,https://www.gutenberg.org/files/31937/31937-h/31937-h.htm,18641
59191,Four Mystery Plays,"Steiner, Rudolf, 1861-1925; Collison, Harry, 1868-1945 [Translator]; Gandell, Shirley M. K., 1866-1946 [Translator]; Gladstone, Robert Theodore [Translator]",en,2019-04-02,https://www.gutenberg.org/files/59191/59191-h/59191-h.htm,112695
24902,"The International Monthly, Volume 2, No. 4, March, 1851",Various,en,2008-03-23,https://www.gutenberg.org/files/24902/24902-h/24902-h.htm,145997
38491,"Notes and Queries, Vol. IV, Number 98, September 13, 1851
A Medium of Inter-communication for Literary Men, Artists, Antiquaries, Genealogists, etc.","Various; Bell, George, 1814-1890 [Editor]",en,2012-01-03,https://www.gutenberg.org/files/38491/38491-h/38491-h.htm,15514
24104,The Aliens,"Leinster, Murray, 1896-1975; Van Dongen, H. R., 1920-2010 [Illustrator]",en,2008-01-01,https://www.gutenberg.org/files/24104/24104-h/24104-h.htm,14303
23997,"Eugene Oneguine [Onegin]
A Romance of Russian Life in Verse","Pushkin, Aleksandr Sergeevich, 1799-1837; Spalding, Henry [Translator]",en,2007-12-27,https://www.gutenberg.org/files/23997/23997-h/23997-h.htm,40156
37389,Chlorination of Water,"Race, Joseph",en,2011-09-11,https://www.gutenberg.org/files/37389/37389-h/37389-h.htm,42627
8373,"The Bible, Douay-Rheims, Book 73: Apocalypse
The Challoner Revision",,en,2005-06-01,https://www.gutenberg.org/cache/epub/8373/pg8373.html,15464
33916,"The Dead Lake, and Other Tales","Heyse, Paul, 1830-1914; Wilson, Mary [Translator]",en,2010-10-18,https://www.gutenberg.org/files/33916/33916-h/33916-h.htm,91741
32759,Red Nails,"Howard, Robert E. (Robert Ervin), 1906-1936",en,2010-06-09,https://www.gutenberg.org/files/32759/32759-h/32759-h.htm,31546
58970,Handbook of German Idioms,"Lambert, Marcus Bachman, 1862-",en,2019-02-26,https://www.gutenberg.org/files/58970/58970-h/58970-h.htm,26805
57475,"Experience of a Confederate States Prisoner
Being an Ephemeris Regularly Kept by an Officer of the Confederate States Army","West, Beckwith",en,2018-07-09,https://www.gutenberg.org/files/57475/57475-h/57475-h.htm,32917
25560,"Punch, or the London Charivari, Vol. 146, June 24, 1914","Various; Seaman, Owen, 1861-1936 [Editor]",en,2008-05-22,https://www.gutenberg.org/files/25560/25560-h/25560-h.htm,14060
24254,"History of the English People, Volume VI
Puritan England, 1642-1660; The Revolution, 1660-1683","Green, John Richard, 1837-1883",en,2008-01-11,https://www.gutenberg.org/files/24254/24254-h/24254-h.htm,82368
24330,"Iron Making in the Olden Times
as instanced in the Ancient Mines, Forges, and Furnaces of The Forest of Dean","Nicholls, H. G. (Henry George), 1825-1867",en,2008-01-16,https://www.gutenberg.org/files/24330/24330-h/24330-h.htm,25599
21491,The Trapper's Son,"Kingston, William Henry Giles, 1814-1880",en,2007-05-16,https://www.gutenberg.org/files/21491/21491-h/21491-h.htm,28063
5409,The Memoirs of Count Grammont — Volume 01,"Hamilton, Anthony, Count, 1646?-1720; Scott, Walter, 1771-1832 [Editor]",en,2004-12-04,https://www.gutenberg.org/cache/epub/5409/pg5409.html,12607
39305,"The Memoirs of Jacques Casanova de Seingalt, Vol. V (of VI), ""In London and Moscow""
The First Complete and Unabridged English Translation, Illustrated with Old Engravings","Casanova, Giacomo, 1725-1798; Machen, Arthur, 1863-1947 [Translator]",en,2012-03-29,https://www.gutenberg.org/files/39305/39305-h/39305-h.htm,194030
18234,A Girl's Student Days and After,"Marks, Jeannette Augustus, 1875-1964; Woolley, Mary Emma, 1863-1947 [Commentator]",en,2006-04-23,https://www.gutenberg.org/files/18234/18234-h/18234-h.htm,21239
19584,"A New System; or, an Analysis of Antient Mythology. Volume 2 (of 6)","Bryant, Jacob, 1715-1804",en,2006-10-18,https://www.gutenberg.org/files/19584/19584-h/19584-h.htm,96663
25461,Bo-Peep Story Books,"Chatelain, Clara de, 1807-1876 [Editor]",en,2008-05-13,https://www.gutenberg.org/files/25461/25461-h/25461-h.htm,22023
3605,On the Firing Line,"Ray, Anna Chapin, 1865-1945; Fuller, Hamilton Brock",en,2003-01-01,https://www.gutenberg.org/files/3605/3605-h/3605-h.htm,63995
18992,Current superstitions,"Bergen, Fanny D. (Fanny Dickerson), 1846-1924 [Editor]; Newell, William Wells, 1839-1907 [Commentator]",en,2006-08-05,https://www.gutenberg.org/files/18992/18992-h/18992-h.htm,52020
57276,Yellow Star: A Story of East and West,"Eastman, Elaine Goodale, 1863-1953; Dietz, Lone Star, 1885-1964 [Illustrator]; Henook-Makhewe-Kelenaka, 1871-1919 [Illustrator]",en,2018-06-04,https://www.gutenberg.org/files/57276/57276-h/57276-h.htm,39289
16873,"""Colony,""--or ""Free State""? ""Dependence,""--or ""Just Connection""? ""Empire,""--or ""Union""?","Snow, Alpheus Henry, 1859-1920",en,2005-10-14,https://www.gutenberg.org/files/16873/16873-h/16873-h.htm,24831
19737,"The Principles of Gothic Ecclesiastical Architecture, Elucidated by Question and Answer, 4th ed.","Bloxam, Matthew Holbeche, 1805-1888",en,2006-11-08,https://www.gutenberg.org/files/19737/19737-h/19737-h.htm,42882
33494,The Library and Society: Reprints of Papers and Addresses,"Bostwick, Arthur E. (Arthur Elmore), 1860-1942 [Editor]",en,2010-08-22,https://www.gutenberg.org/files/33494/33494-h/33494-h.htm,165176
20117,"Chatterbox, 1905.",Various,en,2006-12-15,https://www.gutenberg.org/files/20117/20117-h/20117-h.htm,249291
24804,The Rider in Khaki: A Novel,"Gould, Nat, 1857-1919",en,2008-03-11,https://www.gutenberg.org/cache/epub/24804/pg24804.html,55698
31879,Coelebs In Search of a Wife,"More, Hannah, 1745-1833",en,2010-04-04,https://www.gutenberg.org/files/31879/31879-h/31879-h.htm,137860
58915,Voyage to Jupiter,"Morrison, David, 1940-; Samz, Jane",en,2019-02-19,https://www.gutenberg.org/files/58915/58915-h/58915-h.htm,69831
5129,The Prodigal Judge,"Kester, Vaughan, 1869-1911",en,2004-02-01,https://www.gutenberg.org/files/5129/5129-h/5129-h.htm,117965
953,"Tom Swift and His Big Tunnel; Or, The Hidden City of the Andes","Appleton, Victor",en,1997-06-01,https://www.gutenberg.org/files/953/953-h/953-h.htm,45295
4432,Evan Harrington — Volume 6,"Meredith, George, 1828-1909",en,2003-09-01,https://www.gutenberg.org/cache/epub/4432/pg4432.html,22851
26174,The Machine That Saved The World,"Leinster, Murray, 1896-1975",en,2008-08-02,https://www.gutenberg.org/files/26174/26174-h/26174-h.htm,14261
25699,"The Battle of New Orleans
including the Previous Engagements between the Americans
and the British, the Indians and the Spanish which led to
the Final Conflict on the 8th of January, 1815","Smith, Z. F. (Zachariah Frederick), 1827-1911",en,2008-06-05,https://www.gutenberg.org/files/25699/25699-h/25699-h.htm,50327
7335,Jack Harkaway and His Son's Escape from the Brigands of Greece,"Hemyng, Bracebridge, 1841-1901",en,2005-01-01,https://www.gutenberg.org/files/7335/7335-h/7335-h.htm,90346
15953,The City of Delight: A Love Drama of the Siege and Fall of Jerusalem,"Miller, Elizabeth, 1878-1961; Leyendecker, Frank X., 1877-1924 [Illustrator]",en,2005-05-31,https://www.gutenberg.org/files/15953/15953-h/15953-h.htm,82816
26631,A Virginia Scout,"Pendexter, Hugh, 1875-1940; Hutchison, D. C., 1869-1954 [Illustrator]",en,2008-09-16,https://www.gutenberg.org/files/26631/26631-h/26631-h.htm,84826
29939,The Chinese Fairy Book,"Wilhelm, Richard, 1873-1930 [Editor]",en,2009-09-08,https://www.gutenberg.org/files/29939/29939-h/29939-h.htm,100049
25141,The Pursuit of God,"Tozer, A. W. (Aiden Wilson), 1897-1963",en,2008-04-23,https://www.gutenberg.org/files/25141/25141-h/25141-h.htm,29650
32256,The Big Time,"Leiber, Fritz, 1910-1992; Finlay, Virgil, 1914-1971 [Illustrator]",en,2010-05-05,https://www.gutenberg.org/files/32256/32256-h/32256-h.htm,39779
401,Blix,"Norris, Frank, 1870-1902",en,1996-01-01,https://www.gutenberg.org/files/401/401-h/401-h.htm,52534
18598,"Stories of Achievement, Volume IV, Authors and Journalists","Dickinson, Asa Don, 1876-1960 [Editor]",en,2006-06-15,https://www.gutenberg.org/files/18598/18598-h/18598-h.htm,41660
27853,How the Flag Became Old Glory,"Scott, Emma Look, Mrs., 1858-; Valentine, A. C. [Illustrator]",en,2009-01-20,https://www.gutenberg.org/files/27853/27853-h/27853-h.htm,23355
56960,The Midnight Guest: A Detective Story,"White, Fred M. (Fred Merrick), 1859-1935",en,2018-04-11,https://www.gutenberg.org/files/56960/56960-h/56960-h.htm,84868
31044,"The Turn of the Road
A Play in Two Scenes and an Epilogue","Mayne, Rutherford, 1878-1967",en,2010-01-23,https://www.gutenberg.org/files/31044/31044-h/31044-h.htm,13567
8529,The World Decision,"Herrick, Robert, 1868-1938",en,2005-07-01,https://www.gutenberg.org/cache/epub/8529/pg8529.html,56625
38893,Spiritual Adventures,"Symons, Arthur, 1865-1945",en,2012-02-15,https://www.gutenberg.org/files/38893/38893-h/38893-h.htm,60735
47264,The Argentine Republic: Its Development and Progress,"Denis, Pierre, 1883-1951",en,2014-11-02,https://www.gutenberg.org/files/47264/47264-h/47264-h.htm,100236
18434,A Melody in Silver,"Abbott, Keene, 1876-1941",en,2006-05-22,https://www.gutenberg.org/files/18434/18434-h/18434-h.htm,20015
16254,The Fertility of the Unfit,"Chapple, W. A. (William Allan), 1864-1936; Waddell, Rutherford, 1849-1932 [Commentator]",en,2005-07-10,https://www.gutenberg.org/files/16254/16254-h/16254-h.htm,31664
8832,"Weymouth New Testament in Modern Speech, Acts","Weymouth, Richard Francis, 1822-1902",en,2005-09-01,https://www.gutenberg.org/cache/epub/8832/pg8832.html,27422
58862,"Medical Inquiries and Observations, Vol. 4
The Second Edition, Revised and Enlarged by the Author","Rush, Benjamin, 1746-1813",en,2019-02-28,https://www.gutenberg.org/files/58862/58862-h/58862-h.htm,78185
39453,Kit Musgrave's Luck,"Bindloss, Harold, 1866-1945",en,2012-04-14,https://www.gutenberg.org/files/39453/39453-h/39453-h.htm,80945
12492,"Recent Tendencies in Ethics
Three Lectures to Clergy Given at Cambridge","Sorley, W. R. (William Ritchie), 1855-1935",en,2004-06-01,https://www.gutenberg.org/cache/epub/12492/pg12492.html,25614
6779,History of the Revolt of the Netherlands — Volume 04,"Schiller, Friedrich, 1759-1805",en,2004-10-01,https://www.gutenberg.org/cache/epub/6779/pg6779.html,54589
70909,Pan-Germany,"Chéradame, André, 1871-1948",en,2023-06-04,https://www.gutenberg.org/files/70909/70909-h/70909-h.htm,29970
1640,Lilith: A Romance,"MacDonald, George, 1824-1905",en,1999-02-01,https://www.gutenberg.org/files/1640/1640-h/1640-h.htm,95453
65,"The First 100,000 Prime Numbers",Unknown,en,1993-05-01,https://www.gutenberg.org/cache/epub/65/pg65.html,101513
59180,"Rubble and Roseleaves, and Things of That Kind","Boreham, Frank, 1871-1959",en,2019-04-01,https://www.gutenberg.org/files/59180/59180-h/59180-h.htm,56989
59988,Poems of Nature,"Thoreau, Henry David, 1817-1862; Salt, Henry S., 1851-1939 [Editor]; Sanborn, F. B. (Franklin Benjamin), 1831-1917 [Editor]",en,2019-07-27,https://www.gutenberg.org/files/59988/59988-h/59988-h.htm,10758
34902,Basque Legends; With an Essay on the Basque Language,"Webster, Wentworth, 1829-1907; Vinson, Julien, 1843-1927? [Contributor]",en,2011-01-09,https://www.gutenberg.org/files/34902/34902-h/34902-h.htm,98919
5262,Curly and Floppy Twistytail (The Funny Piggie Boys),"Garis, Howard Roger, 1873-1962",en,2004-03-01,https://www.gutenberg.org/cache/epub/5262/pg5262.html,38350
38373,Liberty in the Nineteenth Century,"Holland, Frederic May, 1836-1908",en,2011-12-22,https://www.gutenberg.org/files/38373/38373-h/38373-h.htm,65458
4323,The Heart-Cry of Jesus,"Rees, Byron J. (Byron Johnson), 1877-1920",en,2003-08-01,https://www.gutenberg.org/files/4323/4323-h/4323-h.htm,18337
35083,Swamp Island,"Wirt, Mildred A. (Mildred Augustine), 1905-2002",en,2011-01-26,https://www.gutenberg.org/files/35083/35083-h/35083-h.htm,40417
20709,From Pole to Pole: A Book for Young People,"Hedin, Sven Anders, 1865-1952",en,2007-02-28,https://www.gutenberg.org/files/20709/20709-h/20709-h.htm,166755
37680,The Myrtle Reed Cook Book,"Reed, Myrtle, 1874-1911",en,2011-10-10,https://www.gutenberg.org/files/37680/37680-h/37680-h.htm,106492
19986,Martyred Armenia,"Ghusayn, Fa'iz, 1883-1968",en,2006-12-01,https://www.gutenberg.org/files/19986/19986-h/19986-h.htm,14999
7998,The Frogs,"Aristophanes, 447? BCE-386? BCE",en,2005-04-01,https://www.gutenberg.org/files/7998/7998-h/7998-h.htm,14510
22259,"The Legacy of Greece
Essays By: Gilbert Murray, W. R. Inge, J. Burnet, Sir T. L. Heath, D'arcy W. Thompson, Charles Singer, R. W. Livingston, A. Toynbee, A. E. Zimmern, Percy Gardner, Sir Reginald Blomfield","Livingstone, Richard Winn, Sir, 1880-1960 [Editor]",en,2007-08-06,https://www.gutenberg.org/files/22259/22259-h/22259-h.htm,145690
2011,Rudder Grange,"Stockton, Frank R., 1834-1902",en,1999-12-01,https://www.gutenberg.org/files/2011/2011-h/2011-h.htm,67839
71305,The farmer's bride,"Mew, Charlotte Mary, 1869-1928",en,2023-07-30,https://www.gutenberg.org/files/71305/71305-h/71305-h.htm,10547
71091,Father Duffy's story,"Duffy, Francis Patrick, 1871-1932; Kilmer, Joyce, 1886-1918 [Contributor]",en,2023-07-02,https://www.gutenberg.org/files/71091/71091-h/71091-h.htm,131535
6139,Marvels of Modern Science,"Severing, Paul; Waters, Theodore, 1870- [Editor]",en,2004-07-01,https://www.gutenberg.org/cache/epub/6139/pg6139.html,45797
7258,"Dreams, Waking Thoughts, and Incidents","Beckford, William, 1760-1844",en,2005-01-01,https://www.gutenberg.org/files/7258/7258-h/7258-h.htm,79574
39246,Heroic Spain,"O'Reilly, Elizabeth Boyle, 1874-",en,2012-03-24,https://www.gutenberg.org/files/39246/39246-h/39246-h.htm,104467
33019,The Green God,"Kummer, Frederic Arnold, 1873-1943; Schabelitz, R. F. (Rudolph Frederick), 1884- [Illustrator]",en,2010-06-29,https://www.gutenberg.org/files/33019/33019-h/33019-h.htm,48973
6217,"The Pomp of the Lavilettes, Complete","Parker, Gilbert, 1862-1932",en,2004-11-16,https://www.gutenberg.org/files/6217/6217-h/6217-h.htm,40218
20590,Letters & Lettering: A Treatise with 200 Examples,"Brown, Frank Chouteau, 1876-1947",en,2007-02-16,https://www.gutenberg.org/files/20590/20590-h/20590-h.htm,20974
32110,Montezuma: An Epic on the Origin and Fate of the Aztec Nation,"Richmond, Hiram Hoyt, 1843-",en,2010-04-24,https://www.gutenberg.org/files/32110/32110-h/32110-h.htm,37788
11560,The Barbarism of Berlin,"Chesterton, G. K. (Gilbert Keith), 1874-1936",en,2004-03-01,https://www.gutenberg.org/cache/epub/11560/pg11560.html,11749
11817,"U.S. Copyright Renewals, 1958 January - June",Library of Congress. Copyright Office,en,2004-03-01,https://www.gutenberg.org/cache/epub/11817/pg11817.html,66509
59904,"Tony, the Hero; Or, A Brave Boy's Adventures with a Tramp","Alger, Horatio, Jr., 1832-1899",en,2019-07-12,https://www.gutenberg.org/files/59904/59904-h/59904-h.htm,72303
9615,"The diary of a superfluous man, and other stories","Turgenev, Ivan Sergeevich, 1818-1883; Garnett, Constance, 1861-1946 [Translator]",en,2006-01-01,https://www.gutenberg.org/cache/epub/9615/pg9615.html,67827
9837,Albert Dürer,"Moore, T. Sturge (Thomas Sturge), 1870-1944",en,2006-02-01,https://www.gutenberg.org/files/9837/9837-h/9837-h.htm,100021
3124,The People for Whom Shakespeare Wrote,"Warner, Charles Dudley, 1829-1900",en,2004-12-05,https://www.gutenberg.org/cache/epub/3124/pg3124.html,27070
24440,Surgical Anatomy,"Maclise, Joseph",en,2008-01-28,https://www.gutenberg.org/files/24440/24440-h/24440-h.htm,109221
43559,"Fifth Report of the Vestry of the Parish of Chelsea in the County of Middlesex, Appointed Under the Metropolis Local Management Act, 1855: 1860-1","Lahee, Charles",en,2013-08-26,https://www.gutenberg.org/files/43559/43559-h/43559-h.htm,50831
59463,His Great Adventure,"Herrick, Robert, 1868-1938",en,2019-05-08,https://www.gutenberg.org/files/59463/59463-h/59463-h.htm,83178
35228,Airy Fairy Lilian,"Duchess, 1855?-1897",en,2011-02-09,https://www.gutenberg.org/files/35228/35228-h/35228-h.htm,132961
18250,"The Prose Works of Jonathan Swift, D.D. - Volume 07
Historical and Political Tracts-Irish","Swift, Jonathan, 1667-1745; Scott, Temple, 1864-1939 [Editor]",en,2006-04-24,https://www.gutenberg.org/files/18250/18250-h/18250-h.htm,123771
9610,"The Elegies of Tibullus
Being the Consolations of a Roman Lover Done in English Verse","Tibullus, 55 BCE-20 BCE; Williams, Theodore Chickering, 1855-1915 [Translator]",en,2006-01-01,https://www.gutenberg.org/files/9610/9610-h/9610-h.htm,15911
18993,History of the World War,"March, Francis A., Jr., 1863-1928; Beamish, Richard J. (Richard Joseph), 1867-1945",en,2006-08-06,https://www.gutenberg.org/cache/epub/18993/pg18993.html,241861
21071,The Rover's Secret: A Tale of the Pirate Cays and Lagoons of Cuba,"Collingwood, Harry, 1851-1922; Symons, William Christian, 1845-1911 [Illustrator]",en,2007-04-13,https://www.gutenberg.org/files/21071/21071-h/21071-h.htm,124094
18467,"The People's Common Sense Medical Adviser in Plain English
or, Medicine Simplified, 54th ed., One Million, Six Hundred
and Fifty Thousand","Pierce, Ray Vaughn, 1840-1914",en,2006-05-28,https://www.gutenberg.org/files/18467/18467-h/18467-h.htm,397056
71221,A history of tithes,"Clarke, Henry William",en,2023-07-18,https://www.gutenberg.org/files/71221/71221-h/71221-h.htm,90286
69218,The worship of the golden calf: A story of wage-slavery in Massachusetts,"French, Charles Sheldon",en,2022-10-24,https://www.gutenberg.org/files/69218/69218-h/69218-h.htm,30621
11424,The Trade Union Woman,"Henry, Alice, 1857-1943",en,2004-03-01,https://www.gutenberg.org/cache/epub/11424/pg11424.html,96934
38393,"The Fourth Estate, vol. 1","Palacio Valdés, Armando, 1853-1938",en,2011-12-23,https://www.gutenberg.org/files/38393/38393-h/38393-h.htm,69195
58319,The story of paper-making,"Butler, Frank Osgood, 1861-1955",en,2018-11-21,https://www.gutenberg.org/files/58319/58319-h/58319-h.htm,29357
16783,"Memoir, Correspondence, and Miscellanies, From the Papers of Thomas Jefferson, Volume 3","Jefferson, Thomas, 1743-1826; Randolph, Thomas Jefferson, 1792-1875 [Editor]",en,2005-09-30,https://www.gutenberg.org/files/16783/16783-h/16783-h.htm,217639
8391,"Scientific American Supplement, No. 288, July 9, 1881",Various,en,2005-06-01,https://www.gutenberg.org/files/8391/8391-h/8391-h.htm,43849
58876,"Judith Moore; or, Fashioning a Pipe","Wood, Joanna E. (Joanna Ellen), 1867-1927",en,2019-02-11,https://www.gutenberg.org/files/58876/58876-h/58876-h.htm,49786
8590,Auld Licht Idyls,"Barrie, J. M. (James Matthew), 1860-1937",en,2005-07-01,https://www.gutenberg.org/files/8590/8590-h/8590-h.htm,44384
56368,"Alhalla, or the Lord of Talladega: A Tale of the Creek War.
With Some Selected Miscellanies, Chiefly of Early Date.","Schoolcraft, Henry Rowe, 1793-1864",en,2018-01-13,https://www.gutenberg.org/files/56368/56368-h/56368-h.htm,20191
2358,The After House,"Rinehart, Mary Roberts, 1876-1958",en,2000-10-01,https://www.gutenberg.org/files/2358/2358-h/2358-h.htm,49206
24757,The Atonement and the Modern Mind,"Denney, James, 1856-1917",en,2008-03-05,https://www.gutenberg.org/cache/epub/24757/pg24757.html,26570
59732,Hernando Cortes,"Campe, Joachim Heinrich, 1746-1818; Upton, George P. (George Putnam), 1834-1919 [Translator]",en,2019-06-11,https://www.gutenberg.org/files/59732/59732-h/59732-h.htm,37834
29387,Marcy the Blockade Runner,"Castlemon, Harry, 1842-1915",en,2009-07-12,https://www.gutenberg.org/cache/epub/29387/pg29387.html,82774
35960,The Lure of the Camera,"Olcott, Charles S. (Charles Sumner), 1864-1935",en,2011-04-25,https://www.gutenberg.org/files/35960/35960-h/35960-h.htm,67720
18387,The Days of Bruce: A Story from Scottish History. Vol. 1,"Aguilar, Grace, 1816-1847",en,2006-05-14,https://www.gutenberg.org/files/18387/18387-h/18387-h.htm,147718
16355,Combed Out,"Voigt, F. A. (Frederick Augustus), 1892-1957",en,2005-07-24,https://www.gutenberg.org/files/16355/16355-h/16355-h.htm,52542
34383,John the Baptist: A Play,"Sudermann, Hermann, 1857-1928; Marshall, Beatrice, 1861-1944 [Translator]",en,2010-11-20,https://www.gutenberg.org/files/34383/34383-h/34383-h.htm,23556
26889,The Pools of Silence,"Stacpoole, H. De Vere (Henry De Vere), 1863-1951",en,2008-10-12,https://www.gutenberg.org/files/26889/26889-h/26889-h.htm,76756
35485,The Doctor's Wife: A Novel,"Braddon, M. E. (Mary Elizabeth), 1835-1915",en,2011-03-04,https://www.gutenberg.org/files/35485/35485-h/35485-h.htm,168494
70866,Recollections of the eventful life of a soldier,"Donaldson, Joseph, 1793-1830",en,2023-05-26,https://www.gutenberg.org/files/70866/70866-h/70866-h.htm,124975
38440,"A Distributional Study of the Amphibians of the Isthmus of Tehuantepec, México","Duellman, William Edward, 1930-2022",en,2011-12-30,https://www.gutenberg.org/files/38440/38440-h/38440-h.htm,23759
36623,Dorrien of Cranston,"Mitford, Bertram, 1855-1914",en,2011-07-05,https://www.gutenberg.org/files/36623/36623-h/36623-h.htm,121264
28997,"Great Men and Famous Women, Vol. 7
A series of pen and pencil sketches of the lives of more than 200 of the most prominent personages in History","Horne, Charles F. (Charles Francis), 1870-1942 [Editor]",en,2009-05-30,https://www.gutenberg.org/files/28997/28997-h/28997-h.htm,108892
58172,Index of the Project Gutenberg Works of Washington Irving,"Irving, Washington, 1783-1859; Widger, David, 1932-2021? [Editor]",en,2018-10-26,https://www.gutenberg.org/files/58172/58172-h/58172-h.htm,12741
5696,A Yankee Girl at Fort Sumter,"Curtis, Alice Turner, 1860-1958",en,2004-05-01,https://www.gutenberg.org/cache/epub/5696/pg5696.html,39744
9362,Birds of Prey,"Braddon, M. E. (Mary Elizabeth), 1835-1915",en,2005-11-01,https://www.gutenberg.org/cache/epub/9362/pg9362.html,164672
2332,Critical and Historical Essays — Volume 1,"Macaulay, Thomas Babington Macaulay, Baron, 1800-1859",en,2000-09-01,https://www.gutenberg.org/files/2332/2332-h/2332-h.htm,296289
2808,Treatises on Friendship and Old Age,"Cicero, Marcus Tullius, 107 BCE-44 BCE; Shuckburgh, Evelyn S. (Evelyn Shirley), 1843-1906 [Translator]",en,2001-09-01,https://www.gutenberg.org/files/2808/2808-h/2808-h.htm,30040
30639,"Border, Breed Nor Birth","Reynolds, Mack, 1917-1983; Schoenherr, John, 1935-2010 [Illustrator]",en,2009-12-09,https://www.gutenberg.org/files/30639/30639-h/30639-h.htm,42909
19118,"The Philippine Islands, 1493-1898 — Volume 25 of 55
1635-36
Explorations by Early Navigators, Descriptions of the Islands and Their Peoples, Their History and Records of the Catholic Missions, As Related in Contemporaneous Books and Manuscripts, Showing the Political, Economic, Commercial and Religious Conditions of Those Islands from Their Earliest Relations with European Nations to the Close of the Nineteenth Century","Blair, Emma Helen, 1851-1911 [Editor]; Bourne, Edward Gaylord, 1860-1908 [Commentator]; Robertson, James Alexander, 1873-1939 [Editor]",en,2006-08-25,https://www.gutenberg.org/files/19118/19118-h/19118-h.htm,86196
2478,"The Circus Boys on the Plains; Or, The Young Advance Agents Ahead of the Show","Darlington, Edgar B. P.",en,2001-01-01,https://www.gutenberg.org/cache/epub/2478/pg2478.html,48711
19438,The Hero of Esthonia and Other Studies in the Romantic Literature of That Country,"Kirby, W. F. (William Forsell), 1844-1912",en,2006-10-02,https://www.gutenberg.org/files/19438/19438-h/19438-h.htm,144926
35836,The Bail Jumper,"Stead, Robert J. C., 1880-1959",en,2011-04-14,https://www.gutenberg.org/files/35836/35836-h/35836-h.htm,66868
57489,Omega: The Last days of the World,"Flammarion, Camille, 1842-1925",en,2018-07-12,https://www.gutenberg.org/files/57489/57489-h/57489-h.htm,56816
29207,"Cleo The Magnificent; Or, The Muse of the Real: A Novel","Zangwill, Louis, 1869-1938",en,2009-06-23,https://www.gutenberg.org/files/29207/29207-h/29207-h.htm,81403
25171,The uncalled,"Dunbar, Paul Laurence, 1872-1906",en,2008-04-25,https://www.gutenberg.org/files/25171/25171-h/25171-h.htm,54054
39784,"Mother Goose's Nursery Rhymes
A Collection of Alphabets, Rhymes, Tales, and Jingles","Gilbert, John, 1817-1897 [Illustrator]; Crane, Walter, 1845-1915 [Illustrator]; Tenniel, John, 1820-1914 [Illustrator]; Weir, Harrison, 1824-1906 [Illustrator]; Zwecker, Johann Baptist, 1814-1876 [Illustrator]",en,2012-05-24,https://www.gutenberg.org/files/39784/39784-h/39784-h.htm,18465
38456,"Narrative of the Circumnavigation of the Globe by the Austrian Frigate Novara, Volume I
(Commodore B. Von Wullerstorf-Urbair,) Undertaken by Order of the Imperial Government in the Years 1857, 1858, & 1859, Under the Immediate Auspices of His I. and R. Highness the Archduke Ferdinand Maximilian, Commander-In-Chief of the
Austrian Navy.","Scherzer, Karl, Ritter von, 1821-1903; Humboldt, Alexander von, 1769-1859 [Commentator]",en,2011-12-31,https://www.gutenberg.org/files/38456/38456-h/38456-h.htm,143479
36746,The Mountains of Oregon,"Steel, W. G. (William Gladstone), 1854-1934",en,2011-07-16,https://www.gutenberg.org/files/36746/36746-h/36746-h.htm,25878
23264,The Settlers at Home,"Martineau, Harriet, 1802-1876; Kronheim, Joseph Martin, 1810-1896 [Illustrator]",en,2007-10-31,https://www.gutenberg.org/files/23264/23264-h/23264-h.htm,56890
7674,Harold : the Last of the Saxon Kings — Volume 03,"Lytton, Edward Bulwer Lytton, Baron, 1803-1873",en,2005-03-01,https://www.gutenberg.org/cache/epub/7674/pg7674.html,14453
9441,Helbeck of Bannisdale — Volume I,"Ward, Humphry, Mrs., 1851-1920",en,2005-12-01,https://www.gutenberg.org/cache/epub/9441/pg9441.html,66291
15354,"Notes and Queries, Number 56, November 23, 1850",Various,en,2005-03-13,https://www.gutenberg.org/files/15354/15354-h/15354-h.htm,14506
1826,Sarrasine,"Balzac, Honoré de, 1799-1850; Bell, Clara, 1834-1927 [Translator]",en,2005-08-22,https://www.gutenberg.org/files/1826/1826-h/1826-h.htm,13473
16990,The Story of Troy,"Clarke, Michael, 1844?-1916; Homer, 751? BCE-651? BCE",en,2006-02-08,https://www.gutenberg.org/files/16990/16990-h/16990-h.htm,49560
54121,"Tom Pinder, Foundling: A Story of the Holmfirth Flood","Sykes, D. F. E., 1856-1920",en,2017-02-06,https://www.gutenberg.org/files/54121/54121-h/54121-h.htm,88076
4252,Theodore Roosevelt,"Pearson, Edmund Lester, 1880-1937",en,2003-07-01,https://www.gutenberg.org/files/4252/4252-h/4252-h.htm,34533
19976,The Mabinogion Vol. 3,"Edwards, Owen Morgan, Sir, 1858-1920 [Editor]; Schreiber, Charlotte, Lady, 1812-1895 [Translator]",en,2006-11-30,https://www.gutenberg.org/files/19976/19976-h/19976-h.htm,36836
19708,Cape Cod Folks,"Greene, Sarah Pratt McLean, 1856-1935",en,2006-11-04,https://www.gutenberg.org/files/19708/19708-h/19708-h.htm,88646
58738,"On Horseback Through Asia Minor, Volume 2 (of 2)","Burnaby, Fred, 1842-1885 [Adapter]",en,2019-01-20,https://www.gutenberg.org/files/58738/58738-h/58738-h.htm,86935
7345,Travels in Alaska,"Muir, John, 1838-1914",en,2005-01-01,https://www.gutenberg.org/files/7345/7345-h/7345-h.htm,85924
23737,The Cat in Grandfather's House,"Grabo, Carl Henry, 1881-",en,2007-12-04,https://www.gutenberg.org/files/23737/23737-h/23737-h.htm,39165
11843,"U.S. Copyright Renewals, 1971 January - June",Library of Congress. Copyright Office,en,2004-03-01,https://www.gutenberg.org/cache/epub/11843/pg11843.html,83798
32614,"The Diary of a Resurrectionist, 1811-1812
To Which Are Added an Account of the Resurrection Men in London and a Short History of the Passing of the Anatomy Act","Bailey, James Blake, -1897",en,2010-05-31,https://www.gutenberg.org/files/32614/32614-h/32614-h.htm,36336
5704,"The Physiology of Marriage, Part 1","Balzac, Honoré de, 1799-1850",en,2005-07-04,https://www.gutenberg.org/cache/epub/5704/pg5704.html,40120
21005,Shorty McCabe on the Job,"Ford, Sewell, 1868-1946",en,2007-04-07,https://www.gutenberg.org/files/21005/21005-h/21005-h.htm,77514
1625,The Frozen Deep,"Collins, Wilkie, 1824-1889",en,1999-02-01,https://www.gutenberg.org/files/1625/1625-h/1625-h.htm,28973
32109,"Tales of the Caravan, Inn, and Palace","Hauff, Wilhelm, 1802-1827; Stowell, Edward L. [Translator]",en,2010-04-24,https://www.gutenberg.org/files/32109/32109-h/32109-h.htm,127379
21226,Christie Redfern's Troubles,"Robertson, Margaret M. (Margaret Murray), 1821-1897; Lintott, Edward Barnard, 1875-1951 [Illustrator]",en,2007-04-27,https://www.gutenberg.org/files/21226/21226-h/21226-h.htm,106506
4162,Diary of Samuel Pepys — Complete 1665 N.S.,"Pepys, Samuel, 1633-1703; Braybrooke, Richard Griffin, Baron, 1783-1858 [Editor]; Wheatley, Henry B. (Henry Benjamin), 1838-1917 [Editor]; Bright, Mynors, 1818-1883 [Translator]",en,2004-10-31,https://www.gutenberg.org/files/4162/4162-h/4162-h.htm,123998
4901,The Only True Mother Goose Melodies,Anonymous,en,2004-01-01,https://www.gutenberg.org/cache/epub/4901/pg4901.html,10130
31907,"Ancient Pottery of the Mississippi Valley
Fourth Annual Report of the Bureau of Ethnology to the Secretary of the Smithsonian Institution, 1882-83, Government Printing Office, Washington, 1886, pages 361-436","Holmes, William Henry, 1846-1933",en,2010-04-07,https://www.gutenberg.org/files/31907/31907-h/31907-h.htm,21099
10081,"The Boy Allies at Jutland; Or, The Greatest Naval Battle of History","Hayes, Clair W. (Clair Wallace), 1887-",en,2003-11-01,https://www.gutenberg.org/cache/epub/10081/pg10081.html,51023
4987,"The Outdoor Girls at Rainbow Lake; Or, The Stirring Cruise of the Motor Boat Gem","Hope, Laura Lee",en,2004-01-01,https://www.gutenberg.org/files/4987/4987-h/4987-h.htm,42006
23317,"History of the English People, Volume IV","Green, John Richard, 1837-1883",en,2007-11-04,https://www.gutenberg.org/files/23317/23317-h/23317-h.htm,92388
9088,Thoroughbreds,"Fraser, William Alexander, 1859-1933",en,2005-10-01,https://www.gutenberg.org/files/9088/9088-h/9088-h.htm,109591
38314,"Storm-Bound; or, A Vacation Among the Snow Drifts","Douglas, Alan, Captain",en,2011-12-15,https://www.gutenberg.org/files/38314/38314-h/38314-h.htm,44146
10291,In the Fourth Year: Anticipations of a World Peace,"Wells, H. G. (Herbert George), 1866-1946",en,2003-11-01,https://www.gutenberg.org/cache/epub/10291/pg10291.html,36342
33859,The Old Riddle and the Newest Answer,"Gerard, John, 1840-1912",en,2010-10-15,https://www.gutenberg.org/files/33859/33859-h/33859-h.htm,78424
34852,Moonshine & Clover,"Housman, Laurence, 1865-1959; Housman, Clemence, 1861-1955 [Illustrator]",en,2011-01-05,https://www.gutenberg.org/files/34852/34852-h/34852-h.htm,47923
33923,Special Method in Primary Reading and Oral Work with Stories,"McMurry, Charles A. (Charles Alexander), 1857-1929",en,2010-10-14,https://www.gutenberg.org/files/33923/33923-h/33923-h.htm,46014
56700,"""Mormon"" Doctrine Plain and Simple; Or, Leaves from the Tree of Life","Penrose, Charles W. (Charles William), 1832-1925",en,2018-03-07,https://www.gutenberg.org/files/56700/56700-h/56700-h.htm,21634
200,"The Project Gutenberg Encyclopedia, Volume 1 of 28",Project Gutenberg,en,1995-01-01,https://www.gutenberg.org/cache/epub/200/pg200.html,1357906
14617,"Poems, &c. (1790)
Wherein It Is Attempted To Describe Certain Views Of Nature And Of Rustic Manners; And Also, To Point Out, In Some Instances, The Different Influence Which The Same Circumstances Produce On Different Characters","Baillie, Joanna, 1762-1851",en,2005-01-06,https://www.gutenberg.org/cache/epub/14617/pg14617.html,20666
59184,"Harper's Round Table, September 8, 1896",Various,en,2019-04-01,https://www.gutenberg.org/files/59184/59184-h/59184-h.htm,26736
13068,"Twenty-One Days in India, or, the Tour Of Sir Ali Baba K.C.B.; and, the Teapot Series","Aberigh-Mackay, George, 1848-1881",en,2004-07-31,https://www.gutenberg.org/cache/epub/13068/pg13068.html,42972
57857,Antar: A Bedoueen Romance,"Hamilton, Terrick, 1781-1876 [Translator]",en,2018-09-06,https://www.gutenberg.org/files/57857/57857-h/57857-h.htm,76287
15141,"Beethoven, a character study; together with Wagner's indebtedness to Beethoven","Fischer, George Alexander, -1922",en,2005-02-22,https://www.gutenberg.org/files/15141/15141-h/15141-h.htm,67893
24679,Lilith,"Collier, Ada Langworthy, 1843-1919",en,2008-02-23,https://www.gutenberg.org/files/24679/24679-h/24679-h.htm,21111
34223,The New Germany,"Young, George, 1872-1952",en,2010-11-06,https://www.gutenberg.org/files/34223/34223-h/34223-h.htm,71471
56841,The Disappearing Eye,"Hume, Fergus, 1859-1932",en,2018-03-25,https://www.gutenberg.org/files/56841/56841-h/56841-h.htm,93075
15398,"Narrative of the Life and Adventures of Henry Bibb, an American Slave, Written by Himself","Bibb, Henry, 1815-1854",en,2005-03-17,https://www.gutenberg.org/files/15398/15398-h/15398-h.htm,53706
19753,The Youth of Goethe,"Brown, P. Hume (Peter Hume), 1849-1918",en,2006-11-11,https://www.gutenberg.org/files/19753/19753-h/19753-h.htm,79808
1649,"Ferragus, Chief of the Dévorants","Balzac, Honoré de, 1799-1850; Wormeley, Katharine Prescott, 1830-1908 [Translator]",en,2004-09-19,https://www.gutenberg.org/files/1649/1649-h/1649-h.htm,45848
58480,"Perry's Saints; Or, The Fighting Parson's Regiment in the War of the Rebellion","Nichols, James Moses, 1835-1886",en,2018-12-17,https://www.gutenberg.org/files/58480/58480-h/58480-h.htm,47761
33928,"Bel Ami (A Ladies' Man)
The Works of Guy de Maupassant, Vol. 6","Maupassant, Guy de, 1850-1893",en,2010-10-13,https://www.gutenberg.org/files/33928/33928-h/33928-h.htm,109266
32999,"Harper's Round Table, June 4, 1895",Various,en,2010-06-27,https://www.gutenberg.org/files/32999/32999-h/32999-h.htm,26773
23726,"Punch, or the London Charivari, Vol. 146, March 11, 1914","Various; Seaman, Owen, 1861-1936 [Editor]",en,2007-12-03,https://www.gutenberg.org/files/23726/23726-h/23726-h.htm,13336
4812,"The Rise of the Dutch Republic — Volume 11: 1566, part II","Motley, John Lothrop, 1814-1877",en,2004-11-07,https://www.gutenberg.org/cache/epub/4812/pg4812.html,14864
10960,Vergil: A Biography,"Frank, Tenney, 1876-1939",en,2004-02-01,https://www.gutenberg.org/cache/epub/10960/pg10960.html,42559
96,The Monster Men,"Burroughs, Edgar Rice, 1875-1950",en,1994-01-01,https://www.gutenberg.org/files/96/96-h/96-h.htm,58402
21459,Dick Onslow Among the Redskins,"Kingston, William Henry Giles, 1814-1880; Soper, George, 1870-1942 [Illustrator]",en,2007-05-15,https://www.gutenberg.org/files/21459/21459-h/21459-h.htm,86137
36810,"Crying for the Light; Or, Fifty Years Ago. Vol. 3 [of 3]","Ritchie, J. Ewing (James Ewing), 1820-1898",en,2011-07-21,https://www.gutenberg.org/files/36810/36810-h/36810-h.htm,45476
36788,Critical Studies,"Ouida, 1839-1908",en,2011-07-19,https://www.gutenberg.org/files/36788/36788-h/36788-h.htm,86419
1448,Heidi,"Spyri, Johanna, 1827-1901; Edwards, Marion [Translator]",en,1998-09-01,https://www.gutenberg.org/cache/epub/1448/pg1448.html,92245
26259,Her mother's secret,"Southworth, Emma Dorothy Eliza Nevitte, 1819-1899",en,2008-08-11,https://www.gutenberg.org/files/26259/26259-h/26259-h.htm,98722
1809,Bucky O'Connor: A Tale of the Unfenced Border,"Raine, William MacLeod, 1871-1954",en,1999-07-01,https://www.gutenberg.org/files/1809/1809-h/1809-h.htm,80436
33886,The Wish: A Novel,"Sudermann, Hermann, 1857-1928; Lee, Elizabeth, 1858?-1920 [Author of introduction, etc.]; Henkel, Lily [Translator]",en,2010-10-28,https://www.gutenberg.org/files/33886/33886-h/33886-h.htm,59252
59868,Harold the Klansman,"Brown, George Alfred, 1876-1961",en,2019-07-07,https://www.gutenberg.org/files/59868/59868-h/59868-h.htm,62420
17502,Pen Drawing: An Illustrated Treatise,"Maginnis, Charles Donagh, 1867-1955",en,2006-01-12,https://www.gutenberg.org/files/17502/17502-h/17502-h.htm,17412
6693,People of Africa,"How, Edith A.",en,2004-10-01,https://www.gutenberg.org/cache/epub/6693/pg6693.html,14671
15394,"American Eloquence, Volume 4
Studies In American Political History (1897)","Johnston, Alexander, 1849-1889 [Editor]; Woodburn, James Albert, 1856-1943 [Editor]",en,2005-03-17,https://www.gutenberg.org/files/15394/15394-h/15394-h.htm,81600
454,The Breitmann Ballads,"Leland, Charles Godfrey, 1824-1903",en,1996-03-01,https://www.gutenberg.org/cache/epub/454/pg454.html,50748
31243,Twentieth Century Inventions: A Forecast,"Sutherland, George, 1855-1905",en,2010-02-10,https://www.gutenberg.org/files/31243/31243-h/31243-h.htm,76470
57176,"The Wisconsin Magazine of History, Volume 1, 1917-1918","Various; Quaife, Milo Milton, 1880-1959 [Editor]",en,2018-05-18,https://www.gutenberg.org/files/57176/57176-h/57176-h.htm,176404
56834,The Polly Page Yacht Club,"Forrester, Izola L. (Izola Louise), 1878-1944",en,2018-03-24,https://www.gutenberg.org/files/56834/56834-h/56834-h.htm,68801
32199,"A House-Party, Don Gesualdo, and A Rainy June","Ouida, 1839-1908",en,2010-05-01,https://www.gutenberg.org/files/32199/32199-h/32199-h.htm,86184
19776,The Ordeal: A Mountain Romance of Tennessee,"Craddock, Charles Egbert, 1850-1922; Duer, Douglas, 1887-1964 [Illustrator]",en,2006-11-13,https://www.gutenberg.org/files/19776/19776-h/19776-h.htm,41185
5992,Station Amusements in New Zealand,"Barker, Lady (Mary Anne), 1831-1911",en,2004-06-01,https://www.gutenberg.org/files/5992/5992-h/5992-h.htm,64890
22174,Andrew Melville,"Morison, William, 1843-1937",en,2007-07-30,https://www.gutenberg.org/files/22174/22174-h/22174-h.htm,38695
38014,"Government in the United States, National, State and Local","Garner, James Wilford, 1871-1938",en,2011-11-14,https://www.gutenberg.org/files/38014/38014-h/38014-h.htm,132762
6897,The Little Savage,"Marryat, Frederick, 1792-1848",en,2004-11-01,https://www.gutenberg.org/files/6897/6897-h/6897-h.htm,98186
5729,"Peggy Stewart, Navy Girl, at Home","Jackson, Gabrielle E. (Gabrielle Emilie), 1861-",en,2004-05-01,https://www.gutenberg.org/cache/epub/5729/pg5729.html,59722
7241,"Fables of La Fontaine — a New Edition, with Notes","La Fontaine, Jean de, 1621-1695; Gibbs, J. W. M. [Annotator]; Wright, Elizur, 1804-1885 [Translator]",en,2005-01-01,https://www.gutenberg.org/files/7241/7241-h/7241-h.htm,100332
36246,Told in the Hills: A Novel,"Ryan, Marah Ellis, 1866-1934",en,2011-05-28,https://www.gutenberg.org/files/36246/36246-h/36246-h.htm,102984
8476,"Life on the Mississippi, Part 6.","Twain, Mark, 1835-1910",en,2004-07-09,https://www.gutenberg.org/files/8476/8476-h/8476-h.htm,13740
18714,Abe and Mawruss: Being Further Adventures of Potash and Perlmutter,"Glass, Montague, 1877-1934; Gould, J. J. (Joseph J.), 1880-1935 [Illustrator]; Justice, Martin, 1869-1961 [Illustrator]",en,2006-06-29,https://www.gutenberg.org/files/18714/18714-h/18714-h.htm,83101
33766,History of Phosphorus,"Farber, Eduard, 1892-1969",en,2010-09-20,https://www.gutenberg.org/files/33766/33766-h/33766-h.htm,10348
1845,"Zuleika Dobson; Or, An Oxford Love Story","Beerbohm, Max, Sir, 1872-1956",en,1999-08-01,https://www.gutenberg.org/files/1845/1845-h/1845-h.htm,82949
18461,Six little Bunkers at Mammy June's,"Hope, Laura Lee; Rogers, Walter S. (Walter Stanton), 1870-1937 [Illustrator]",en,2006-05-27,https://www.gutenberg.org/files/18461/18461-h/18461-h.htm,43865
33939,"Sturdy and Strong; Or, How George Andrews Made His Way","Henty, G. A. (George Alfred), 1832-1902",en,2010-10-07,https://www.gutenberg.org/files/33939/33939-h/33939-h.htm,72893
15383,The Photoplay: A Psychological Study,"Münsterberg, Hugo, 1863-1916",en,2005-03-16,https://www.gutenberg.org/files/15383/15383-h/15383-h.htm,44859
555,The Unbearable Bassington,"Saki, 1870-1916",en,1996-06-01,https://www.gutenberg.org/files/555/555-h/555-h.htm,49011
31927,The Portal of Dreams,"Buck, Charles Neville, 1879-1957; Snapp, Frank [Illustrator]",en,2010-04-09,https://www.gutenberg.org/files/31927/31927-h/31927-h.htm,66592
12648,"The Beautiful Necessity
Seven Essays on Theosophy and Architecture","Bragdon, Claude Fayette, 1866-1946",en,2004-06-01,https://www.gutenberg.org/cache/epub/12648/pg12648.html,22604
10542,"The Boats of the ""Glen Carrig""
Being an account of their Adventures in the Strange places of the Earth, after the foundering of the good ship Glen Carrig through striking upon a hidden rock in the unknown seas to the Southward; as told by John Winterstraw, Gent., to his son James Winterstraw, in the year 1757, and by him committed very properly and legibly to manuscript","Hodgson, William Hope, 1877-1918",en,2003-12-01,https://www.gutenberg.org/cache/epub/10542/pg10542.html,60629
21555,The Mission; or Scenes in Africa,"Marryat, Frederick, 1792-1848",en,2007-05-21,https://www.gutenberg.org/files/21555/21555-h/21555-h.htm,108756
3902,The Confessions of Jean Jacques Rousseau — Volume 02,"Rousseau, Jean-Jacques, 1712-1778",en,2004-12-06,https://www.gutenberg.org/cache/epub/3902/pg3902.html,16904
14417,"The Agamemnon of Aeschylus
Translated into English Rhyming Verse with Explanatory Notes","Aeschylus, 526 BCE-457 BCE; Murray, Gilbert, 1866-1957 [Translator]",en,2004-12-22,https://www.gutenberg.org/cache/epub/14417/pg14417.html,21561
19405,Confessions of an Etonian,I. E. M.,en,2006-09-29,https://www.gutenberg.org/files/19405/19405-h/19405-h.htm,31759
70998,"The complete works of John Gower, volume 1","Gower, John, 1325?-1408; Macaulay, G. C. (George Campbell), 1852-1915 [Editor]",en; fr,2023-06-19,https://www.gutenberg.org/files/70998/70998-h/70998-h.htm,328798
17446,The Second Honeymoon,"Ayres, Ruby M. (Ruby Mildred), 1883-1955",en,2006-01-02,https://www.gutenberg.org/cache/epub/17446/pg17446.html,62388
601,The Monk: A Romance,"Lewis, M. G. (Matthew Gregory), 1775-1818",en,1996-07-01,https://www.gutenberg.org/files/601/601-h/601-h.htm,138499
10455,A Golden Book of Venice,"Turnbull, Lawrence, Mrs., -1927",en,2003-12-01,https://www.gutenberg.org/cache/epub/10455/pg10455.html,103420
6019,The Earth as Modified by Human Action,"Marsh, George P. (George Perkins), 1801-1882",en,2004-07-01,https://www.gutenberg.org/cache/epub/6019/pg6019.html,265888
4051,Lady Bridget in the Never-Never Land: a story of Australian life,"Praed, Campbell, Mrs., 1851-1935",en,2003-05-01,https://www.gutenberg.org/files/4051/4051-h/4051-h.htm,111817
57533,"Three short stories from ""The Captain"" volume XXVII
How Dymock Came to Derry; Jack Devereux's Scoop; The Powder Hulk","Westerman, Percy F. (Percy Francis), 1876-1959; Hodgson, E. S. (Edward Smith), 1866-1937 [Illustrator]; Soper, George, 1870-1942 [Illustrator]",en,2018-07-18,https://www.gutenberg.org/files/57533/57533-h/57533-h.htm,13046
23106,"Helen and Arthur; or, Miss Thusa's Spinning Wheel","Hentz, Caroline Lee, 1800-1856",en,2007-10-20,https://www.gutenberg.org/files/23106/23106-h/23106-h.htm,100569
21546,"Nero, the Circus Lion: His Many Adventures","Barnum, Richard; Rogers, Walter S. (Walter Stanton), 1870-1937 [Illustrator]",en,2007-05-21,https://www.gutenberg.org/files/21546/21546-h/21546-h.htm,24849
43897,Antoine of Oregon: A Story of the Oregon Trail,"Otis, James, 1848-1912",en,2013-10-05,https://www.gutenberg.org/files/43897/43897-h/43897-h.htm,28796
8219,The Desert and the Sown,"Foote, Mary Hallock, 1847-1938",en,2005-06-01,https://www.gutenberg.org/files/8219/8219-h/8219-h.htm,62360
1129,The Tragedy of Macbeth,"Shakespeare, William, 1564-1616",en,1997-12-01,https://www.gutenberg.org/cache/epub/1129/pg1129.html,17825
25390,Tabitha at Ivy Hall,"MacArthur, Ruth Brown, 1881-; Russell, Alfred [Illustrator]",en,2008-05-08,https://www.gutenberg.org/files/25390/25390-h/25390-h.htm,58059
35105,Shakespeare's England,"Winter, William, 1836-1917",en,2011-01-28,https://www.gutenberg.org/files/35105/35105-h/35105-h.htm,53856
25516,The Crown of Success,"A. L. O. E., 1821-1893",en,2008-05-18,https://www.gutenberg.org/files/25516/25516-h/25516-h.htm,45172
59543,"How to Use a Galvanic Battery in Medicine and Surgery
A Discourse Delivered Before the Hunterian Society, Third Edition","Tibbits, Herbert, 1838-1907",en,2019-05-18,https://www.gutenberg.org/files/59543/59543-h/59543-h.htm,25631
58232,The American Prisoner,"Phillpotts, Eden, 1862-1960",en,2018-11-04,https://www.gutenberg.org/files/58232/58232-h/58232-h.htm,148810
30187,Death Points a Finger,"Levinrew, Will, 1881-",en,2009-10-06,https://www.gutenberg.org/cache/epub/30187/pg30187.html,53373
898,The Lesson of the Master,"James, Henry, 1843-1916",en,1997-05-01,https://www.gutenberg.org/files/898/898-h/898-h.htm,25729
22992,"Punch, or the London Charivari, Vol. 150, May 10, 1916","Various; Seaman, Owen, 1861-1936 [Editor]",en,2007-10-14,https://www.gutenberg.org/files/22992/22992-h/22992-h.htm,11549
71641,"The letter H, past, present, and future","Leach, Alfred, -1892",en,2023-09-14,https://www.gutenberg.org/files/71641/71641-h/71641-h.htm,16253
27595,Eight Keys to Eden,"Clifton, Mark, 1906-1963",en,2008-12-23,https://www.gutenberg.org/files/27595/27595-h/27595-h.htm,53749
356,Beyond the City,"Doyle, Arthur Conan, 1859-1930",en,2008-07-02,https://www.gutenberg.org/files/356/356-h/356-h.htm,39938
25875,"The Woman from Outside
[On Swan River]","Footner, Hulbert, 1879-1944",en,2008-06-22,https://www.gutenberg.org/files/25875/25875-h/25875-h.htm,80530
26695,"Make or Break; or, The Rich Man's Daughter","Optic, Oliver, 1822-1897",en,2008-09-23,https://www.gutenberg.org/files/26695/26695-h/26695-h.htm,57446
9752,"Night and Morning, Volume 3","Lytton, Edward Bulwer Lytton, Baron, 1803-1873",en,2006-01-01,https://www.gutenberg.org/cache/epub/9752/pg9752.html,42655
25779,'Drag' Harlan,"Seltzer, Charles Alden, 1875-1942; Ivory, P. V. E., 1883-1960 [Illustrator]",en,2008-06-13,https://www.gutenberg.org/files/25779/25779-h/25779-h.htm,70576
13158,The Weapons of Mystery,"Hocking, Joseph, 1860-1937",en,2004-08-10,https://www.gutenberg.org/cache/epub/13158/pg13158.html,55974
26430,Essay on the Creative Imagination,"Ribot, Th. (Théodule), 1839-1916; Baron, Albert Heyem Nachmen, 1883- [Translator]",en,2008-08-25,https://www.gutenberg.org/files/26430/26430-h/26430-h.htm,86530
25042,Color Value,"Clifford, C. R. (Chandler Robbins), 1858-1935",en,2008-04-11,https://www.gutenberg.org/files/25042/25042-h/25042-h.htm,16570
34901,On Liberty,"Mill, John Stuart, 1806-1873",en,2011-01-10,https://www.gutenberg.org/files/34901/34901-h/34901-h.htm,52830
17979,"The Botanical Magazine, Vol. 04
Or, Flower-Garden Displayed","Curtis, William, 1746-1799",en,2006-03-14,https://www.gutenberg.org/files/17979/17979-h/17979-h.htm,10615
5898,Jess,"Haggard, H. Rider (Henry Rider), 1856-1925",en,2006-04-22,https://www.gutenberg.org/files/5898/5898-h/5898-h.htm,113159
39135,"Notes and Queries, Vol. IV, Number 107, November 15, 1851
A Medium of Inter-communication for Literary Men, Artists, Antiquaries, Genealogists, etc.","Various; Bell, George, 1814-1890 [Editor]",en,2012-03-14,https://www.gutenberg.org/files/39135/39135-h/39135-h.htm,24610
7008,The City of Fire,"Hill, Grace Livingston, 1865-1947",en,2004-12-01,https://www.gutenberg.org/files/7008/7008-h/7008-h.htm,107115
37151,"Habits, Haunts and Anecdotes of the Moose and Illustrations from Life","Jones, Charles Albert",en,2011-08-21,https://www.gutenberg.org/files/37151/37151-h/37151-h.htm,10829
57258,"Hawaii National Park: A Guide for the Haleakala Section, Island of Maui, Hawaii","Ruhle, George Cornelius, 1900-; Black, Donald M. [Illustrator]",en,2018-06-02,https://www.gutenberg.org/files/57258/57258-h/57258-h.htm,26806
25487,"Peck's Bad Boy and His Pa
1883","Peck, George W. (George Wilbur), 1840-1916; Smith, Gean, 1851-1928 [Illustrator]",en,2008-05-16,https://www.gutenberg.org/files/25487/25487-h/25487-h.htm,52625
4336,"An Inquiry into the Nature and Progress of Rent, and the Principles by Which It is Regulated","Malthus, T. R. (Thomas Robert), 1766-1834",en,2003-08-01,https://www.gutenberg.org/files/4336/4336-h/4336-h.htm,13610
57427,The Sheep-Stealers,"Jacob, Violet, 1863-1946",en,2018-06-30,https://www.gutenberg.org/files/57427/57427-h/57427-h.htm,112978
2103,History of Friedrich II of Prussia — Volume 03,"Carlyle, Thomas, 1795-1881",en,2008-06-16,https://www.gutenberg.org/files/2103/2103-h/2103-h.htm,54660
16143,A Man and a Woman,"Waterloo, Stanley, 1846-1913",en,2005-06-28,https://www.gutenberg.org/cache/epub/16143/pg16143.html,62300
38586,Mr. Punch's Cockney Humour,"Hammerton, J. A. (John Alexander), 1871-1949 [Editor]",en,2012-01-15,https://www.gutenberg.org/files/38586/38586-h/38586-h.htm,15067
9626,"Buried Cities, Volume 2: Olympia","Hall, Jennie, 1875-1921",en,2004-08-10,https://www.gutenberg.org/files/9626/9626-h/9626-h.htm,10522
37314,"The Bradys After a Chinese Princess; Or, The Yellow Fiends of 'Frisco","Doughty, Francis Worcester, 1850-1917",en,2011-09-04,https://www.gutenberg.org/files/37314/37314-h/37314-h.htm,34903
5393,The Crisis — Volume 06,"Churchill, Winston, 1871-1947",en,2004-10-19,https://www.gutenberg.org/cache/epub/5393/pg5393.html,25604
35095,The century of Columbus,"Walsh, James J. (James Joseph), 1865-1942",en,2011-01-28,https://www.gutenberg.org/files/35095/35095-h/35095-h.htm,219912
18281,"An Account of the Proceedings on the Trial of Susan B. Anthony, on the Charge of Illegal Voting, at the Presidential Election in Nov., 1872, and on the Trial of Beverly W. Jones, Edwin T. Marsh, and William B. Hall, the Inspectors of Election by Whom Her Vote was Received.",Anonymous,en,2006-04-28,https://www.gutenberg.org/files/18281/18281-h/18281-h.htm,69780
2933,On Some Fossil Remains of Man,"Huxley, Thomas Henry, 1825-1895",en,2001-11-01,https://www.gutenberg.org/files/2933/2933-h/2933-h.htm,11866
148,The Autobiography of Benjamin Franklin,"Franklin, Benjamin, 1706-1790; Eliot, Charles William, 1834-1926 [Editor]",en,1994-07-01,https://www.gutenberg.org/cache/epub/148/pg148.html,66537
26409,The Children of Wilton Chase,"Meade, L. T., 1854-1914",en,2008-08-23,https://www.gutenberg.org/files/26409/26409-h/26409-h.htm,56195
35516,The Man Without a Memory,"Marchmont, Arthur W., 1852-1923",en,2011-03-08,https://www.gutenberg.org/files/35516/35516-h/35516-h.htm,96709
20494,The Shrieking Pit,"Rees, Arthur J. (Arthur John), 1872-1942",en,2007-02-02,https://www.gutenberg.org/files/20494/20494-h/20494-h.htm,101388
8472,"Life on the Mississippi, Part 2.","Twain, Mark, 1835-1910",en,2004-07-09,https://www.gutenberg.org/files/8472/8472-h/8472-h.htm,12444
71106,Social legislation and social activity,American Academy of Political and Social Science,en,2023-07-03,https://www.gutenberg.org/files/71106/71106-h/71106-h.htm,94735
9098,Tacitus and Bracciolini. The Annals Forged in the XVth Century,"Ross, John Wilson, 1818-1887",en,2005-10-01,https://www.gutenberg.org/cache/epub/9098/pg9098.html,107278
58346,"Within the Maze: A Novel, Vol. 2 (of 2)","Wood, Henry, Mrs., 1814-1887",en,2018-11-24,https://www.gutenberg.org/files/58346/58346-h/58346-h.htm,88945
16170,"Elements of Military Art and Science
Or, Course Of Instruction In Strategy, Fortification, Tactics Of Battles, &C.; Embracing The Duties Of Staff, Infantry, Cavalry, Artillery, And Engineers; Adapted To The Use Of Volunteers And Militia; Third Edition; With Critical Notes On The Mexican And Crimean Wars.","Halleck, H. W. (Henry Wager), 1815-1872",en,2005-07-01,https://www.gutenberg.org/files/16170/16170-h/16170-h.htm,142071
32085,Christine: A Fife Fisher Girl,"Barr, Amelia E., 1831-1919; Mulford, Stockton, 1886-1960 [Illustrator]",en,2010-04-22,https://www.gutenberg.org/files/32085/32085-h/32085-h.htm,93746
21597,Jersey Street and Jersey Lane: Urban and Suburban Sketches,"Bunner, H. C. (Henry Cuyler), 1855-1896; Clinedinst, B. West (Benjamin West), 1860-1931 [Illustrator]; Frazier, Kenneth, 1867-1949 [Illustrator]; Frost, A. B. (Arthur Burdett), 1851-1928 [Illustrator]; Wiles, Irving Ramsay, 1861-1948 [Illustrator]",en,2007-05-24,https://www.gutenberg.org/files/21597/21597-h/21597-h.htm,30472
15526,"John L. Stoddard's Lectures, Vol. 10 (of 10)
Southern California; Grand Cañon of the Colorado River; Yellowstone National Park","Stoddard, John L. (John Lawson), 1850-1931",en,2005-04-02,https://www.gutenberg.org/files/15526/15526-h/15526-h.htm,39372
11043,Midnight,"Cohen, Octavus Roy, 1891-1959",en,2004-02-01,https://www.gutenberg.org/cache/epub/11043/pg11043.html,49994
19443,Our Profession and Other Poems,"Barhite, Jared, 1840-1921",en,2006-10-02,https://www.gutenberg.org/files/19443/19443-h/19443-h.htm,31537
3482,Voyages in Search of the North-West Passage,"Hakluyt, Richard, 1552?-1616; Morley, Henry, 1822-1894 [Editor]",en,2002-10-01,https://www.gutenberg.org/files/3482/3482-h/3482-h.htm,50924
35562,"A Rational Theology, as Taught by the Church of Jesus Christ of Latter-Day Saints","Widtsoe, John Andreas, 1872-1952",en,2011-03-12,https://www.gutenberg.org/cache/epub/35562/pg35562.html,43697
35494,Fine Books,"Pollard, Alfred W. (Alfred William), 1859-1944",en,2011-03-06,https://www.gutenberg.org/files/35494/35494-h/35494-h.htm,119193
12778,"The Young Engineers in Mexico; Or, Fighting the Mine Swindlers","Hancock, H. Irving (Harrie Irving), 1868-1922",en,2004-06-29,https://www.gutenberg.org/cache/epub/12778/pg12778.html,47887
5311,Parnassus on Wheels,"Morley, Christopher, 1890-1957",en,2004-03-01,https://www.gutenberg.org/files/5311/5311-h/5311-h.htm,36215
39861,"Life of Henriette Sontag, Countess de Rossi.
with Interesting Sketches by Scudo, Hector Berlioz, Louis Boerne, Adolphe Adam, Marie Aycard, Julie de Margueritte, Prince Puckler-Muskau & Theophile Gautier.","Scudo, Paul, 1806-1864 [Contributor]; Adam, Adolphe, 1803-1856 [Contributor]; Aycard, Marie, 1794-1859 [Contributor]; Berlioz, Hector, 1803-1869 [Contributor]; Börne, Ludwig, 1786-1837 [Contributor]; Gautier, Théophile, 1811-1872 [Contributor]; Marguerittes, Julie de, 1814-1866 [Contributor]; Pückler-Muskau, Hermann, Fürst von, 1785-1871 [Contributor]",en,2012-05-30,https://www.gutenberg.org/files/39861/39861-h/39861-h.htm,24822
34842,"Greek Sculpture
A collection of sixteen pictures of Greek marbles with introduction and interpretation","Hurll, Estelle M. (Estelle May), 1863-1924",en,2011-01-03,https://www.gutenberg.org/files/34842/34842-h/34842-h.htm,18024
11513,On Land and Sea at the Dardanelles,"Bridges, T. C. (Thomas Charles), 1868-1944",en,2004-03-01,https://www.gutenberg.org/files/11513/11513-h/11513-h.htm,56659
26067,"The Life of Thomas, Lord Cochrane, Tenth Earl of Dundonald, Vol. II","Dundonald, Thomas Barnes Cochrane, Earl of, 1814-1885; Bourne, H. R. Fox (Henry Richard Fox), 1837-1909",en,2008-07-15,https://www.gutenberg.org/files/26067/26067-h/26067-h.htm,97552
1066,William the Conqueror,"Freeman, Edward A. (Edward Augustus), 1823-1892",en,1997-10-01,https://www.gutenberg.org/files/1066/1066-h/1066-h.htm,58021
35058,"Dilemmas of Pride, (Vol 3 of 3)","Loudon, Mrs. (Margracia)",en,2011-01-24,https://www.gutenberg.org/files/35058/35058-h/35058-h.htm,31758
6589,"A History of Modern Europe, 1792-1878","Fyffe, Charles Alan, 1845-1892",en,2004-09-01,https://www.gutenberg.org/files/6589/6589-h/6589-h.htm,433173
34468,Christopher Quarles: College Professor and Master Detective,"Brebner, Percy James, 1864-1922",en,2010-11-28,https://www.gutenberg.org/files/34468/34468-h/34468-h.htm,84743
32388,The New Warden,"Ritchie, David G. (David George), Mrs.",en,2010-05-15,https://www.gutenberg.org/files/32388/32388-h/32388-h.htm,101026
38654,Great opera stories,"Bender, Millicent Schwab, 1876-1974",en,2012-01-23,https://www.gutenberg.org/files/38654/38654-h/38654-h.htm,28168
9170,"The Three Cities Trilogy, Complete
Lourdes, Rome and Paris","Zola, Émile, 1840-1902; Vizetelly, Ernest Alfred, 1853-1922 [Translator]",en,2005-10-01,https://www.gutenberg.org/files/9170/9170-h/9170-h.htm,671907
3805,The Vultures,"Merriman, Henry Seton, 1862-1903",en,2006-04-13,https://www.gutenberg.org/files/3805/3805-h/3805-h.htm,93310
19748,Story-Lives of Great Musicians,"Rowbotham, Francis Jameson",en,2006-11-10,https://www.gutenberg.org/files/19748/19748-h/19748-h.htm,104357
70130,To Panama and back,"Byford, Henry T. (Henry Turman), 1853-1938",en,2023-02-24,https://www.gutenberg.org/files/70130/70130-h/70130-h.htm,101244
24587,"The Lowest Rung
Together with The Hand on the Latch, St. Luke's Summer and The Understudy","Cholmondeley, Mary, 1859-1925",en,2008-02-12,https://www.gutenberg.org/files/24587/24587-h/24587-h.htm,34562
5520,The Bride of the Nile — Volume 04,"Ebers, Georg, 1837-1898; Bell, Clara, 1834-1927 [Translator]",en,2004-04-01,https://www.gutenberg.org/cache/epub/5520/pg5520.html,17197
4272,The Christian Year,"Keble, John, 1792-1866; Morley, Henry, 1822-1894 [Editor]",en,2003-07-01,https://www.gutenberg.org/files/4272/4272-h/4272-h.htm,48516
28360,"Punch, or the London Charivari, Vol. 147, October 14, 1914",Various,en,2009-03-19,https://www.gutenberg.org/files/28360/28360-h/28360-h.htm,13098
7796,Poems,"Cawein, Madison Julius, 1865-1914; Howells, William Dean, 1837-1920 [Author of introduction, etc.]",en,2005-03-01,https://www.gutenberg.org/cache/epub/7796/pg7796.html,36596
35116,Saint Michael: A Romance,"Werner, E., 1838-1918; Wister, A. L. (Annis Lee), 1830-1908 [Translator]",en,2011-01-30,https://www.gutenberg.org/files/35116/35116-h/35116-h.htm,110188
7422,"Roman Holidays, and Others","Howells, William Dean, 1837-1920",en,2005-02-01,https://www.gutenberg.org/files/7422/7422-h/7422-h.htm,97634
70526,The Canterbury pilgrims,"MacKaye, Percy, 1875-1956",en,2023-04-11,https://www.gutenberg.org/files/70526/70526-h/70526-h.htm,26006
2375,Tartarin de Tarascon,"Daudet, Alphonse, 1840-1897; Colt, Oliver C. [Translator]",en,2006-03-22,https://www.gutenberg.org/files/2375/2375-h/2375-h.htm,26026
16658,Piano and song,"Wieck, Friedrich, 1785-1873; Nichols, Mary Pickering, 1829-1915 [Translator]",en,2005-09-05,https://www.gutenberg.org/files/16658/16658-h/16658-h.htm,39526
25982,"Thrilling Narratives of Mutiny, Murder and Piracy
A weird series of tales of shipwreck and disaster, from the earliest part of the century to the present time, with accounts of providential escapes and heart-rending fatalities.",Anonymous,en,2008-07-06,https://www.gutenberg.org/files/25982/25982-h/25982-h.htm,141518
24385,Lights and shadows in Confederate prisons,"Sprague, Homer B. (Homer Baxter), 1829-1918",en,2008-01-21,https://www.gutenberg.org/files/24385/24385-h/24385-h.htm,35976
3980,Fromont and Risler — Complete,"Daudet, Alphonse, 1840-1897",en,2004-10-30,https://www.gutenberg.org/files/3980/3980-h/3980-h.htm,87085
39013,"North-Pole Voyages
Embracing Sketches of the Important Facts and Incidents in the Latest American Efforts to Reach the North Pole, from the Second Grinnell Expedition to That of the Polaris","Mudge, Zachariah Atwell, 1813-1888",en,2012-02-29,https://www.gutenberg.org/files/39013/39013-h/39013-h.htm,94303
17476,Talks on Talking,"Kleiser, Grenville, 1868-1953",en,2006-01-07,https://www.gutenberg.org/files/17476/17476-h/17476-h.htm,27354
35123,"The Ladies' Book of Etiquette, and Manual of Politeness
A Complete Hand Book for the Use of the Lady in Polite Society","Hartley, Florence",en,2011-01-30,https://www.gutenberg.org/files/35123/35123-h/35123-h.htm,87487
33874,"Wild Bees, Wasps and Ants and Other Stinging Insects","Saunders, Edward, 1848-1910; Saunders, Constance A. [Illustrator]",en,2010-10-18,https://www.gutenberg.org/files/33874/33874-h/33874-h.htm,26930
35024,"Development of Gravity Pendulums in the 19th Century
Contributions from the Museum of History and Technology, Papers 34-44 On Science and Technology, Smithsonian Institution, 1966","Lenzen, Victor F. (Victor Fritz), 1890-1975; Multhauf, Robert P., 1919-2004",en,2011-01-21,https://www.gutenberg.org/files/35024/35024-h/35024-h.htm,24643
5422,The Masquerader,"Thurston, Katherine Cecil, 1875-1911",en,2004-04-01,https://www.gutenberg.org/files/5422/5422-h/5422-h.htm,84866
5457,An Egyptian Princess — Volume 08,"Ebers, Georg, 1837-1898; Grove, Eleanor [Translator]",en,2004-04-01,https://www.gutenberg.org/cache/epub/5457/pg5457.html,20650
57125,The Bitter Cry of the Children,"Spargo, John, 1876-1966; Hunter, Robert, 1874-1942 [Author of introduction, etc.]",en,2018-05-09,https://www.gutenberg.org/files/57125/57125-h/57125-h.htm,84282
28043,Ships in Harbour,"Morton, David, 1886-1957",en,2009-02-09,https://www.gutenberg.org/files/28043/28043-h/28043-h.htm,11326
1887,The Life of the Spider,"Fabre, Jean-Henri, 1823-1915; Teixeira de Mattos, Alexander, 1865-1921 [Translator]",en,1999-09-01,https://www.gutenberg.org/files/1887/1887-h/1887-h.htm,71863
11324,This Is the End,"Benson, Stella, 1892-1933",en,2004-02-01,https://www.gutenberg.org/cache/epub/11324/pg11324.html,43702
1111,King Richard II,"Shakespeare, William, 1564-1616",en,1997-11-01,https://www.gutenberg.org/cache/epub/1111/pg1111.html,22502
3200,The Entire Project Gutenberg Works of Mark Twain,"Twain, Mark, 1835-1910",en,2004-09-20,https://www.gutenberg.org/cache/epub/3200/pg3200.html,2841330
59067,Dancing Without an Instructor,"Wilkinson, Professor",en,2019-03-15,https://www.gutenberg.org/files/59067/59067-h/59067-h.htm,22222
17074,"The Pianoforte Sonata
Its Origin and Development","Shedlock, J. S. (John South), 1843-1919",en,2005-11-16,https://www.gutenberg.org/files/17074/17074-h/17074-h.htm,58344
11834,"U.S. Copyright Renewals, 1966 July - December",Library of Congress. Copyright Office,en,2004-03-01,https://www.gutenberg.org/cache/epub/11834/pg11834.html,75121
1976,Peter Ruff and the Double Four,"Oppenheim, E. Phillips (Edward Phillips), 1866-1946",en,1999-11-01,https://www.gutenberg.org/files/1976/1976-h/1976-h.htm,120030
11234,"The Mirror of Literature, Amusement, and Instruction. Volume 14, No. 397, November 7, 1829",Various,en,2004-02-01,https://www.gutenberg.org/files/11234/11234-h/11234-h.htm,12108
2272,The Discovery of Guiana,"Raleigh, Walter, 1552?-1618",en,2006-03-26,https://www.gutenberg.org/files/2272/2272-h/2272-h.htm,34952
14153,Westways: A Village Chronicle,"Mitchell, S. Weir (Silas Weir), 1829-1914",en,2004-11-26,https://www.gutenberg.org/cache/epub/14153/pg14153.html,160570
31158,Campaigning in Cuba,"Kennan, George, 1845-1924",en,2010-02-02,https://www.gutenberg.org/files/31158/31158-h/31158-h.htm,86846
4745,At the Villa Rose,"Mason, A. E. W. (Alfred Edward Woodley), 1865-1948",en,2003-12-01,https://www.gutenberg.org/files/4745/4745-h/4745-h.htm,73221
19397,History of Rationalism Embracing a Survey of the Present State of Protestant Theology,"Hurst, J. F. (John Fletcher), 1834-1903",en,2006-09-28,https://www.gutenberg.org/files/19397/19397-h/19397-h.htm,191719
65833,The Fire Flower,"Gregory, Jackson, 1882-1943",en,2021-07-13,https://www.gutenberg.org/files/65833/65833-h/65833-h.htm,31629
57324,"The Battle of Tsu-shima
between the Japanese and Russian fleets, fought on 27th May 1905","Semenov, V. I. (Vladimir Ivanovich), 1867-1910; Lindsay, A. B. (Alexander Bertram), 1872-1914 [Translator]",en,2018-06-14,https://www.gutenberg.org/files/57324/57324-h/57324-h.htm,24837
38773,"Notes and Queries, Vol. IV, Number 102, October 11, 1851
A Medium of Inter-communication for Literary Men, Artists, Antiquaries, Genealogists, etc.","Various; Bell, George, 1814-1890 [Editor]",en,2012-02-06,https://www.gutenberg.org/files/38773/38773-h/38773-h.htm,24237
58694,Highland Legends,"Lauder, Thomas Dick, Sir, 1784-1848",en,2019-01-14,https://www.gutenberg.org/files/58694/58694-h/58694-h.htm,150585
4457,Beauchamp's Career — Volume 5,"Meredith, George, 1828-1909",en,2003-09-01,https://www.gutenberg.org/cache/epub/4457/pg4457.html,27369
37182,Colorado—The Bright Romance of American History,"Grable, F. C.; True, Allen Tupper, 1881-1955 [Illustrator]",en,2011-08-23,https://www.gutenberg.org/files/37182/37182-h/37182-h.htm,47530
15855,The Man from Home,"Tarkington, Booth, 1869-1946; Wilson, Harry Leon, 1867-1939; White, Luther S. [Illustrator]",en,2005-05-18,https://www.gutenberg.org/files/15855/15855-h/15855-h.htm,27362
37856,"The Determined Angler and the Brook Trout
an anthological volume of trout fishing, trout histories, trout lore, trout resorts, and trout tackle","Bradford, Charles Barker, 1862-1917",en,2011-10-26,https://www.gutenberg.org/files/37856/37856-h/37856-h.htm,44229
5076,The Spoilers,"Beach, Rex, 1877-1949",en,2004-02-01,https://www.gutenberg.org/cache/epub/5076/pg5076.html,86544
22170,Five Lectures on Blindness,"Foley, Kate M.",en,2007-07-30,https://www.gutenberg.org/files/22170/22170-h/22170-h.htm,26646
23126,"Eric, or Little by Little","Farrar, F. W. (Frederic William), 1831-1903",en,2007-10-20,https://www.gutenberg.org/files/23126/23126-h/23126-h.htm,97281
9634,Sir George Tressady — Volume II,"Ward, Humphry, Mrs., 1851-1920",en,2006-01-01,https://www.gutenberg.org/cache/epub/9634/pg9634.html,91816
5893,Two Little Women on a Holiday,"Wells, Carolyn, 1862-1942",en,2004-06-01,https://www.gutenberg.org/cache/epub/5893/pg5893.html,54068
4164,Diary of Samuel Pepys — Volume 42: March/April 1665-66,"Pepys, Samuel, 1633-1703; Braybrooke, Richard Griffin, Baron, 1783-1858 [Editor]; Wheatley, Henry B. (Henry Benjamin), 1838-1917 [Editor]; Bright, Mynors, 1818-1883 [Translator]",en,2004-12-01,https://www.gutenberg.org/cache/epub/4164/pg4164.html,18026
37101,"Humpback Whales in Glacier Bay National Monument, Alaska",United States. Marine Mammal Commission,en,2011-08-15,https://www.gutenberg.org/files/37101/37101-h/37101-h.htm,11431
295,The Early Short Fiction of Edith Wharton — Part 1,"Wharton, Edith, 1862-1937",en,1995-07-01,https://www.gutenberg.org/files/295/295-h/295-h.htm,43873
14102,"The American Missionary — Volume 42, No. 08, August, 1888",Various,en,2004-11-20,https://www.gutenberg.org/cache/epub/14102/pg14102.html,17629
39875,Highways and Byways in London,"Cook, Emily Constance Baird, -1903; Griggs, Frederick Landseer Maur, 1876-1938 [Illustrator]; Thomson, Hugh, 1860-1920 [Illustrator]",en,2012-06-03,https://www.gutenberg.org/files/39875/39875-h/39875-h.htm,153906
7610,Eugene Aram — Volume 02,"Lytton, Edward Bulwer Lytton, Baron, 1803-1873",en,2005-03-01,https://www.gutenberg.org/cache/epub/7610/pg7610.html,22187
30700,"The Works of Robert Louis Stevenson - Swanston Edition, Vol. 04","Stevenson, Robert Louis, 1850-1894; Lang, Andrew, 1844-1912 [Other]",en,2009-12-17,https://www.gutenberg.org/files/30700/30700-h/30700-h.htm,103846
16291,The Story of the Other Wise Man,"Van Dyke, Henry, 1852-1933",en,2005-07-14,https://www.gutenberg.org/files/16291/16291-h/16291-h.htm,10033
57447,The Romance of a Shop,"Levy, Amy, 1861-1889",en,2018-07-05,https://www.gutenberg.org/files/57447/57447-h/57447-h.htm,51530
24906,"History of the Eighty-sixth Regiment, Illinois Volunteer Infantry, during its term of service","Kinnear, John R.",en,2008-03-24,https://www.gutenberg.org/files/24906/24906-h/24906-h.htm,38302
56634,"The Monist, Vol. 1, 1890-1891","Various; Carus, Paul, 1852-1919 [Editor]; Hegeler, Edward C, 1835-1910 [Editor]",en,2018-02-24,https://www.gutenberg.org/cache/epub/56634/pg56634.html,261475
25213,"The Masters and Their Music
A series of illustrative programs with biographical,
esthetical, and critical annotations","Mathews, W. S. B. (William Smythe Babcock), 1837-1912",en,2008-11-17,https://www.gutenberg.org/files/25213/25213-h/25213-h.htm,63266
16915,"The Life of Nelson, Volume 2
The Embodiment of the Sea Power of Great Britain","Mahan, A. T. (Alfred Thayer), 1840-1914",en,2005-10-21,https://www.gutenberg.org/files/16915/16915-h/16915-h.htm,154503
8000,"The Slave Trade, Domestic and Foreign
Why It Exists, and How It May Be Extinguished","Carey, Henry Charles, 1793-1879",en,2005-04-01,https://www.gutenberg.org/cache/epub/8000/pg8000.html,174828
28413,The Student's Companion to Latin Authors,"Middleton, George, 1865-; Mills, Thomas Ross, 1869-",en,2009-03-25,https://www.gutenberg.org/files/28413/28413-h/28413-h.htm,100024
14596,Christian Mysticism,"Inge, William Ralph, 1860-1954",en,2005-01-04,https://www.gutenberg.org/cache/epub/14596/pg14596.html,115687
70785,"Falcon, of Squawtooth","Hankins, Arthur Preston, 1880-1932",en,2023-05-17,https://www.gutenberg.org/files/70785/70785-h/70785-h.htm,69818
57679,"Elements of Criticism, Volume II.","Kames, Henry Home, Lord, 1696-1782",en,2018-08-12,https://www.gutenberg.org/files/57679/57679-h/57679-h.htm,89534
33665,"The Preliminaries, and Other Stories","Comer, Cornelia A. P. (Cornelia Atwood Pratt), 1865-1929",en,2010-09-07,https://www.gutenberg.org/files/33665/33665-h/33665-h.htm,28899
59918,The Story of a Governess,"Oliphant, Mrs. (Margaret), 1828-1897",en,2019-07-14,https://www.gutenberg.org/files/59918/59918-h/59918-h.htm,152960
11647,"Scientific American Supplement, No. 458, October 11, 1884",Various,en,2004-03-01,https://www.gutenberg.org/files/11647/11647-h/11647-h.htm,44695
337,Indian Boyhood,"Eastman, Charles A., 1858-1939",en,2008-07-05,https://www.gutenberg.org/files/337/337-h/337-h.htm,55445
12191,The Red Axe,"Crockett, S. R. (Samuel Rutherford), 1860-1914",en,2004-04-01,https://www.gutenberg.org/cache/epub/12191/pg12191.html,112711
20848,An Elementary Study of Chemistry,"McPherson, William, 1864-1951; Henderson, William Edwards, 1870-",en,2007-03-18,https://www.gutenberg.org/files/20848/20848-h/20848-h.htm,122976
21136,For Fortune and Glory: A Story of the Soudan War,"Hough, Lewis; Paget, Walter, 1863-1935 [Illustrator]",en,2007-04-18,https://www.gutenberg.org/files/21136/21136-h/21136-h.htm,108405
5515,Arachne — Volume 08,"Ebers, Georg, 1837-1898; Safford, Mary J. (Mary Joanna), 1842-1916 [Translator]",en,2004-04-01,https://www.gutenberg.org/cache/epub/5515/pg5515.html,18526
25852,"The Letters of Charles Dickens. Vol. 1, 1833-1856","Dickens, Charles, 1812-1870; Dickens, Mamie, 1838-1896 [Editor]; Hogarth, Georgina, 1827-1917 [Editor]",en,2008-06-20,https://www.gutenberg.org/files/25852/25852-h/25852-h.htm,144416
35659,Voyages from Montreal Through the Continent of North America to the Frozen and Pacific Oceans in 1789 and 1793. Vol. II,"Mackenzie, Alexander, 1764-1820",en,2011-03-22,https://www.gutenberg.org/files/35659/35659-h/35659-h.htm,84561
1898,Albert Savarus,"Balzac, Honoré de, 1799-1850; Marriage, Ellen, 1865-1946 [Translator]",en,2004-06-01,https://www.gutenberg.org/files/1898/1898-h/1898-h.htm,42225
5573,"A Word, Only a Word — Volume 02","Ebers, Georg, 1837-1898; Safford, Mary J. (Mary Joanna), 1842-1916 [Translator]",en,2004-04-01,https://www.gutenberg.org/cache/epub/5573/pg5573.html,21122
2552,Thankful's Inheritance,"Lincoln, Joseph Crosby, 1870-1944",en,2006-05-18,https://www.gutenberg.org/files/2552/2552-h/2552-h.htm,109771
31677,Studies in Contemporary Biography,"Bryce, James Bryce, Viscount, 1838-1922",en,2010-03-17,https://www.gutenberg.org/files/31677/31677-h/31677-h.htm,119698
35739,"The American Quarterly Review, No. 18, June 1831 (Vol 9)",Various,en,2011-04-01,https://www.gutenberg.org/files/35739/35739-h/35739-h.htm,134238
118,Big Dummy's Guide to the Internet,"Electronic Frontier Foundation; Gaffin, Adam [Author of introduction, etc.]; Kapor, Mitchell [Author of introduction, etc.]",en,1994-03-01,https://www.gutenberg.org/cache/epub/118/pg118.html,62546
28803,The Works of Mark Twain: An Index of all Project Gutenberg Editions,"Twain, Mark, 1835-1910; Widger, David, 1932-2021? [Editor]",en,2009-05-14,https://www.gutenberg.org/files/28803/28803-h/28803-h.htm,26418
70414,Training Infantry,"Morrison, John F. (John Frank), 1857-1932",en,2023-03-30,https://www.gutenberg.org/files/70414/70414-h/70414-h.htm,36671
21625,Play the Game!,"Mitchell, Ruth Comfort, 1882-1954",en,2007-05-27,https://www.gutenberg.org/files/21625/21625-h/21625-h.htm,51431
17239,"The Destiny of Man, Viewed in the Light of His Origin","Fiske, John, 1842-1901",en,2005-12-06,https://www.gutenberg.org/files/17239/17239-h/17239-h.htm,18857
7894,The Fallen Leaves,"Collins, Wilkie, 1824-1889",en,2005-04-01,https://www.gutenberg.org/files/7894/7894-h/7894-h.htm,136231
30532,"Astounding Stories, May, 1931","Various; Bates, Harry, 1900-1981 [Editor]",en,2009-11-23,https://www.gutenberg.org/files/30532/30532-h/30532-h.htm,81502
362,Miss Billy's Decision,"Porter, Eleanor H. (Eleanor Hodgman), 1868-1920",en,2008-07-11,https://www.gutenberg.org/files/362/362-h/362-h.htm,71387
16248,"The Opera
A Sketch of the Development of Opera. With full Descriptions of all Works in the Modern Repertory.","Streatfeild, R. A. (Richard Alexander), 1866-1919; Fuller-Maitland, J. A. (John Alexander), 1856-1936 [Commentator]",en,2005-07-09,https://www.gutenberg.org/files/16248/16248-h/16248-h.htm,96095
58083,"The chronicles of Enguerrand de Monstrelet, Vol. 07 [of 13]","Monstrelet, Enguerrand de, 1390?-1453; Johnes, Thomas, 1748-1816 [Translator]",en,2018-10-12,https://www.gutenberg.org/files/58083/58083-h/58083-h.htm,77089
17427,President Wilson's Addresses,"Wilson, Woodrow, 1856-1924; Harper, George McLean, 1863-1947 [Editor]",en,2005-12-31,https://www.gutenberg.org/files/17427/17427-h/17427-h.htm,96724
37845,"A Book of Irish Verse
Selected from modern writers, with an introduction and notes by W. B. Yeats","Yeats, W. B. (William Butler), 1865-1939 [Editor]",en,2011-10-25,https://www.gutenberg.org/files/37845/37845-h/37845-h.htm,39588
12915,The White Devil,"Webster, John, 1580?-1625?",en,2004-07-16,https://www.gutenberg.org/cache/epub/12915/pg12915.html,27604
29916,"Gómez Arias
Or, The Moors of the Alpujarras, A Spanish Historical Romance.","Trueba y Cosío, Joaquín Telesforo de, 1799?-1835",en,2009-09-05,https://www.gutenberg.org/files/29916/29916-h/29916-h.htm,128504
56907,Pictures and Problems from London Police Courts,"Holmes, Thomas, 1846-1918",en,2018-04-03,https://www.gutenberg.org/files/56907/56907-h/56907-h.htm,83598
28072,"A history of art in Chaldæa & Assyria, Vol. 1 (of 2)","Perrot, Georges, 1832-1914; Chipiez, Charles, 1835-1901; Armstrong, Walter, Sir, 1850-1918 [Translator]",en,2009-02-14,https://www.gutenberg.org/files/28072/28072-h/28072-h.htm,133073
15831,"The Scientific American Boy; Or, The Camp at Willow Clump Island","Bond, A. Russell (Alexander Russell), 1876-1937",en,2005-05-15,https://www.gutenberg.org/cache/epub/15831/pg15831.html,62171
9504,"Micah Clarke
His Statement as made to his three grandchildren Joseph, Gervas and Reuben During the Hard Winter of 1734","Doyle, Arthur Conan, 1859-1930",en,2005-12-01,https://www.gutenberg.org/files/9504/9504-h/9504-h.htm,180975
19414,General Instructions for the Guidance of Post Office Inspectors in the Dominion of Canada,"Campbell, Alexander, 1822-1892",en,2006-10-01,https://www.gutenberg.org/files/19414/19414-h/19414-h.htm,10734
11698,The Three Brontës,"Sinclair, May, 1863-1946",en,2004-03-01,https://www.gutenberg.org/cache/epub/11698/pg11698.html,74081
29405,The Gods of Mars,"Burroughs, Edgar Rice, 1875-1950; Schoonover, Frank E., 1877-1972 [Illustrator]",en,2009-07-14,https://www.gutenberg.org/files/29405/29405-h/29405-h.htm,83246
37115,"The Moral and Intellectual Diversity of Races
With Particular Reference to Their Respective Influence in the Civil and Political History of Mankind","Gobineau, Arthur, comte de, 1816-1882; Hotz, H. [Contributor]; Nott, Josiah Clark, 1804-1873 [Contributor]",en,2011-08-17,https://www.gutenberg.org/files/37115/37115-h/37115-h.htm,117375
4446,The Adventures of Harry Richmond — Volume 3,"Meredith, George, 1828-1909",en,2003-09-01,https://www.gutenberg.org/cache/epub/4446/pg4446.html,27077
37676,"The History of Cuba, vol. 2","Johnson, Willis Fletcher, 1857-1931",en,2011-10-09,https://www.gutenberg.org/files/37676/37676-h/37676-h.htm,128106
58728,Small Talk at Wreyland. Third Series,"Torr, Cecil, 1857-1928",en,2019-01-19,https://www.gutenberg.org/files/58728/58728-h/58728-h.htm,46018
21450,Ben Burton: Born and Bred at Sea,"Kingston, William Henry Giles, 1814-1880; Webb, Archibald, 1887-1944 [Illustrator]",en,2007-05-15,https://www.gutenberg.org/files/21450/21450-h/21450-h.htm,75762
6061,Some Poems,"Scott, Walter, 1771-1832",en,2004-07-01,https://www.gutenberg.org/files/6061/6061-h/6061-h.htm,13568
57135,Guide to Historic Plymouth: Localities and Objects of Interest,"Burbank, A. S. (Alfred Stevens), 1856-1946",en,2018-05-11,https://www.gutenberg.org/files/57135/57135-h/57135-h.htm,20360
1588,A Rogue's Life,"Collins, Wilkie, 1824-1889",en,2006-02-22,https://www.gutenberg.org/files/1588/1588-h/1588-h.htm,48790
70826,Young Peggy McQueen,"Stables, Gordon, 1840-1910; Goble, Warwick, 1862-1943 [Illustrator]",en,2023-05-21,https://www.gutenberg.org/files/70826/70826-h/70826-h.htm,35578
21719,Blue Lights: Hot Work in the Soudan,"Ballantyne, R. M. (Robert Michael), 1825-1894",en,2007-06-07,https://www.gutenberg.org/files/21719/21719-h/21719-h.htm,94668
21465,Hurricane Hurry,"Kingston, William Henry Giles, 1814-1880",en,2007-05-15,https://www.gutenberg.org/files/21465/21465-h/21465-h.htm,204687
32875,Ten Years' Captivity in the Mahdi's Camp 1882-1892,"Ohrwalder, Josef, 1856-1913; Wingate, F. R. (Francis Reginald), Sir, 1861-1953",en,2010-06-18,https://www.gutenberg.org/files/32875/32875-h/32875-h.htm,158072
27274,Manures and the principles of manuring,"Aikman, Charles Morton, 1861-1902",en,2008-11-16,https://www.gutenberg.org/files/27274/27274-h/27274-h.htm,151343
39468,Voices from the Past,"Bartlett, Paul Alexander, 1909-1990; Bartlett, Steven J., 1945- [Editor]",en,2012-04-17,https://www.gutenberg.org/files/39468/39468-h/39468-h.htm,147327
21781,"Text Book of Biology, Part 1: Vertebrata","Wells, H. G. (Herbert George), 1866-1946",en,2007-06-08,https://www.gutenberg.org/files/21781/21781-h/21781-h.htm,57871
69441,"Narrative, of a five years' expedition against the Revolted Negroes of Surinam, in Guiana on the Wild Coast of South America; from the year 1772 to 1777 ... Volume 2 (of 2)","Stedman, John Gabriel, 1744-1797; Barlow, Inigo, 1760?- [Engraver]; Bartolozzi, Francesco, 1727-1815 [Engraver]; Blake, William, 1757-1827 [Engraver]; Conder, Thomas, 1747?-1831 [Engraver]; Holloway, Thomas, 1748-1827 [Engraver]; Smith, Anker, 1759-1819 [Engraver]",en,2022-11-28,https://www.gutenberg.org/files/69441/69441-h/69441-h.htm,109405
36000,The Boy Scouts Under Fire in Mexico,"Goldfrap, John Henry, 1879-1917",en,2011-04-30,https://www.gutenberg.org/files/36000/36000-h/36000-h.htm,62516
11061,"The Atlantic Monthly, Volume 06, No. 34, August, 1860
A Magazine Of Literature, Art, And Politics",Various,en,2004-02-01,https://www.gutenberg.org/cache/epub/11061/pg11061.html,85530
32059,The Pirates of Shan: A Rick Brant Science-Adventure Story,"Goodwin, Harold L. (Harold Leland), 1914-1990",en,2010-04-19,https://www.gutenberg.org/files/32059/32059-h/32059-h.htm,40581
39665,A History of the Gipsies: with Specimens of the Gipsy Language,"Simson, Walter; Simson, James, 1826- [Editor]",en,2012-05-10,https://www.gutenberg.org/files/39665/39665-h/39665-h.htm,249355
49217,"The Chautauquan, Vol. 03, May 1883","Chautauqua Literary and Scientific Circle; Chautauqua Institution; Flood, Theodore L., 1842- [Editor]",en,2015-06-15,https://www.gutenberg.org/files/49217/49217-h/49217-h.htm,80458
71753,College girls,"Goodloe, Abbe Carter, 1874-1960; Gibson, Charles Dana, 1867-1944 [Illustrator]",en,2023-09-29,https://www.gutenberg.org/files/71753/71753-h/71753-h.htm,55126
26615,"Black Beaver, the Trapper","Lewis, James Campbell, 1879-; Lewis, George Edward",en,2008-08-14,https://www.gutenberg.org/files/26615/26615-h/26615-h.htm,20831
15705,"The Silly Syclopedia
A Terrible Thing in the Form of a Literary Torpedo which is Launched for Hilarious Purposes Only Inaccurate in Every Particular Containing Copious Etymological Derivations and Other Useless Things","Hobart, George V. (George Vere), 1867-1926; Grant, Louis F. [Illustrator]",en,2005-04-25,https://www.gutenberg.org/files/15705/15705-h/15705-h.htm,16838
9853,The Mystery of the Four Fingers,"White, Fred M. (Fred Merrick), 1859-1935",en,2006-02-01,https://www.gutenberg.org/cache/epub/9853/pg9853.html,82122
36388,"Airship Andy; Or, The Luck of a Brave Boy","Webster, Frank V.",en,2011-06-12,https://www.gutenberg.org/files/36388/36388-h/36388-h.htm,40779
24505,The Forest of Dean: An Historical and Descriptive Account,"Nicholls, H. G. (Henry George), 1825-1867",en,2008-02-03,https://www.gutenberg.org/files/24505/24505-h/24505-h.htm,95492
8442,"Europe and the Faith
""Sine auctoritate nulla vita""","Belloc, Hilaire, 1870-1953",en,2005-07-01,https://www.gutenberg.org/files/8442/8442-h/8442-h.htm,68715
57033,The Harmonicon. Part the First,Various,en,2018-04-23,https://www.gutenberg.org/files/57033/57033-h/57033-h.htm,223623
34271,Is Polite Society Polite? and Other Essays,"Howe, Julia Ward, 1819-1910",en,2010-11-10,https://www.gutenberg.org/files/34271/34271-h/34271-h.htm,43618
8467,"Frost's Laws and By-Laws of American Society
A condensed but thorough treatise on etiquette and its usages in America, containing plain and reliable directions for deportment in every situation in life.","Frost, S. Annie (Sarah Annie)",en,2005-07-01,https://www.gutenberg.org/cache/epub/8467/pg8467.html,65826
70277,Med Service,"Leinster, Murray, 1896-1975; Van Dongen, H. R., 1920-2010 [Illustrator]",en,2023-03-13,https://www.gutenberg.org/files/70277/70277-h/70277-h.htm,21767
16666,Carette of Sark,"Oxenham, John, 1852-1941",en,2005-09-06,https://www.gutenberg.org/files/16666/16666-h/16666-h.htm,107438
10364,Yeast: a Problem,"Kingsley, Charles, 1819-1875",en,2003-12-01,https://www.gutenberg.org/files/10364/10364-h/10364-h.htm,98837
22381,Myths and Legends of Ancient Greece and Rome,"Berens, E. M.",en,2007-08-23,https://www.gutenberg.org/files/22381/22381-h/22381-h.htm,109268
18592,"The Life of George Washington, Vol. 2
Commander in Chief of the American Forces During the War
which Established the Independence of his Country and First
President of the United States","Marshall, John, 1755-1835",en,2006-06-15,https://www.gutenberg.org/files/18592/18592-h/18592-h.htm,130186
58462,The Story of Valentine and His Brother,"Oliphant, Mrs. (Margaret), 1828-1897",en,2018-12-12,https://www.gutenberg.org/files/58462/58462-h/58462-h.htm,193858
58588,"Petersburg National Military Park, Virginia","Lykes, Richard Wayne",en,2019-01-01,https://www.gutenberg.org/files/58588/58588-h/58588-h.htm,17258
28726,The Boy Scouts Book of Stories,"Mathiews, Franklin K. [Editor]; Louderback, Walt, 1887-1941 [Illustrator]; Scott, Arthur D. [Illustrator]",en,2009-05-08,https://www.gutenberg.org/files/28726/28726-h/28726-h.htm,104682
11031,Samuel Johnson,"Stephen, Leslie, 1832-1904",en,2004-02-01,https://www.gutenberg.org/cache/epub/11031/pg11031.html,58502
271,Black Beauty,"Sewell, Anna, 1820-1878",en,2006-01-16,https://www.gutenberg.org/files/271/271-h/271-h.htm,60402
26152,"Characteristics of Women: Moral, Poetical, and Historical","Jameson, Mrs. (Anna), 1794-1860",en,2008-07-31,https://www.gutenberg.org/files/26152/26152-h/26152-h.htm,107572
5697,Tales of Chinatown,"Rohmer, Sax, 1883-1959",en,2004-05-01,https://www.gutenberg.org/files/5697/5697-h/5697-h.htm,80584
25762,"Billie Bradley on Lighthouse Island; Or, The Mystery of the Wreck","Wheeler, Janet D.",en,2008-06-12,https://www.gutenberg.org/files/25762/25762-h/25762-h.htm,45458
3042,The Hispanic Nations of the New World: A Chronicle of Our Southern Neighbors,"Shepherd, William R. (William Robert), 1871-1934",en,2002-01-01,https://www.gutenberg.org/files/3042/3042-h/3042-h.htm,47147
20733,"Critical Miscellanies (Vol. 1 of 3), Essay 1: Robespierre","Morley, John, 1838-1923",en,2007-03-03,https://www.gutenberg.org/files/20733/20733-h/20733-h.htm,35367
5900,"Umboo, the Elephant","Garis, Howard Roger, 1873-1962",en,2004-06-01,https://www.gutenberg.org/cache/epub/5900/pg5900.html,29721
33425,The Crimson Sweater,"Barbour, Ralph Henry, 1870-1944; Relyea, C. M. (Charles M.), 1863-1932 [Illustrator]",en,2010-08-13,https://www.gutenberg.org/files/33425/33425-h/33425-h.htm,75272
12994,Sydney Smith,"Russell, George William Erskine, 1853-1919",en,2004-07-22,https://www.gutenberg.org/cache/epub/12994/pg12994.html,77669
34571,"The Pearl Story Book: Stories and Legends of Winter, Christmas, and New Year's Day","Skinner, Ada M. (Ada Maria), 1878- [Compiler]; Skinner, Eleanor L. (Eleanor Louise), 1872- [Compiler]",en,2010-12-06,https://www.gutenberg.org/files/34571/34571-h/34571-h.htm,62726
37222,Insanity: Its Causes and Prevention,"Stearns, Henry Putnam, 1828-1905",en,2011-08-27,https://www.gutenberg.org/files/37222/37222-h/37222-h.htm,50450
34957,The children of Alsace,"Bazin, René, 1853-1932",en,2011-01-14,https://www.gutenberg.org/files/34957/34957-h/34957-h.htm,76794
8113,Literary Love-Letters and Other Stories,"Herrick, Robert, 1868-1938",en,2005-05-01,https://www.gutenberg.org/cache/epub/8113/pg8113.html,43428
2285,"Ridgway of Montana: A story of to-day, in which the hero is also the villain","Raine, William MacLeod, 1871-1954",en,2000-08-01,https://www.gutenberg.org/files/2285/2285-h/2285-h.htm,64152
16273,"The Manual of Heraldry; Fifth Edition
Being a Concise Description of the Several Terms Used, and Containing a Dictionary of Every Designation in the Science",Anonymous,en,2005-07-12,https://www.gutenberg.org/files/16273/16273-h/16273-h.htm,30861
69202,"The cost of wings, and other stories","Dehan, Richard, 1863-1932",en,2022-10-23,https://www.gutenberg.org/files/69202/69202-h/69202-h.htm,92241
34912,"Woman in Science
With an Introductory Chapter on Woman's Long Struggle for Things of the Mind","Zahm, J. A. (John Augustine), 1851-1921",en,2011-01-11,https://www.gutenberg.org/files/34912/34912-h/34912-h.htm,151470
23440,"Edward Barry
South Sea Pearler","Becke, Louis, 1855-1913",en,2007-11-10,https://www.gutenberg.org/files/23440/23440-h/23440-h.htm,51650
24001,"The Physical Life of Woman: Advice to the Maiden, Wife and Mother","Napheys, George H. (George Henry), 1842-1876",en,2007-12-24,https://www.gutenberg.org/files/24001/24001-h/24001-h.htm,116219
30433,"Émile; Or, Concerning Education; Extracts","Rousseau, Jean-Jacques, 1712-1778; Steeg, Jules, 1836-1898 [Editor]; Worthington, Eleanor [Translator]",en,2009-11-09,https://www.gutenberg.org/files/30433/30433-h/30433-h.htm,50900
528,"Joe the Hotel Boy; Or, Winning out by Pluck","Alger, Horatio, Jr., 1832-1899",en,2006-03-18,https://www.gutenberg.org/files/528/528-h/528-h.htm,44698
9173,"Youth: Its Education, Regimen, and Hygiene","Hall, G. Stanley (Granville Stanley), 1844-1924",en,2005-10-01,https://www.gutenberg.org/cache/epub/9173/pg9173.html,125791
70443,Governor Bradford's first dialogue,"Bradford, William, 1590-1657",en,2023-04-02,https://www.gutenberg.org/files/70443/70443-h/70443-h.htm,11322
2115,History of Friedrich II of Prussia — Volume 15,"Carlyle, Thomas, 1795-1881",en,2008-06-16,https://www.gutenberg.org/files/2115/2115-h/2115-h.htm,75882
20289,"Herein is Love
A Study of the Biblical Doctrine of Love in Its Bearing on Personality, Parenthood, Teaching, and All Other Human Relationships.","Howe, Reuel L., 1905-1985",en,2007-01-04,https://www.gutenberg.org/files/20289/20289-h/20289-h.htm,39760
33597,Our Admirable Betty: A Romance,"Farnol, Jeffery, 1878-1952",en,2010-09-01,https://www.gutenberg.org/files/33597/33597-h/33597-h.htm,103848
3647,The Dwelling Place of Light — Volume 2,"Churchill, Winston, 1871-1947",en,2004-10-15,https://www.gutenberg.org/cache/epub/3647/pg3647.html,45723
27770,The Battaile of Agincourt,"Drayton, Michael, 1563-1631; Garnett, Richard, 1835-1906 [Editor]",en,2009-01-11,https://www.gutenberg.org/files/27770/27770-h/27770-h.htm,33885
58965,"Harper's Round Table, August 4, 1896",Various,en,2019-02-26,https://www.gutenberg.org/files/58965/58965-h/58965-h.htm,25800
25766,"The Immortal; Or, One of the ""Forty.""
(L'immortel) - 1877","Daudet, Alphonse, 1840-1897; Verrall, A. W. (Arthur Woollgar), 1851-1912 [Translator]; Verrall, Margaret de Gaudrion Merrifield, -1916 [Translator]",en,2008-06-12,https://www.gutenberg.org/files/25766/25766-h/25766-h.htm,71103
22274,"Julia And Her Romeo: A Chronicle Of Castle Barfield
From ""Schwartz"" by David Christie Murray","Murray, David Christie, 1847-1907",en,2007-08-08,https://www.gutenberg.org/files/22274/22274-h/22274-h.htm,21223
27933,Forest Neighbors: Life Stories of Wild Animals,"Hulbert, William Davenport, 1868-1913",en,2009-01-29,https://www.gutenberg.org/files/27933/27933-h/27933-h.htm,54396
3897,Memoirs of the Court of St. Cloud (Being secret letters from a gentleman at Paris to a nobleman in London) — Volume 6,"Goldsmith, Lewis, 1763?-1846",en,2004-12-04,https://www.gutenberg.org/cache/epub/3897/pg3897.html,21974
16809,The Story of Grenfell of the Labrador: A Boy's Life of Wilfred T. Grenfell,"Wallace, Dillon, 1863-1939",en,2005-10-07,https://www.gutenberg.org/files/16809/16809-h/16809-h.htm,54822
6882,This Simian World,"Day, Clarence, 1874-1935",en,2004-11-01,https://www.gutenberg.org/cache/epub/6882/pg6882.html,15536
36314,The Radio Boys Rescue the Lost Alaska Expedition,"Breckenridge, Gerald, 1889?-1964",en,2011-06-04,https://www.gutenberg.org/files/36314/36314-h/36314-h.htm,48587
36609,The Immortal Lure,"Rice, Cale Young, 1872-1943",en,2011-07-04,https://www.gutenberg.org/files/36609/36609-h/36609-h.htm,12263
5556,Margery (Gred): A Tale Of Old Nuremberg — Volume 05,"Ebers, Georg, 1837-1898; Bell, Clara, 1834-1927 [Translator]",en,2004-04-01,https://www.gutenberg.org/cache/epub/5556/pg5556.html,19330
5467,Joshua — Volume 1,"Ebers, Georg, 1837-1898; Safford, Mary J. (Mary Joanna), 1842-1916 [Translator]",en,2004-04-01,https://www.gutenberg.org/cache/epub/5467/pg5467.html,21757
27293,"A sketch of the life and services of Gen. Otho Holland Williams
Read before the Maryland historical society, on Thursday
evening, March 6, 1851","Tiffany, Osmond, 1823-",en,2008-11-19,https://www.gutenberg.org/files/27293/27293-h/27293-h.htm,11265
57335,"Light and Colour Theories, and their relation to light and colour standardization","Lovibond, Joseph W. (Joseph Williams), 1835-1918",en,2018-06-15,https://www.gutenberg.org/files/57335/57335-h/57335-h.htm,20031
58443,"Grania, The Story of an Island (Complete)","Lawless, Emily, 1845-1913",en,2018-12-09,https://www.gutenberg.org/files/58443/58443-h/58443-h.htm,92806
4460,Beauchamp's Career — Complete,"Meredith, George, 1828-1909",en,2004-11-04,https://www.gutenberg.org/files/4460/4460-h/4460-h.htm,197309
39516,A Captain of Industry: Being the Story of a Civilized Man,"Sinclair, Upton, 1878-1968",en,2012-04-23,https://www.gutenberg.org/files/39516/39516-h/39516-h.htm,20824
1736,Thomas Lord Cromwell,"Shakespeare, William, 1564-1616 [Dubious author]",en,1999-05-01,https://www.gutenberg.org/cache/epub/1736/pg1736.html,15505
25002,Roy Blakeley's Bee-line Hike,"Fitzhugh, Percy Keese, 1876-1950; Owen, Robert Emmett, 1878-1957 [Illustrator]",en,2008-04-05,https://www.gutenberg.org/files/25002/25002-h/25002-h.htm,39361
9071,"The Non-Christian Cross
An Enquiry into the Origin and History of the Symbol Eventually Adopted as That of Our Religion","Parsons, John Denham, 1861-1936",en,2005-10-01,https://www.gutenberg.org/files/9071/9071-h/9071-h.htm,41072
58927,"The American Phrenological Journal and Miscellany, Vol. 1. No. 8, May 1, 1839","Various; Allen, Nathan, 1813-1889 [Editor]",en,2019-02-20,https://www.gutenberg.org/files/58927/58927-h/58927-h.htm,23648
22482,Men in the Making,"Shepherd, Ambrose",en,2007-08-31,https://www.gutenberg.org/cache/epub/22482/pg22482.html,44304
7097,"Autobiography of Ma-ka-tai-me-she-kia-kiak, or Black Hawk","Black Hawk, Sauk chief, 1767-1838",en,2004-12-01,https://www.gutenberg.org/files/7097/7097-h/7097-h.htm,65502
20354,Jack of Both Sides: The Story of a School War,"Coombe, Florence; Brock, H. M. (Henry Matthew), 1875-1960 [Illustrator]; Pearse, Susan Beatrice, 1878-1980 [Illustrator]",en,2007-01-13,https://www.gutenberg.org/files/20354/20354-h/20354-h.htm,21014
31813,Checkers: A Hard-luck Story,"Blossom, Henry, 1866-1919",en,2010-03-28,https://www.gutenberg.org/files/31813/31813-h/31813-h.htm,44127
7223,The Belgian Cookbook,"Luck, Brian, Mrs. [Editor]",en,2005-01-01,https://www.gutenberg.org/files/7223/7223-h/7223-h.htm,33103
59063,"Peru as It Is, Volume 2 (of 2)
A Residence in Lima, and Other Parts of the Peruvian Republic, Comprising an Account of the Social and Physical Features of That Country","Smith, Archibald, 1798-1870",en,2019-03-15,https://www.gutenberg.org/files/59063/59063-h/59063-h.htm,54832
34733,Hymni ecclesiae,"Newman, John Henry, 1801-1890",en; la,2010-12-23,https://www.gutenberg.org/files/34733/34733-h/34733-h.htm,38457
23518,"Punch, or the London Charivari, Vol. 158, 1920-05-05","Various; Seaman, Owen, 1861-1936 [Editor]",en,2007-11-16,https://www.gutenberg.org/files/23518/23518-h/23518-h.htm,12371
19070,Both Sides the Border: A Tale of Hotspur and Glendower,"Henty, G. A. (George Alfred), 1832-1902; Peacock, Ralph, 1868-1946 [Illustrator]",en,2006-08-17,https://www.gutenberg.org/files/19070/19070-h/19070-h.htm,128894
57842,"Harper's Young People, May 16, 1882
An Illustrated Weekly",Various,en,2018-09-04,https://www.gutenberg.org/files/57842/57842-h/57842-h.htm,17841
71191,The celestial worlds discover'd,"Huygens, Christiaan, 1629-1695; Huygens, Constantijn, 1628-1697 [Editor]; Clarke, John, 1682-1757 [Translator]",en,2023-07-14,https://www.gutenberg.org/files/71191/71191-h/71191-h.htm,34753
36802,"The Romance of Polar Exploration
Interesting Descriptions of Arctic and Antarctic Adventure from the Earliest Time to the Voyage of the ""Discovery""","Scott, G. Firth, 1862?-1935",en,2011-07-20,https://www.gutenberg.org/files/36802/36802-h/36802-h.htm,87405
71380,Soldiers of the light,"Cone, Helen Gray, 1859-1934",en,2023-08-10,https://www.gutenberg.org/files/71380/71380-h/71380-h.htm,12457
2645,The Second Funeral of Napoleon,"Thackeray, William Makepeace, 1811-1863",en,2006-05-22,https://www.gutenberg.org/files/2645/2645-h/2645-h.htm,17655
5207,The Guns of Shiloh: A Story of the Great Western Campaign,"Altsheler, Joseph A. (Joseph Alexander), 1862-1919",en,2004-03-01,https://www.gutenberg.org/files/5207/5207-h/5207-h.htm,88206
70009,The plurality of the human race,"Pouchet, G. (Georges), 1833-1894; Beavan, Hugh J. C. [Translator]",en,2023-02-10,https://www.gutenberg.org/files/70009/70009-h/70009-h.htm,63810
34115,"Our Battalion
Being Some Slight Impressions of His Majesty's Auxiliary Forces, in Camp and Elsewhere","Raven-Hill, L. (Leonard), 1867-1942",en,2010-10-22,https://www.gutenberg.org/files/34115/34115-h/34115-h.htm,14490
57907,"Seventeen trips through Somáliland
A record of exploration & big game shooting, 1885 to 1893","Swayne, H. G. C. (Harald G. C.), 1860-1940",en,2018-09-14,https://www.gutenberg.org/files/57907/57907-h/57907-h.htm,154512
18508,"Arthur Mervyn; Or, Memoirs of the Year 1793","Brown, Charles Brockden, 1771-1810",en,2006-06-05,https://www.gutenberg.org/files/18508/18508-h/18508-h.htm,149916
8408,"Scientific American Supplement, No. 299, September 24, 1881",Various,en,2005-07-01,https://www.gutenberg.org/files/8408/8408-h/8408-h.htm,41236
59550,"Cancer: Its Cause and Treatment, Volume 1 (of 2)","Bulkley, Lucius Duncan, 1845-1928",en,2019-05-19,https://www.gutenberg.org/files/59550/59550-h/59550-h.htm,34700
11584,Madcap,"Gibbs, George, 1870-1942",en,2004-03-01,https://www.gutenberg.org/cache/epub/11584/pg11584.html,91102
16999,"Servia, Youngest Member of the European Family
or, A Residence in Belgrade and Travels in the Highlands and Woodlands of the Interior, during the years 1843 and 1844.","Paton, A. A. (Andrew Archibald), 1811-1874",en,2005-11-04,https://www.gutenberg.org/files/16999/16999-h/16999-h.htm,61992
2145,Ben-Hur: A tale of the Christ,"Wallace, Lew, 1827-1905",en,2000-04-01,https://www.gutenberg.org/files/2145/2145-h/2145-h.htm,201852
20620,Rosemary,"Lawrence, Josephine, 1897?-1978; Gooch, Thelma, 1895-1973 [Illustrator]",en,2007-02-19,https://www.gutenberg.org/files/20620/20620-h/20620-h.htm,59914
2484,"The Boys' and Girls' Plutarch
Being Parts of the ""Lives"" of Plutarch, Edited for Boys and Girls","Plutarch, 46-120?; White, John S. (John Stuart), 1847-1922 [Editor]",en,2001-01-01,https://www.gutenberg.org/files/2484/2484-h/2484-h.htm,142969
25407,The Merrie Tales of Jacques Tournebroche,"France, Anatole, 1844-1924; Allinson, A. R. (Alfred Richard), 1852-1929 [Translator]",en,2008-05-09,https://www.gutenberg.org/files/25407/25407-h/25407-h.htm,22720
1953,A Book of Strife in the Form of The Diary of an Old Soul,"MacDonald, George, 1824-1905",en,1999-11-01,https://www.gutenberg.org/files/1953/1953-h/1953-h.htm,22222
36071,"Hesperus; or, Forty-Five Dog-Post-Days: A Biography. Vol. I.","Jean Paul, 1763-1825; Brooks, Charles Timothy, 1813-1883 [Translator]",en,2011-05-09,https://www.gutenberg.org/files/36071/36071-h/36071-h.htm,157260
10089,Elves and Heroes,"Mackenzie, Donald A. (Donald Alexander), 1873-1936",en,2003-11-01,https://www.gutenberg.org/cache/epub/10089/pg10089.html,16019
18822,The House of Martha,"Stockton, Frank R., 1834-1902",en,2006-07-13,https://www.gutenberg.org/files/18822/18822-h/18822-h.htm,93386
21010,"Chambers's Edinburgh Journal, No. 444
Volume 18, New Series, July 3, 1852","Various; Chambers, Robert, 1802-1871 [Editor]; Chambers, William, 1800-1883 [Editor]",en,2007-04-08,https://www.gutenberg.org/files/21010/21010-h/21010-h.htm,21572
12060,"The German Classics of the Nineteenth and Twentieth Centuries, Volume 04
Masterpieces of German Literature Translated into English. in Twenty Volumes","Francke, Kuno, 1855-1930 [Editor]; Hölderlin, Friedrich, 1770-1843 [Contributor]; Humboldt, Wilhelm von, 1767-1835 [Contributor]; Jean Paul, 1763-1825 [Contributor]; Kleist, Heinrich von, 1777-1811 [Contributor]; Novalis, 1772-1801 [Contributor]; Schlegel, August Wilhelm von, 1767-1845 [Contributor]; Schlegel, Friedrich von, 1772-1829 [Contributor]; Tieck, Ludwig, 1773-1853 [Contributor]",en,2004-04-01,https://www.gutenberg.org/cache/epub/12060/pg12060.html,158518
2057,The Last of the Plainsmen,"Grey, Zane, 1872-1939",en,2000-02-01,https://www.gutenberg.org/files/2057/2057-h/2057-h.htm,71196
22411,The Choice of Life,"Leblanc, Georgette, 1869-1941; Teixeira de Mattos, Alexander, 1865-1921 [Translator]",en,2007-08-26,https://www.gutenberg.org/files/22411/22411-h/22411-h.htm,52205
5543,In the Fire of the Forge: A Romance of Old Nuremberg — Volume 01,"Ebers, Georg, 1837-1898; Safford, Mary J. (Mary Joanna), 1842-1916 [Translator]",en,2004-04-01,https://www.gutenberg.org/cache/epub/5543/pg5543.html,17112
19595,"Essays on Various Subjects, Principally Designed for Young Ladies","More, Hannah, 1745-1833",en,2006-10-21,https://www.gutenberg.org/files/19595/19595-h/19595-h.htm,58415
5987,In Kedar's Tents,"Merriman, Henry Seton, 1862-1903",en,2004-06-01,https://www.gutenberg.org/files/5987/5987-h/5987-h.htm,73158
22804,Apron-Strings,"Gates, Eleanor, 1875-1951",en,2007-09-29,https://www.gutenberg.org/cache/epub/22804/pg22804.html,54385
16917,Art,"Bell, Clive, 1881-1964",en,2005-10-21,https://www.gutenberg.org/files/16917/16917-h/16917-h.htm,59385
20791,For Love of Country: A Story of Land and Sea in the Days of the Revolution,"Brady, Cyrus Townsend, 1861-1920",en,2007-03-10,https://www.gutenberg.org/cache/epub/20791/pg20791.html,88296
16035,"The Food of the Gods
A Popular Account of Cocoa","Head, Brandon",en,2005-06-10,https://www.gutenberg.org/files/16035/16035-h/16035-h.htm,18735
38030,"The Girl Scouts at Camp Comalong; Or, Peg of Tamarack Hills","Garis, Lilian, 1873-1954",en,2011-11-16,https://www.gutenberg.org/files/38030/38030-h/38030-h.htm,44930
17712,The moon,"Elger, Thomas Gwyn, 1836-1897",en,2006-02-07,https://www.gutenberg.org/cache/epub/17712/pg17712.html,71769
22693,A Book of Myths,"Lang, Jean, 1867-1932; Stratton, Helen [Illustrator]",en,2007-09-21,https://www.gutenberg.org/files/22693/22693-h/22693-h.htm,95306
29809,"Astounding Stories of Super-Science, May, 1930","Various; Bates, Harry, 1900-1981 [Editor]",en,2009-08-26,https://www.gutenberg.org/files/29809/29809-h/29809-h.htm,79437
5579,The Burgomaster's Wife — Volume 02,"Ebers, Georg, 1837-1898; Safford, Mary J. (Mary Joanna), 1842-1916 [Translator]",en,2004-04-01,https://www.gutenberg.org/cache/epub/5579/pg5579.html,19338
7238,My Four Years in Germany,"Gerard, James W. (James Watson), 1867-1951",en,2005-01-01,https://www.gutenberg.org/files/7238/7238-h/7238-h.htm,93390
30578,Wunpost,"Coolidge, Dane, 1873-1940",en,2009-12-02,https://www.gutenberg.org/files/30578/30578-h/30578-h.htm,72154
27202,"Wagner, the Wehr-Wolf","Reynolds, George W. M. (George William MacArthur), 1814-1879",en,2008-11-08,https://www.gutenberg.org/files/27202/27202-h/27202-h.htm,193103
56605,Madame de Staël,"Duffy, Bella, 1845-1926",en,2018-02-19,https://www.gutenberg.org/files/56605/56605-h/56605-h.htm,67248
32413,At the Post,"Gold, H. L. (Horace Leonard), 1914-1996; Vidmer [Illustrator]",en,2010-05-18,https://www.gutenberg.org/files/32413/32413-h/32413-h.htm,13384
30733,The Fate of Felix Brand,"Kelly, Florence Finch, 1858-1939; Prittie, Edwin John, 1879-1963 [Illustrator]",en,2009-12-22,https://www.gutenberg.org/files/30733/30733-h/30733-h.htm,65792
16322,"Luther Examined and Reexamined
A Review of Catholic Criticism and a Plea for Revaluation","Dau, W. H. T. (William Herman Theodore), 1864-1944",en,2005-07-18,https://www.gutenberg.org/cache/epub/16322/pg16322.html,91193
11691,"Driftwood Spars
The Stories of a Man, a Boy, a Woman, and Certain Other People Who Strangely Met Upon the Sea of Life","Wren, Percival Christopher, 1885-1941",en,2004-03-01,https://www.gutenberg.org/cache/epub/11691/pg11691.html,78836
4958,"Justice in the By-Ways, a Tale of Life","Adams, F. Colburn (Francis Colburn), 1850-1891",en,2004-01-01,https://www.gutenberg.org/cache/epub/4958/pg4958.html,123973
3907,The Confessions of Jean Jacques Rousseau — Volume 07,"Rousseau, Jean-Jacques, 1712-1778",en,2004-12-06,https://www.gutenberg.org/cache/epub/3907/pg3907.html,32507
57456,The Sufferings and Escape of Capt. Chas. H. Brown From an Awful Imprisonment by Chilian Convicts,"Brown, Charles H., captain of the bark Florida; Appleton, Elizabeth Haven, 1815-1890 [Editor]",en,2018-07-07,https://www.gutenberg.org/files/57456/57456-h/57456-h.htm,31743
18286,The Miller Of Old Church,"Glasgow, Ellen Anderson Gholson, 1873-1945",en,2006-04-30,https://www.gutenberg.org/cache/epub/18286/pg18286.html,116410
20106,How Ethel Hollister Became a Campfire Girl,"Benson, Irene Elliott",en,2006-12-13,https://www.gutenberg.org/cache/epub/20106/pg20106.html,31820
3694,Every Man in His Humour,"Jonson, Ben, 1573?-1637",en,2003-01-01,https://www.gutenberg.org/files/3694/3694-h/3694-h.htm,46141
6629,Mr. Midshipman Easy,"Marryat, Frederick, 1792-1848",en,2004-10-01,https://www.gutenberg.org/cache/epub/6629/pg6629.html,141018
8026,"The Bible, King James version, Book 26: Ezekiel",Anonymous,en,2005-04-01,https://www.gutenberg.org/cache/epub/8026/pg8026.html,43250
36346,The Mandarin's Fan,"Hume, Fergus, 1859-1932",en,2011-06-07,https://www.gutenberg.org/files/36346/36346-h/36346-h.htm,78459
36122,The Winning of the Golden Spurs,"Westerman, Percy F. (Percy Francis), 1876-1959",en,2011-05-16,https://www.gutenberg.org/files/36122/36122-h/36122-h.htm,70024
13127,"Observations on the Mussulmauns of India
Descriptive of Their Manners, Customs, Habits and Religious Opinions Made During a Twelve Years' Residence in Their Immediate Society","Meer Hasan Ali, Mrs.; Crooke, William, 1848-1923 [Editor]",en,2004-08-07,https://www.gutenberg.org/cache/epub/13127/pg13127.html,173477
57445,"The American Missionary — Volume 36, No. 1, January, 1882",Various,en,2018-07-05,https://www.gutenberg.org/files/57445/57445-h/57445-h.htm,20055
26031,"Memoirs and Correspondence of Admiral Lord de Saumarez, Vol. I","Ross, John, Sir, 1777-1856",en,2008-07-11,https://www.gutenberg.org/files/26031/26031-h/26031-h.htm,112459
3734,"Tom Swift in the Caves of Ice, or, the Wreck of the Airship","Appleton, Victor",en,2003-02-01,https://www.gutenberg.org/files/3734/3734-h/3734-h.htm,42115
3673,Essays Before a Sonata,"Ives, Charles, 1874-1954",en,2003-01-01,https://www.gutenberg.org/files/3673/3673-h/3673-h.htm,33627
39434,Vistas of New York,"Matthews, Brander, 1852-1929",en,2012-04-12,https://www.gutenberg.org/files/39434/39434-h/39434-h.htm,54970
315,Rhymes of a Red Cross Man,"Service, Robert W. (Robert William), 1874-1958",en,1995-08-01,https://www.gutenberg.org/files/315/315-h/315-h.htm,25465
17964,Olympian Nights,"Bangs, John Kendrick, 1862-1922",en,2006-03-11,https://www.gutenberg.org/files/17964/17964-h/17964-h.htm,32321
25720,A Lecture on the Study of History,"Acton, John Emerich Edward Dalberg Acton, Baron, 1834-1902",en,2008-06-07,https://www.gutenberg.org/files/25720/25720-h/25720-h.htm,28459
21047,"The Nursery, No. 109, January, 1876, Vol. XIX.
A Monthly Magazine for Youngest Readers",Various,en,2007-04-12,https://www.gutenberg.org/files/21047/21047-h/21047-h.htm,10611
12419,Frontier Stories,"Harte, Bret, 1836-1902",en,2004-05-01,https://www.gutenberg.org/cache/epub/12419/pg12419.html,137583
33813,Rodman the Keeper: Southern Sketches,"Woolson, Constance Fenimore, 1840-1894",en,2010-09-26,https://www.gutenberg.org/files/33813/33813-h/33813-h.htm,116126
34282,Jupiter Lights,"Woolson, Constance Fenimore, 1840-1894",en,2010-11-11,https://www.gutenberg.org/files/34282/34282-h/34282-h.htm,97169
38294,Henrietta Maria,"Haynes, Henrietta",en,2011-12-13,https://www.gutenberg.org/files/38294/38294-h/38294-h.htm,117206
9607,From Boyhood to Manhood: Life of Benjamin Franklin,"Thayer, William Makepeace, 1820-1898",en,2006-01-01,https://www.gutenberg.org/cache/epub/9607/pg9607.html,123066
21297,Cutlass and Cudgel,"Fenn, George Manville, 1831-1909; Schönberg, John [Illustrator]",en,2007-05-04,https://www.gutenberg.org/files/21297/21297-h/21297-h.htm,93255
22500,"The Works of William Hogarth: In a Series of Engravings
With Descriptions, and a Comment on Their Moral Tendency","Hogarth, William, 1697-1764 [Artist]; Trusler, John, 1735-1820",en,2007-09-04,https://www.gutenberg.org/files/22500/22500-h/22500-h.htm,42423
56560,"Waterways and Water Transport in Different Countries
With a description of the Panama, Suez, Manchester, Nicaraguan, and other canals.","Jeans, J. Stephen (James Stephen), 1846-1913",en,2018-02-13,https://www.gutenberg.org/files/56560/56560-h/56560-h.htm,197985
2515,Stepping Heavenward,"Prentiss, E. (Elizabeth), 1818-1878",en,2001-02-01,https://www.gutenberg.org/cache/epub/2515/pg2515.html,96986
8346,"The Bible, Douay-Rheims, Book 46: 2 Machabees
The Challoner Revision",,en,2005-06-01,https://www.gutenberg.org/cache/epub/8346/pg8346.html,19084
57059,A Dominie Dismissed,"Neill, Alexander Sutherland, 1883-1973",en,2018-04-27,https://www.gutenberg.org/files/57059/57059-h/57059-h.htm,54473
71531,"The Ohio Naturalist, vol. II, no. 2, December, 1901",Ohio State University. Biological Club,en,2023-08-31,https://www.gutenberg.org/files/71531/71531-h/71531-h.htm,11819
57904,The Doom of London,"White, Fred M. (Fred Merrick), 1859-1935; Goble, Warwick, 1862-1943 [Illustrator]",en,2018-09-14,https://www.gutenberg.org/files/57904/57904-h/57904-h.htm,42684
26603,The Later Cave-Men,"Dopp, Katharine Elizabeth, 1863-1944; Brown, Howard V., 1878-1945 [Illustrator]",en,2008-09-13,https://www.gutenberg.org/files/26603/26603-h/26603-h.htm,44900
12633,A Happy Boy,"Bjørnson, Bjørnstjerne, 1832-1910; Anderson, Rasmus Björn, 1846-1936 [Translator]",en,2004-06-01,https://www.gutenberg.org/cache/epub/12633/pg12633.html,32265
37438,"The Wanderer; or, Female Difficulties (Volume 2 of 5)","Burney, Fanny, 1752-1840",en,2011-09-15,https://www.gutenberg.org/files/37438/37438-h/37438-h.htm,72181
57642,The Black Bear,"Wright, William H. (William Henry), 1856-1934; Kerfoot, J. B. (John Barrett), 1865-1927 [Illustrator]",en,2018-08-06,https://www.gutenberg.org/files/57642/57642-h/57642-h.htm,33495
21559,The Three Cutters,"Marryat, Frederick, 1792-1848",en,2007-05-21,https://www.gutenberg.org/files/21559/21559-h/21559-h.htm,22108
5707,The Boy Scout Aviators,"Durston, George",en,2004-05-01,https://www.gutenberg.org/cache/epub/5707/pg5707.html,39848
35353,"The Riverside Bulletin, March, 1910
Houghton Mifflin Company Books for Spring and Summer",Anonymous,en,2011-02-22,https://www.gutenberg.org/files/35353/35353-h/35353-h.htm,10160
2199,The Iliad,"Homer, 751? BCE-651? BCE; Butler, Samuel, 1835-1902 [Translator]",en,2000-06-01,https://www.gutenberg.org/files/2199/2199-h/2199-h.htm,154507
70889,Travels of an Arab merchant in Soudan (the Black Kingdoms of Central Africa),"Tūnisī, Muḥammad ibn ʻUmar, -1857; Perron, Dr. (Nicolas), 1798-1876 [Translator]; St. John, Bayle, 1822-1859 [Translator]",en,2023-05-31,https://www.gutenberg.org/files/70889/70889-h/70889-h.htm,86626
38826,Bolanyo,"Read, Opie Percival, 1852-1939; Browne, Charles Francis, 1859-1920 [Illustrator]; Parrish, Maxfield, 1870-1966 [Illustrator]",en,2012-02-10,https://www.gutenberg.org/files/38826/38826-h/38826-h.htm,51457
2672,The Complete Writings of Charles Dudley Warner — Volume 2,"Warner, Charles Dudley, 1829-1900",en,2001-06-01,https://www.gutenberg.org/cache/epub/2672/pg2672.html,87960
25216,"The Atlantic Monthly, Volume 18, No. 108, October, 1866
A Magazine of Literature, Science, Art, and Politics",Various,en,2008-04-28,https://www.gutenberg.org/files/25216/25216-h/25216-h.htm,91354
25965,"Indian Poetry
Containing ""The Indian Song of Songs,"" from the Sanskrit of the Gîta Govinda of Jayadeva, Two books from ""The Iliad Of India"" (Mahábhárata), ""Proverbial Wisdom"" from the Shlokas of the Hitopadesa, and other Oriental Poems.","Arnold, Edwin, Sir, 1832-1904",en,2008-07-04,https://www.gutenberg.org/files/25965/25965-h/25965-h.htm,36250
18896,Faith Gartney's Girlhood,"Whitney, A. D. T. (Adeline Dutton Train), 1824-1906",en,2006-07-22,https://www.gutenberg.org/files/18896/18896-h/18896-h.htm,80101
14378,Five Years of Theosophy,"Mead, G. R. S. (George Robert Stow), 1863-1933 [Editor]",en,2004-12-18,https://www.gutenberg.org/cache/epub/14378/pg14378.html,149193
27688,A Hundred Years by Post: A Jubilee Retrospect,"Hyde, James Wilson, 1841-1918",en,2009-01-02,https://www.gutenberg.org/files/27688/27688-h/27688-h.htm,24239
33616,The Way of the Gods,"Long, John Luther, 1861-1927",en,2010-09-03,https://www.gutenberg.org/files/33616/33616-h/33616-h.htm,39349
37242,Stories and Pictures,"Peretz, Isaac Loeb, 1852?-1915; Frank, Helena [Translator]",en,2011-08-28,https://www.gutenberg.org/files/37242/37242-h/37242-h.htm,100210
15355,Nautilus,"Richards, Laura Elizabeth Howe, 1850-1943",en,2005-03-13,https://www.gutenberg.org/files/15355/15355-h/15355-h.htm,30614
8068,"Expositions of Holy Scripture
Deuteronomy, Joshua, Judges, Ruth, and First Book of Samuel, Second Samuel, First Kings, and Second Kings chapters I to VII","Maclaren, Alexander, 1826-1910",en,2005-05-01,https://www.gutenberg.org/cache/epub/8068/pg8068.html,271557
36883,"The Irish Ecclesiastical Record, Volume 1, March 1865",,en,2011-07-28,https://www.gutenberg.org/files/36883/36883-h/36883-h.htm,21488
22112,A Child's Book of Saints,"Canton, William, 1845-1926; Robinson, T. H. (Thomas Heath), 1869-1954 [Illustrator]",en,2007-07-20,https://www.gutenberg.org/files/22112/22112-h/22112-h.htm,61837
37974,"Diana Tempest, Volume II","Cholmondeley, Mary, 1859-1925",en,2011-11-10,https://www.gutenberg.org/files/37974/37974-h/37974-h.htm,39634
3460,Old Fritz and the New Era,"Mühlbach, L. (Luise), 1814-1873; Langley, Peter [Translator]",en,2002-10-01,https://www.gutenberg.org/files/3460/3460-h/3460-h.htm,139295
32935,What a Man Wills,"Vaizey, George de Horne, Mrs., 1857-1917; Michael, A. C. (Arthur C.) [Illustrator]",en,2010-06-20,https://www.gutenberg.org/files/32935/32935-h/32935-h.htm,75084
16495,Your Boys,"Smith, Gipsy, 1860-1947",en,2005-08-09,https://www.gutenberg.org/files/16495/16495-h/16495-h.htm,10491
33413,The Story of Books,"Rawlings, Gertrude Burford",en,2010-08-13,https://www.gutenberg.org/files/33413/33413-h/33413-h.htm,39248
27743,Through Finland in Carts,"Alec-Tweedie, Mrs. (Ethel), 1862-1940",en,2009-01-08,https://www.gutenberg.org/files/27743/27743-h/27743-h.htm,123113
34027,The Cup of Comus: Fact and Fancy,"Cawein, Madison Julius, 1865-1914",en,2010-10-04,https://www.gutenberg.org/files/34027/34027-h/34027-h.htm,13834
25774,The Rapids,"Sullivan, Alan, 1868-1947",en,2008-06-13,https://www.gutenberg.org/cache/epub/25774/pg25774.html,84847
35796,I Walked in Arden,"Crawford, Jack Randall, 1878-1968",en,2011-04-08,https://www.gutenberg.org/files/35796/35796-h/35796-h.htm,99533
26682,"Donahoe's Magazine, Volume 15, No. 2,  February 1886",Various,en,2008-09-21,https://www.gutenberg.org/files/26682/26682-h/26682-h.htm,54276
33122,An Impromptu Ascent of Mont Blanc,"Le Mesurier, W. H.",en,2010-07-09,https://www.gutenberg.org/files/33122/33122-h/33122-h.htm,17565
70331,Educational laws of Virginia,"Douglass, Margaret Crittenden, 1822-",en,2023-03-21,https://www.gutenberg.org/files/70331/70331-h/70331-h.htm,19697
19340,The Story of the Big Front Door,"Leonard, Mary Finley, 1862-1948",en,2006-09-20,https://www.gutenberg.org/files/19340/19340-h/19340-h.htm,57965
3238,Poems of Cheer,"Wilcox, Ella Wheeler, 1850-1919",en,2002-05-01,https://www.gutenberg.org/files/3238/3238-h/3238-h.htm,18474
30956,"History of the Great American Fortunes, Vol. I
Conditions in Settlement and Colonial Times","Myers, Gustavus, 1872-1942",en,2010-01-13,https://www.gutenberg.org/files/30956/30956-h/30956-h.htm,86234
16259,The Surprising Adventures of the Magical Monarch of Mo and His People,"Baum, L. Frank (Lyman Frank), 1856-1919; Ver Beck, Frank, 1858-1933 [Illustrator]",en,2005-07-10,https://www.gutenberg.org/files/16259/16259-h/16259-h.htm,32898
8732,Through the Fray: A Tale of the Luddite Riots,"Henty, G. A. (George Alfred), 1832-1902",en,2005-08-01,https://www.gutenberg.org/files/8732/8732-h/8732-h.htm,103567
10090,Peaceless Europe,"Nitti, Francesco Saverio, 1868-1953",en,2003-11-01,https://www.gutenberg.org/cache/epub/10090/pg10090.html,76627
37332,A Little Princess: Being the whole story of Sara Crewe now told for the first time,"Burnett, Frances Hodgson, 1849-1924; Betts, Ethel Franklin, 1877-1959 [Illustrator]",en,2011-09-07,https://www.gutenberg.org/files/37332/37332-h/37332-h.htm,69757
37112,"Life in the Confederate Army
Being Personal Experiences of a Private Soldier in the Confederate Army, and Some Experiences and Sketches of Southern Life","Ford, Arthur Peronneau; Ford, Marion Johnstone",en,2011-08-17,https://www.gutenberg.org/files/37112/37112-h/37112-h.htm,33916
641,The Violet Fairy Book,"Lang, Andrew, 1844-1912",en,1996-09-01,https://www.gutenberg.org/files/641/641-h/641-h.htm,103607
32560,"Gerald Fitzgerald, the Chevalier: A Novel","Lever, Charles James, 1806-1872; McCormick, A. D. (Arthur David), 1860-1943 [Illustrator]",en,2010-05-27,https://www.gutenberg.org/files/32560/32560-h/32560-h.htm,143140
10543,"Norwegian Life
An Account of Past and Contemporary Conditions and Progress in Norway and Sweden","Clough, Ethlyn T., 1858-1936 [Editor]",en,2003-12-01,https://www.gutenberg.org/cache/epub/10543/pg10543.html,58209
22067,"The Story of a Cannoneer Under Stonewall Jackson
In Which is Told the Part Taken by the Rockbridge Artillery in the Army of Northern Virginia","Moore, Edward Alexander, 1842-",en,2007-07-13,https://www.gutenberg.org/files/22067/22067-h/22067-h.htm,71361
57006,The Freaks of Mayfair,"Benson, E. F. (Edward Frederic), 1867-1940; Plank, George, 1882-1965 [Illustrator]",en,2018-04-20,https://www.gutenberg.org/files/57006/57006-h/57006-h.htm,41924
21806,Coming of Age: 1939-1946,"Cox, John, 1918?-",en,2007-07-06,https://www.gutenberg.org/files/21806/21806-h/21806-h.htm,37922
8800,The divine comedy,"Dante Alighieri, 1265-1321; Doré, Gustave, 1832-1883 [Illustrator]; Cary, Henry Francis, 1772-1844 [Translator]",en,2005-09-01,https://www.gutenberg.org/files/8800/8800-h/8800-h.htm,114204
1453,The Alkahest,"Balzac, Honoré de, 1799-1850; Wormeley, Katharine Prescott, 1830-1908 [Translator]",en,2004-06-01,https://www.gutenberg.org/cache/epub/1453/pg1453.html,70772
35238,The Grandchildren of the Ghetto,"Zangwill, Israel, 1864-1926",en,2011-02-11,https://www.gutenberg.org/files/35238/35238-h/35238-h.htm,85401
3619,Cousin Maude,"Holmes, Mary Jane, 1825-1907",en,2003-01-01,https://www.gutenberg.org/files/3619/3619-h/3619-h.htm,61142
31366,A Little Dusky Hero,"Comstock, Harriet T. (Harriet Theresa), 1860-1943",en,2010-02-23,https://www.gutenberg.org/files/31366/31366-h/31366-h.htm,17143
35936,Mesa Verde [Colorado] National Park,United States. Department of the Interior,en,2011-04-22,https://www.gutenberg.org/files/35936/35936-h/35936-h.htm,17422
26974,Prisoners their own warders,"McNair, John Frederick Adolphus, 1828-1910; Bayliss, W. D.",en,2008-10-20,https://www.gutenberg.org/files/26974/26974-h/26974-h.htm,45393
473,Stories to Tell to Children,"Bryant, Sara Cone, 1873-1956",en,1996-03-01,https://www.gutenberg.org/files/473/473-h/473-h.htm,52665
70418,"Maritime enterprise, 1485-1558","Williamson, James A. (James Alexander), 1886-1964",en,2023-03-30,https://www.gutenberg.org/files/70418/70418-h/70418-h.htm,126471
5588,A Question,"Ebers, Georg, 1837-1898; Safford, Mary J. (Mary Joanna), 1842-1916 [Translator]",en,2004-04-01,https://www.gutenberg.org/cache/epub/5588/pg5588.html,20282
36547,"The Seven Follies of Science [2nd ed.]
A popular account of the most famous scientific impossibilities and the attempts which have been made to solve them. To which is added a small budget of interesting paradoxes, illusions, and marvels","Phin, John, 1830-1913",en,2011-06-28,https://www.gutenberg.org/files/36547/36547-h/36547-h.htm,47760
31031,"Guy Fawkes; Or, A Complete History Of The Gunpowder Treason, A.D. 1605","Lathbury, Thomas, 1798-1865",en,2010-01-20,https://www.gutenberg.org/files/31031/31031-h/31031-h.htm,43616
21498,"France and the Republic
A Record of Things Seen and Learned in the French Provinces During the 'Centennial' Year 1889","Hurlbert, William Henry, 1827-1895",en,2007-05-16,https://www.gutenberg.org/files/21498/21498-h/21498-h.htm,211458
1960,Sight Unseen,"Rinehart, Mary Roberts, 1876-1958",en,1999-11-01,https://www.gutenberg.org/files/1960/1960-h/1960-h.htm,35107
6826,"Neville Trueman, the Pioneer Preacher : a tale of the war of 1812","Withrow, W. H. (William Henry), 1839-1908",en,2004-11-01,https://www.gutenberg.org/cache/epub/6826/pg6826.html,52274
8195,"Scientific American Supplement, No. 275, April 9, 1881",Various,en,2005-05-01,https://www.gutenberg.org/files/8195/8195-h/8195-h.htm,47404
35418,Lewis Carroll in Wonderland and at Home: The Story of His Life,"Moses, Belle",en,2011-02-27,https://www.gutenberg.org/files/35418/35418-h/35418-h.htm,70373
8077,The Mind in the Making: The Relation of Intelligence to Social Reform,"Robinson, James Harvey, 1863-1936",en,2005-05-01,https://www.gutenberg.org/cache/epub/8077/pg8077.html,46067
38346,"Sunday-School Success
A Book of Practical Methods for Sunday-School Teachers and Officers","Wells, Amos R. (Amos Russel), 1862-1933",en,2011-12-19,https://www.gutenberg.org/files/38346/38346-h/38346-h.htm,69343
34394,"The Boy Scouts of Bob's Hill
A Sequel to 'The Bob's Hill Braves'","Burton, Charles Pierce, 1862-1947; Grant, Gordon, 1875-1962 [Illustrator]",en,2010-11-22,https://www.gutenberg.org/files/34394/34394-h/34394-h.htm,58507
624,"Looking Backward, 2000 to 1887","Bellamy, Edward, 1850-1898",en,1996-08-01,https://www.gutenberg.org/files/624/624-h/624-h.htm,78263
57024,"Patrins
To Which Is Added an Inquirendo Into the Wit & Other Good Parts of His Late Majesty King Charles the Second","Guiney, Louise Imogen, 1861-1920",en,2018-04-22,https://www.gutenberg.org/files/57024/57024-h/57024-h.htm,52360
5736,The Professional Aunt,"Wemyss, Mary C. E., 1868-1951",en,2004-05-01,https://www.gutenberg.org/files/5736/5736-h/5736-h.htm,36315
15069,Diet and Health; With Key to the Calories,"Peters, Lulu Hunt, 1873-1930",en,2005-02-15,https://www.gutenberg.org/files/15069/15069-h/15069-h.htm,19890
36130,"The Campfire Girls on Station Island; Or, The Wireless from the Steam Yacht","Penrose, Margaret",en,2011-05-16,https://www.gutenberg.org/files/36130/36130-h/36130-h.htm,41070
35359,Jimmie Moore of Bucktown,"Trotter, Melvin E. (Melvin Earnest), 1870-1940",en,2011-02-22,https://www.gutenberg.org/cache/epub/35359/pg35359.html,33112
7490,Dryden's Palamon and Arcite,"Dryden, John, 1631-1700; Chaucer, Geoffrey, 1343?-1400",en,2005-02-01,https://www.gutenberg.org/files/7490/7490-h/7490-h.htm,32941
57701,The History of Duelling. Vol. 2 (of 2),"Millingen, J. G. (John Gideon), 1782-1862",en,2018-08-15,https://www.gutenberg.org/files/57701/57701-h/57701-h.htm,103310
16457,All Around the Moon,"Verne, Jules, 1828-1905; Roth, Edward, 1826-1911 [Translator]",en,2005-08-06,https://www.gutenberg.org/files/16457/16457-h/16457-h.htm,99387
5462,The Sisters — Volume 2,"Ebers, Georg, 1837-1898; Bell, Clara, 1834-1927 [Translator]",en,2004-04-01,https://www.gutenberg.org/cache/epub/5462/pg5462.html,19117
35092,"Encyclopaedia Britannica, 11th Edition, ""Ehud"" to ""Electroscope""
Volume 9, Slice 2",Various,en,2011-01-27,https://www.gutenberg.org/files/35092/35092-h/35092-h.htm,157307
23136,Creative Unity,"Tagore, Rabindranath, 1861-1941",en,2007-10-21,https://www.gutenberg.org/files/23136/23136-h/23136-h.htm,38208
24563,"The Best of the World's Classics, Restricted to Prose, Vol. VII (of X)—Continental Europe I","Lodge, Henry Cabot, 1850-1924 [Editor]; Halsey, Francis W. (Francis Whiting), 1851-1919 [Editor]",en,2008-02-09,https://www.gutenberg.org/files/24563/24563-h/24563-h.htm,68778
70315,The old lady shows her medals,"Barrie, J. M. (James Matthew), 1860-1937",en,2023-03-18,https://www.gutenberg.org/files/70315/70315-h/70315-h.htm,27267
3353,"Letters to His Son, 1749
On the Fine Art of Becoming a Man of the World and a Gentleman","Chesterfield, Philip Dormer Stanhope, Earl of, 1694-1773",en,2004-12-01,https://www.gutenberg.org/cache/epub/3353/pg3353.html,48090
18118,"Little Journeys to the Homes of the Great - Volume 04
Little Journeys to the Homes of Eminent Painters","Hubbard, Elbert, 1856-1915",en,2006-04-04,https://www.gutenberg.org/files/18118/18118-h/18118-h.htm,72127
4991,"The Pony Rider Boys in New Mexico; Or, The End of the Silver Trail","Patchin, Frank Gee, 1861-1925",en,2004-01-01,https://www.gutenberg.org/files/4991/4991-h/4991-h.htm,47228
32336,Maid Sally,"Cheever, Harriet A. (Harriet Anna); Davidson, Bertha G. [Illustrator]",en,2010-05-11,https://www.gutenberg.org/files/32336/32336-h/32336-h.htm,45437
37509,The Cassowary; What Chanced in the Cleft Mountains,"Waterloo, Stanley, 1846-1913",en,2011-09-22,https://www.gutenberg.org/files/37509/37509-h/37509-h.htm,81295
9493,"The Atlantic Monthly, Volume 10, No. 57, July, 1862
A Magazine of Literature, Art, and Politics",Various,en,2005-12-01,https://www.gutenberg.org/cache/epub/9493/pg9493.html,84935
4483,The Amazing Marriage — Volume 1,"Meredith, George, 1828-1909",en,2003-09-01,https://www.gutenberg.org/cache/epub/4483/pg4483.html,33236
16124,"Lippincott's Magazine of Popular Literature and Science, Vol. XVI., December, 1880.",Various,en,2005-06-24,https://www.gutenberg.org/files/16124/16124-h/16124-h.htm,86094
4445,The Adventures of Harry Richmond — Volume 2,"Meredith, George, 1828-1909",en,2003-09-01,https://www.gutenberg.org/cache/epub/4445/pg4445.html,29948
5013,State of the Union Addresses,"Madison, James, 1751-1836",en,2004-02-01,https://www.gutenberg.org/files/5013/5013-h/5013-h.htm,21889
13601,"Expositions of Holy Scripture: Romans Corinthians (To II Corinthians, Chap. V)","Maclaren, Alexander, 1826-1910",en,2004-10-05,https://www.gutenberg.org/files/13601/13601-h/13601-h.htm,253173
33948,"The Hollow Tree Snowed-In Book
Being a continuation of stories about the Hollow Tree and Deep Woods people","Paine, Albert Bigelow, 1861-1937; Condé, J. M. [Illustrator]",en,2010-10-04,https://www.gutenberg.org/files/33948/33948-h/33948-h.htm,43034
26058,The Starvation Treatment of Diabetes,"Hill, Lewis Webb, 1889-1968; Eckman, Rena Sarah, 1868-",en,2008-07-14,https://www.gutenberg.org/files/26058/26058-h/26058-h.htm,19889
36599,Golden Face: A Tale of the Wild West,"Mitford, Bertram, 1855-1914",en,2011-07-03,https://www.gutenberg.org/files/36599/36599-h/36599-h.htm,80569
20462,"Ernest Linwood; or, The Inner Life of the Author","Hentz, Caroline Lee, 1800-1856",en,2007-01-27,https://www.gutenberg.org/files/20462/20462-h/20462-h.htm,158898
38517,"The Front Yard, and Other Italian Stories","Woolson, Constance Fenimore, 1840-1894",en,2012-01-07,https://www.gutenberg.org/files/38517/38517-h/38517-h.htm,78400
57042,The art of taking a wife,"Mantegazza, Paolo, 1831-1910",en,2018-04-25,https://www.gutenberg.org/files/57042/57042-h/57042-h.htm,38615
9974,The Yellow Streak,"Williams, Valentine, 1883-1946",en,2006-02-01,https://www.gutenberg.org/files/9974/9974-h/9974-h.htm,69398
32976,"Harper's Round Table, May 28, 1895",Various,en,2010-06-25,https://www.gutenberg.org/files/32976/32976-h/32976-h.htm,26936
34965,Irish History and the Irish Question,"Smith, Goldwin, 1823-1910",en,2011-01-15,https://www.gutenberg.org/files/34965/34965-h/34965-h.htm,57467
20307,Kate's ordeal,"Leslie, Emma, 1838-1909",en,2007-01-07,https://www.gutenberg.org/files/20307/20307-h/20307-h.htm,17837
27318,"Pung Chow
The Game of a Hundred Intelligences. Also known as Mah-Diao, Mah-Jong, Mah-Cheuk, Mah-Juck and Pe-Ling","Harr, Lew Lysle, 1882-",en,2008-11-23,https://www.gutenberg.org/files/27318/27318-h/27318-h.htm,13461
5018,State of the Union Addresses,"Tyler, John, 1790-1862",en,2004-02-01,https://www.gutenberg.org/files/5018/5018-h/5018-h.htm,34286
6755,Canada for Gentlemen,"Cockburn, James Seton",en,2004-10-01,https://www.gutenberg.org/files/6755/6755-h/6755-h.htm,24454
34139,Real Gold: A Story of Adventure,"Fenn, George Manville, 1831-1909; Stacey, W. S. (Walter S.), 1846-1929 [Illustrator]",en,2010-10-26,https://www.gutenberg.org/files/34139/34139-h/34139-h.htm,73944
31086,"""And they thought we wouldn't fight""","Gibbons, Floyd Phillips, 1887-1939",en,2010-01-26,https://www.gutenberg.org/files/31086/31086-h/31086-h.htm,117840
9917,"Your Child: Today and Tomorrow
Some Problems for Parents Concerning Punishment, Reasoning, Lies, Ideals and Ambitions, Fear, Work and Play, Imagination, Social Activities, Obedience, Adolescence, Will, Heredity","Gruenberg, Sidonie Matsner, 1881-1974",en,2006-02-01,https://www.gutenberg.org/cache/epub/9917/pg9917.html,55703
4193,Diary of Samuel Pepys — Volume 69: November 1668,"Pepys, Samuel, 1633-1703; Braybrooke, Richard Griffin, Baron, 1783-1858 [Editor]; Wheatley, Henry B. (Henry Benjamin), 1838-1917 [Editor]; Bright, Mynors, 1818-1883 [Translator]",en,2004-12-01,https://www.gutenberg.org/cache/epub/4193/pg4193.html,13558
17376,"The Works of Guy de Maupassant, Volume 3","Maupassant, Guy de, 1850-1893",en,2005-12-22,https://www.gutenberg.org/files/17376/17376-h/17376-h.htm,103968
39568,William Jay and the Constitutional Movement for the Abolition of Slavery,"Tuckerman, Bayard, 1855-1923; Jay, John, 1817-1894 [Author of introduction, etc.]",en,2012-04-29,https://www.gutenberg.org/files/39568/39568-h/39568-h.htm,50944
27411,The House with the Mezzanine and Other Stories,"Chekhov, Anton Pavlovich, 1860-1904; Cannan, Gilbert, 1884-1955 [Translator]; Koteliansky, S. S. (Samuel Solomonovitch), 1880-1955 [Translator]",en,2008-12-04,https://www.gutenberg.org/files/27411/27411-h/27411-h.htm,63716
25300,"The Causes of the Rebellion in Ireland Disclosed
In an Address to the People of England, in Which It Is Proved by Incontrovertible Facts, That the System for Some Years Pursued in That Country, Has Driven It into Its Present Dreadful Situation",Anonymous,en,2008-05-02,https://www.gutenberg.org/files/25300/25300-h/25300-h.htm,15234
57692,"Harper's Young People, May 2, 1882
An Illustrated Weekly",Various,en,2018-08-14,https://www.gutenberg.org/files/57692/57692-h/57692-h.htm,17649
1342,Pride and Prejudice,Jane Austen,en,,https://www.gutenberg.org/ebooks/1342,130415
1260,Jane Eyre,Charlotte Brontë,en,,https://www.gutenberg.org/ebooks/1260,188435
98,A Tale of Two Cities,Charles Dickens,en,,https://www.gutenberg.org/ebooks/98,138934
1400,Great Expectations,Charles Dickens,en,,https://www.gutenberg.org/ebooks/1400,187515
766,David Copperfield,Charles Dickens,en,,https://www.gutenberg.org/ebooks/766,357867
2701,Moby Dick,Herman Melville,en,,https://www.gutenberg.org/ebooks/2701,215845
1661,The Adventures of Sherlock Holmes,Arthur Conan Doyle,en,,https://www.gutenberg.org/ebooks/1661,107558
84,Frankenstein,Mary Wollstonecraft Shelley,en,,https://www.gutenberg.org/ebooks/84,78106
345,Dracula,Bram Stoker,en,,https://www.gutenberg.org/ebooks/345,164356
768,Wuthering Heights,Emily Brontë,en,,https://www.gutenberg.org/ebooks/768,118978
158,Emma,Jane Austen,en,,https://www.gutenberg.org/ebooks/158,160591
161,Sense and Sensibility,Jane Austen,en,,https://www.gutenberg.org/ebooks/161,121894
174,The Picture of Dorian Gray,Oscar Wilde,en,,https://www.gutenberg.org/ebooks/174,82029
120,Treasure Island,Robert Louis Stevenson,en,,https://www.gutenberg.org/ebooks/120,71671
11,Alice's Adventures in Wonderland,Lewis Carroll,en,,https://www.gutenberg.org/ebooks/11,29569
74,The Adventures of Tom Sawyer,Mark Twain,en,,https://www.gutenberg.org/ebooks/74,73849
33,The Scarlet Letter,Nathaniel Hawthorne,en,,https://www.gutenberg.org/ebooks/33,86057
2600,War and Peace,Leo Tolstoy,en,,https://www.gutenberg.org/ebooks/2600,566333
1399,Anna Karenina,Leo Tolstoy,en,,https://www.gutenberg.org/ebooks/1399,352805
996,Don Quixote,Miguel de Cervantes,en,,https://www.gutenberg.org/ebooks/996,430284
1184,The Count of Monte Cristo,Alexandre Dumas,en,,https://www.gutenberg.org/ebooks/1184,464025
1513,Romeo and Juliet,William Shakespeare,en,,https://www.gutenberg.org/ebooks/1513,29005
2591,Grimms' Fairy Tales,Jacob Grimm; Wilhelm Grimm,en,,https://www.gutenberg.org/ebooks/2591,104156
730,Oliver Twist,Charles Dickens,en,,https://www.gutenberg.org/ebooks/730,161010
