book_id,title,popularity,closeness,betweenness,pagerank,total
28,"The Fables of Aesop
Selected, Told Anew, and Their History Traced",0.6566446181599519,0.7444046553267681,0.0004703488468855309,0.0005390674141615579,0.3648355360819211
70,What Is Man? and Other Essays,0.9609140108238124,0.9623842592592593,7.019052022753307e-05,0.0013665781830232739,0.6624779495521653
92,Tarzan and the Jewels of Opar,0.21767889356584486,0.5604988203572633,0.0008393917882880244,0.00019936590373569117,0.20130869380457647
148,The Autobiography of Benjamin Franklin,0.8971737823211064,0.9067611777535441,0.00010130590548303742,0.0010752878545362598,0.5563054610325271
166,Summer,0.6331930246542393,0.7313104661389622,0.0003668721005707141,0.0005215184212181187,0.33986853803921985
200,"The Project Gutenberg Encyclopedia, Volume 1 of 28",0.8580877931449189,0.875724065297525,0.0002583300589817454,0.001208383039277369,0.5983540667817356
271,Black Beauty,0.8268190018039687,0.8523833931317273,0.00032924419281987164,0.0008715340098293648,0.4992021487466355
292,"Beauty and the Beast, and Tales of Home",0.9230306674684305,0.9285315466219989,3.6904294140249346e-05,0.0010991402391219013,0.5657647085305426
295,The Early Short Fiction of Edith Wharton — Part 1,0.8983764281419122,0.9077510917030568,0.0001751144937635361,0.0010528380206922961,0.559491294436908
315,Rhymes of a Red Cross Man,0.6794948887552617,0.7569412835685025,0.001028978554263423,0.000638254550361215,0.46903310592873015
322,St. Ives: Being the Adventures of a French Prisoner in England,0.9266386049308479,0.9316526610644258,0.00012518515463261052,0.00113945499928424,0.5896827857716513
337,Indian Boyhood,0.8821407095610343,0.8945669714900484,0.00039871109943681154,0.0009554823328611268,0.5528175540682112
356,Beyond the City,0.7312086590499098,0.7881516587677725,0.0003574651236330035,0.0006372566904006231,0.4025463289272269
389,The Great God Pan,0.7402285027059531,0.7937947494033413,0.0003350331017046166,0.0006225969279322198,0.39857576792570787
446,A Book of Remarkable Criminals,0.799158147925436,0.8327491236855283,0.0002887218306266566,0.0007300638391411412,0.4438034575311932
473,Stories to Tell to Children,0.8695129284425737,0.8845744680851064,0.00031911360227156784,0.0009215009860822072,0.5283466648973594
474,"How to Tell Stories to Children, and Some Stories to Tell",0.8989777510523151,0.9082468596395412,9.045170132414056e-05,0.0009879841705956625,0.5307652369831943
507,Adam Bede,0.6109440769693326,0.7192906574394463,0.0004500876657889234,0.0005140446262486069,0.3413398397373275
528,"Joe the Hotel Boy; Or, Winning out by Pluck",0.5387853277209862,0.6837993421052632,0.000482650278265614,0.00046814841619546247,0.3119074067862207
601,The Monk: A Romance,0.7137702946482262,0.777466105656849,0.00047324330132790337,0.0006096839830611063,0.40327797430874796
624,"Looking Backward, 2000 to 1887",0.8316295850871919,0.8558929490478642,0.000337203942536396,0.0008202736155102534,0.48732272408380317
641,The Violet Fairy Book,0.8641010222489477,0.880359978824775,0.00028293292174191165,0.0009938743487363302,0.5424516787590796
705,The Roadmender,0.9128081779915815,0.9198008849557522,0.0001932048340283642,0.0010941631036115152,0.5794025191837563
809,Holiday Romance,0.7997594708358389,0.8331663326653307,0.00021997853762030983,0.0007964550403536315,0.4544880193027352
872,Reprinted Pieces,0.9681298857486471,0.9691142191142191,9.551699659829243e-05,0.00148830544158754,0.7035578179829193
898,The Lesson of the Master,0.8634996993385449,0.8798941798941798,0.00019682290208132983,0.0008846915874859985,0.5004154914504215
934,Songs of a Savoyard,0.8616957306073362,0.878499735868991,0.0002018881973554817,0.0008579632966188243,0.49271510520779915
966,Maid Marian,0.43836440168370416,0.6401077752117013,0.0003350331017046166,0.00035990211157897934,0.23654356424372724
1066,William the Conqueror,0.4804570054119062,0.6578322784810127,0.00045732380189485465,0.0004275356079481913,0.28173184650131056
1083,The Arrow of Gold: A Story Between Two Notes,0.8075766686710764,0.8386283408976298,0.00019031037958599172,0.0007545117332395143,0.4416448191303595
1119,King Henry V,0.5935057125676488,0.7106837606837607,0.0003683193277919003,0.0005791381273815676,0.3449038834128214
1305,The Ball at Sceaux,0.5911004209260373,0.7094709897610921,0.0003357567153152097,0.0005044230293844441,0.31886185798881717
1365,The Complete Poetical Works of Henry Wadsworth Longfellow,0.8701142513529766,0.8850452368281001,0.00016643113043641862,0.00104713806921672,0.5456053951040334
1395,Letters on Literature,0.8598917618761275,0.8771097046413502,0.0002872746034054704,0.0008959061753719154,0.5133969125196476
1491,Letters to Dead Authors,0.8184004810583284,0.8463104325699745,0.0007453220189109182,0.0008714971733761919,0.5474739791084242
1570,The Power of Concentration,0.6241731809981961,0.7268356643356644,0.0004681780060537515,0.000527345015355966,0.351480324183001
1577,The Grey Room,0.8821407095610343,0.8945669714900484,0.00010564758714659617,0.0009085982284450356,0.50325395695957
1588,A Rogue's Life,0.8989777510523151,0.9082468596395412,9.479338298769929e-05,0.0009945517711225501,0.5331764254797374
1611,"Seventeen
A Tale of Youth and Summer Time and the Baxter Family, Especially William",0.67708959711365,0.7555656519763744,0.0004935044824245109,0.0006126512585243954,0.39487309436129303
1640,Lilith: A Romance,0.8695129284425737,0.8845744680851064,0.00022070215123090294,0.000989545146695214,0.5356269089301887
1649,"Ferragus, Chief of the Dévorants",0.592904389657246,0.7103801794105084,0.00035674151002241036,0.0004990624894139889,0.3204384045952126
1739,"The Black Death, and The Dancing Mania",0.740829825616356,0.7941738299904489,0.00021563685595675107,0.0007472055153509158,0.419616311044435
1740,The Flying U's Last Stand,0.6205652435357787,0.7243031358885017,0.0005231726404588289,0.0005407899846560677,0.3608136809840093
1745,The Poetical Works of John Milton,0.43475646422128683,0.6386328725038403,0.000552840798493147,0.00042872247379070077,0.2821728350623474
1809,Bucky O'Connor: A Tale of the Unfenced Border,0.6019242333132893,0.7146540610227761,0.00047613775577027586,0.00047940037540941536,0.3320470837287811
1826,Sarrasine,0.4672279013830427,0.652156862745098,0.000587574251801617,0.0003744664918297601,0.2792311032374031
1845,"Zuleika Dobson; Or, An Oxford Love Story",0.5772699939867709,0.7025771018166456,0.0005434338215554365,0.0004594958002577198,0.32773700115638676
1885,Bunyan Characters (1st Series),0.8382441371016236,0.8607660455486542,0.00017222003932116362,0.0009322744434174971,0.5013928550246232
1887,The Life of the Spider,0.2790138304269393,0.58085923856095,0.0005405393671130639,0.00023519291535614316,0.18835892993887388
1905,"The Governess; Or, The Little Female Academy",0.7474443776307877,0.7983677388382141,0.0005962576151287345,0.0006841026818524596,0.4507927579056664
1911,Concerning Christian Liberty; with Letter of Martin Luther to Pope Leo X.,0.5670475045099218,0.697859840537138,0.0004146305988698603,0.0005707094903849058,0.34082264566558607
1946,On War,0.7023451593505713,0.7706209453197405,0.00036614848696012094,0.0007669933254369392,0.43130452870416636
1953,A Book of Strife in the Form of The Diary of an Old Soul,0.5099218280216476,0.6708350141185963,0.0006787495667363507,0.0005876214534840219,0.3625387944361473
1969,Catherine: A Story,0.846662657847264,0.8670490093847758,0.0001215670865796449,0.000931636958404889,0.4981146389744797
1999,Crome Yellow,0.8959711365003007,0.9057734204793029,0.00015702415349870799,0.0009701551932593075,0.5326813004485503
2037,Novel Notes,0.9482862297053518,0.9508290451686678,9.18989285453268e-05,0.001361691290133933,0.6582489666681597
2044,The Education of Henry Adams,0.8725195429945881,0.8869333333333334,0.0002749731720253873,0.0009597865744651353,0.5349987719414536
2057,The Last of the Plainsmen,0.5628382441371016,0.6955248849853618,0.000645463340649067,0.0004985783393357287,0.34743841438250117
2079,From the Memoirs of a Minister of France,0.8695129284425737,0.8845744680851064,0.00016136583516226675,0.0009034374331047091,0.5037160327016927
2101,History of Friedrich II of Prussia — Volume 01,0.5466025255562237,0.6880430285477865,0.00028076208091013227,0.0004422638712954107,0.28194481033117325
2125,"The Nile Tributaries of Abyssinia, and the Sword Hunters of the Hamran Arabs",0.7480457005411907,0.7987512007684918,0.0007843971538829469,0.0006959265921303098,0.47759507609964186
2145,Ben-Hur: A tale of the Christ,0.6374022850270595,0.733892321270962,0.00044357514329358526,0.0005442056659694377,0.35718872677268076
2158,The Prime Minister,0.7534576067348167,0.8018322082931534,0.0005304087765647602,0.000686885735917735,0.44533957781631484
2199,The Iliad,0.28202044497895373,0.5816719132563833,0.0005882978654122102,0.000247261903531691,0.19830488254535575
2272,The Discovery of Guiana,0.5688514732411305,0.6987394957983193,0.0003581887372435966,0.0004929739550248053,0.3121654632305898
2323,Recollections and Letters of General Robert E. Lee,0.8490679494888755,0.8688610240334378,0.00014616994933981114,0.000877076777155419,0.4864812930439071
2327,Some Short Stories [by Henry James],0.9055923030667469,0.9137362637362637,0.0004204195077546053,0.0011144078221297943,0.6102773734725222
2329,Autobiography of a Pocket-Handkerchief,0.7528562838244137,0.8018322082931534,0.0003581887372435966,0.0006424450137653055,0.4113295083814581
2332,Critical and Historical Essays — Volume 1,0.8514732411304871,0.8706806282722513,0.00013314490434913488,0.0010563868179798083,0.5369823253571908
2352,Eurasia,0.7504509921828022,0.800288739172281,0.00031621914782919535,0.0007527928085594011,0.4368460928284069
2358,The After House,0.6879134095009021,0.7621448212648946,0.000371937395844866,0.0005981028112680085,0.37922322486600424
2429,Lost Face,0.6885147324113049,0.7624942686840899,0.0006671717489668607,0.0005889741989789654,0.413250767487906
2444,Oxford,0.6500300661455202,0.7407572383073496,0.00030391771644911223,0.000552727321044387,0.34618178613340367
2484,"The Boys' and Girls' Plutarch
Being Parts of the ""Lives"" of Plutarch, Edited for Boys and Girls",0.7534576067348167,0.8022190062711047,0.00017439088015294298,0.0007353921597954888,0.4153826601580507
2507,Complete Poetical Works,0.9170174383644017,0.923375902276513,0.00017366726654234987,0.0011471201691373402,0.5938481592165464
2515,Stepping Heavenward,0.8550811785929044,0.8734243697478992,0.0002872746034054704,0.0009844530627531691,0.5368410389321514
2645,The Second Funeral of Napoleon,0.8129885748647023,0.8424518743667679,0.00026628980869826977,0.0007914584586597454,0.4635238349925892
2672,The Complete Writings of Charles Dudley Warner — Volume 2,0.9362597714972941,0.9400791407574901,4.920572552033246e-05,0.0011943393070854558,0.6000373806510941
2688,The Clue of the Twisted Candle,0.5670475045099218,0.6975671140939598,0.0008191306071914169,0.0004343816126482452,0.3517232497719458
2696,Elsie Venner,0.8562838244137102,0.8743427970557308,0.0001780089482059086,0.0008416585690065451,0.48303958850984063
2727,Allan's Wife,0.7342152736019243,0.7900237529691211,0.0002901690578478429,0.0006496106820268464,0.39875796571894695
2760,Celebrated Crimes (Complete),0.9296452194828624,0.9342696629213483,0.00012084347296905178,0.0012616783645019761,0.6253087145588878
2795,"Bob, Son of Battle",0.48707155742633795,0.6604447974583002,0.0005832325701380582,0.0004095698188578444,0.29377579521664476
2808,Treatises on Friendship and Old Age,0.6680697534576068,0.7507900677200903,0.00040450000832155657,0.0006007552172650258,0.37782204231456484
2986,"Mark Twain: A Biography. Volume III, Part 1: 1900-1907",0.8009621166566446,0.8340020060180542,0.0004949517096456971,0.0006911272922505266,0.4587860338052152
3124,The People for Whom Shakespeare Wrote,0.8616957306073362,0.878499735868991,0.00023300358261098606,0.0009111826646683905,0.5117517343096821
3125,The Complete Essays of Charles Dudley Warner,0.9392663860493086,0.9427437641723356,0.00019971735652370235,0.0013786097234507072,0.672512566255091
3152,"The Junior Classics, Volume 1: Fairy and wonder tales",0.9122068550811786,0.9192924267551134,0.00010275313270422366,0.0011868138838153426,0.5944439533507702
3162,The Enchanted Typewriter,0.6199639206253759,0.7246187363834423,0.0005781672748639064,0.0004723932027679723,0.3481270274806467
3200,The Entire Project Gutenberg Works of Mark Twain,0.9819603126879135,0.9822799763733018,9.479338298769929e-05,0.0018455672680213022,0.811701652523448
3228,Poems of Progress and New Thought Pastels,0.8328322309079976,0.8567748583204534,0.000285103762573691,0.0009714093445835261,0.5244900109409999
3238,Poems of Cheer,0.8833433553818401,0.8955304254173398,0.00013531574518091426,0.0010862235577084297,0.5581083564119125
3242,The Doctor : A Tale of the Rockies,0.608538785327721,0.718048359240069,0.0002691842631406423,0.0005024191377570222,0.3149891403247595
3284,The Discovery of the Source of the Nile,0.8550811785929044,0.8734243697478992,0.00025398837731818665,0.0008665011841035466,0.49905347790061283
3345,The Wandering Jew — Volume 07,0.5995189416716777,0.7140403606698154,0.00034661091947410657,0.0004783846198919102,0.3152975477643258
3353,"Letters to His Son, 1749
On the Fine Art of Becoming a Man of the World and a Gentleman",0.8592904389657247,0.8766473379019505,0.00014834079017159052,0.0009445372412911967,0.5099015039586309
3354,"Letters to His Son, 1750
On the Fine Art of Becoming a Man of the World and a Gentleman",0.8496692723992785,0.869315211709357,0.0004146305988698603,0.000945341588258719,0.5393400597749778
3460,Old Fritz and the New Era,0.8033674082982563,0.835678391959799,0.0004493640521783303,0.0007809818076701176,0.4796730149944154
3462,More Hunting Wasps,0.33313289236319904,0.59992784992785,0.0010181243501045261,0.00027503999936928436,0.2711933791882457
3482,Voyages in Search of the North-West Passage,0.6975345760673481,0.7677746999076639,0.0003393747833681754,0.0006707773221815272,0.3989951740427937
3559,Memoirs of Napoleon Bonaparte — Volume 09,0.5598316295850873,0.6943632567849687,0.00018886315236480548,0.0005333524879118056,0.3002710413917309
3589,Essays of Michel de Montaigne — Volume 09,0.7955502104630187,0.8302546180728907,0.0003502289875270722,0.0008154711949225274,0.47450192531015956
3593,Essays of Michel de Montaigne — Volume 13,0.7979555021046302,0.8319159579789895,0.0002879982170160635,0.0008325504474472087,0.4725495330839339
3642,The Belgian Twins,0.6536380036079374,0.7427422956677088,0.0005282379357329809,0.0005555102143271497,0.3757615918469626
3673,Essays Before a Sonata,0.6506313890559231,0.7410873440285205,0.0004566001882842615,0.000600573113834198,0.378872917857575
3694,Every Man in His Humour,0.37883343355381843,0.6166110493140526,0.00048771557353976587,0.00031753370673459657,0.22862040553566282
3896,Memoirs of the Court of St. Cloud (Being secret letters from a gentleman at Paris to a nobleman in London) — Volume 5,0.6091401082381239,0.7189796800691742,0.00023734526427454482,0.0005516286386621472,0.3255112872930969
3897,Memoirs of the Court of St. Cloud (Being secret letters from a gentleman at Paris to a nobleman in London) — Volume 6,0.6265784726398076,0.728108581436077,0.0004052236219321497,0.0005843165905542524,0.360687071354551
3902,The Confessions of Jean Jacques Rousseau — Volume 02,0.857486470234516,0.8752631578947369,0.00024819946843344167,0.0009364755823079523,0.5192363695737757
3906,The Confessions of Jean Jacques Rousseau — Volume 06,0.8220084185207457,0.8489025012761613,9.334615576651305e-05,0.0008676883350907821,0.4672201499581271
3907,The Confessions of Jean Jacques Rousseau — Volume 07,0.782922429344558,0.8216403162055336,0.00023951610510632417,0.0007960204294015282,0.4508424750891219
3912,The Confessions of Jean Jacques Rousseau — Volume 12,0.809981960312688,0.8403233956543709,0.00021997853762030983,0.0008195495919187587,0.46474262829884916
3934,Zibeline — Complete,0.7793144918821407,0.8192118226600985,0.00034733453308469973,0.0007202236365583292,0.44125357415061994
3951,Cinq Mars — Volume 5,0.6939266386049309,0.7656537753222836,0.0004522585066207028,0.0006104460356622422,0.39455976543431037
4051,Lady Bridget in the Never-Never Land: a story of Australian life,0.6915213469633193,0.7642463235294118,0.0003726610094554591,0.0005862206192815039,0.3770566728976672
4120,Diary of Samuel Pepys — Volume 04: March/April 1659-1660,0.7570655441972339,0.8041586073500967,0.0002170840831779373,0.0008131818371555844,0.4439416837527143
4132,Diary of Samuel Pepys — Volume 14: January/February 1661-62,0.7582681900180397,0.8049370764762827,0.00018452147070124671,0.000752326154874305,0.42295344869611023
4157,Diary of Samuel Pepys — Volume 36: July 1665,0.6289837642814191,0.7290661990355107,0.00035095260113766533,0.0005499946832354815,0.3447836648396232
4162,Diary of Samuel Pepys — Complete 1665 N.S.,0.7684906794948888,0.8116154221571499,0.00035963596446478285,0.0007716348632522329,0.45356897860041556
4164,Diary of Samuel Pepys — Volume 42: March/April 1665-66,0.7600721587492484,0.8061076102762966,0.00017149642571057049,0.000737726428950977,0.4177891311393843
4186,Diary of Samuel Pepys — Volume 62: February 1667-68,0.7336139506915214,0.7892738490745135,0.0003393747833681754,0.0006835551367459494,0.41418871328876794
4193,Diary of Samuel Pepys — Volume 69: November 1668,0.6710763680096212,0.7521483491632746,0.00028220930813131854,0.0005936810985217641,0.36150993122370223
4252,Theodore Roosevelt,0.5111244738424534,0.6711057304277643,0.0004153542124804534,0.000410553673448665,0.2796883521968728
4254,Miscellanies Upon Various Subjects,0.8827420324714372,0.895048439181916,0.00015702415349870799,0.0010429843961857292,0.548204523188291
4272,The Christian Year,0.6752856283824414,0.7548797094870631,0.0002843801489630979,0.0007744735004411721,0.41482768410384696
4294,"Tales of Aztlan; The Romance of a Hero of Our Late Spanish-American War, Incidents of Interest from the Life of a Western Pioneer and Other Tales",0.8719182200841853,0.8864605543710021,0.00018524508431183985,0.0008921186046610996,0.5043670487435313
4307,In the Year of Jubilee,0.6993385447985568,0.7684842883548983,0.0004341681663558746,0.0006034480477789893,0.39191618414026097
4323,The Heart-Cry of Jesus,0.7396271797955503,0.7934160305343512,0.00024458140038047607,0.000721359347496487,0.4154096497327416
4412,The Ordeal of Richard Feverel — Complete,0.714371617558629,0.777466105656849,0.0003704901686236797,0.0006322710796322253,0.39710449319252433
4445,The Adventures of Harry Richmond — Volume 2,0.8364401683704149,0.8594315245478036,0.00031260107977622975,0.000838559299703582,0.49129161496596807
4446,The Adventures of Harry Richmond — Volume 3,0.8346361996392063,0.8581011351909185,0.0002612245134241179,0.0007733908015689726,0.46567147406235965
4476,One of Our Conquerors — Complete,0.6969332531569453,0.7674203968620212,0.0003907513497202872,0.0005657658227871418,0.3751625988282643
4483,The Amazing Marriage — Volume 1,0.6831028262176789,0.7593607305936073,0.0005571824801567058,0.0005554101454615524,0.38839139835945097
4551,Europe Revised,0.9609140108238124,0.9623842592592593,8.03211107758368e-05,0.0013394856701610214,0.6559928322761212
4678,"Lives of the English Poets
Gay, Thomson, Young, Gray, &c.",0.8394467829224294,0.8616580310880829,0.00010202951909363054,0.0009387186414935617,0.4950171758668373
4694,Mademoiselle of Monte Carlo,0.783523752254961,0.8216403162055336,0.00043055009830290903,0.0006994647029018403,0.44691655224820925
4803,The Rise of the Dutch Republic — Volume 03: 1555,0.7300060132291041,0.787405303030303,0.0002453050139910692,0.0007042320384510481,0.4074285157501725
4811,The Rise of the Dutch Republic — Complete (1555-66),0.7155742633794347,0.778558052434457,0.00034661091947410657,0.0007319195128390413,0.4231311456122033
4812,"The Rise of the Dutch Republic — Volume 11: 1566, part II",0.5706554419723392,0.6996213714766513,0.0003647012597389347,0.0004991136842878543,0.31522916918626653
4844,"History of the United Netherlands from the Death of William the Silent to the Twelve Year's Truce, 1585e-86a",0.6103427540589297,0.7196019039376893,0.00021491324234615796,0.0005393908881162439,0.3195983126589675
4896,"Life and Death of John of Barneveld, Advocate of Holland : with a view of the primary causes and movements of the Thirty Years' War, 1618-19",0.7582681900180397,0.8053268765133171,0.00018524508431183985,0.0007858719914945121,0.43276347556910966
4898,"Life and Death of John of Barneveld, Advocate of Holland : with a view of the primary causes and movements of the Thirty Years' War — Complete (1614-23)",0.7378232110643416,0.792282039066222,0.00018813953875421234,0.000762588123647225,0.41961540575898887
4901,The Only True Mother Goose Melodies,0.7594708358388454,0.8061076102762966,0.0004182486669228259,0.000697469116091637,0.43669306053730605
4958,"Justice in the By-Ways, a Tale of Life",0.9025856885147324,0.9112328767123288,6.874329300634682e-05,0.0010843745912473561,0.5570676447758639
4966,"Waverley; or, 'Tis sixty years since — Complete",0.640408899579074,0.735515258735073,0.0004196958941440122,0.0005053727418882891,0.34405355919793584
5005,"Journal of an Overland Expedition in Australia
From Moreton Bay to Port Essington, a distance of upwards of 3000 miles, during the years 1844-1845",0.603126879134095,0.715884631941455,0.0007127594064342275,0.0005301430474899176,0.3763176254819838
5013,State of the Union Addresses,0.635598316295851,0.7329219920669898,0.0004739669149384965,0.0007083238669064244,0.4072617428901564
5018,State of the Union Addresses,0.6380036079374625,0.7342163355408389,0.0002930635122902154,0.0006940439764667395,0.38157194664493926
5050,State of the Union Addresses (1790-2008),0.7059530968129886,0.7727695167286245,0.00032707335198809226,0.0008298282058784274,0.44557609549291377
5074,Aunt Judy's Tales,0.6001202645820806,0.7143470790378007,0.0005506699576613677,0.000489255877906694,0.3437649803687496
5076,The Spoilers,0.7630787733012628,0.808458920758386,0.0005579060937672989,0.0007161972028950247,0.4605083906535178
5207,The Guns of Shiloh: A Story of the Great Western Campaign,0.6079374624173182,0.7183585313174946,0.0006172424098359351,0.0005383313429369124,0.3682605221009182
5262,Curly and Floppy Twistytail (The Funny Piggie Boys),0.32351172579675286,0.5956303724928367,0.00039798748582621843,0.0002832234290509614,0.19442378109065458
5311,Parnassus on Wheels,0.6337943475646423,0.7319542253521126,0.00039292219055206656,0.0005295086990429988,0.34566241762112926
5369,Richard Carvel — Volume 05,0.6752856283824414,0.7545372050816697,0.00028003846729953916,0.0005890604533529799,0.3612259431608743
5393,The Crisis — Volume 06,0.7125676488274204,0.7763772175536882,0.00037483185028723846,0.0006277694852546071,0.3957727692890317
5414,The Memoirs of Count Grammont — Volume 06,0.7528562838244137,0.8018322082931534,0.0002098479470720061,0.0006822273303692299,0.40437673404032687
5457,An Egyptian Princess — Volume 08,0.6728803367408298,0.7535115541458994,0.0004703488468855309,0.0005513600381969717,0.37333330202204373
5462,The Sisters — Volume 2,0.48466626578472644,0.6596588655295518,0.00039002773610969407,0.00038322058065574813,0.261869256570308
5467,Joshua — Volume 1,0.6909200240529164,0.7638952687184198,0.00041245975803808093,0.0006055581129150736,0.387301215169649
5501,Serapis — Volume 01,0.6223692122669874,0.7255671902268761,0.0004689016196643446,0.0005088548873070405,0.3456422371572137
5515,Arachne — Volume 08,0.3962717979555021,0.6230798051704758,0.00021997853762030983,0.0003077170210382907,0.19691398306694272
5517,The Bride of the Nile — Volume 01,0.7366205652435358,0.7915278438838649,0.0005354740718389121,0.0006428069936006319,0.42789224405834103
5520,The Bride of the Nile — Volume 04,0.4275405892964522,0.6354604508979748,0.0002257674465050548,0.0003422516335543974,0.2152107019262181
5543,In the Fire of the Forge: A Romance of Old Nuremberg — Volume 01,0.5057125676488274,0.668946098149638,0.0004804794374338346,0.0004039068808954537,0.28448724538410014
5555,Margery (Gred): A Tale Of Old Nuremberg — Volume 04,0.5405892964521949,0.6849258649093904,0.0002460286276016623,0.00046962745041310766,0.28371634013493713
5556,Margery (Gred): A Tale Of Old Nuremberg — Volume 05,0.5460012026458209,0.687474162877222,0.000325626124766906,0.000460839150929708,0.2925174173116813
5573,"A Word, Only a Word — Volume 02",0.7233914612146723,0.783325482807348,0.00028293292174191165,0.000623306826866964,0.38679988130353893
5579,The Burgomaster's Wife — Volume 02,0.8129885748647023,0.8424518743667679,0.0004341681663558746,0.00075638355004179,0.47423249788956245
5588,A Question,0.3866506313890559,0.6193668528864059,0.0002633953542558973,0.0003090654078734687,0.20031792148401606
5697,Tales of Chinatown,0.7859290438965725,0.8236750866765725,0.0005202781860164565,0.000673327665438319,0.45151950534146057
5704,"The Physiology of Marriage, Part 1",0.8803367408298257,0.89312567132116,0.00020261181096607484,0.0010410538812666316,0.5523323009900973
5707,The Boy Scout Aviators,0.6500300661455202,0.7407572383073496,0.000837944561066838,0.0005831032708273954,0.42077726215789957
5716,Memoirs (Vieux Souvenirs) of the Prince de Joinville,0.9446782922429345,0.9475783475783476,9.18989285453268e-05,0.0013084376354843346,0.6414868474007545
5736,The Professional Aunt,0.5694527961515334,0.6984460310793784,0.0008191306071914169,0.0004778971055137339,0.3647152783130398
5754,"Lysbeth, a Tale of the Dutch",0.5129284425736621,0.6719191919191919,0.00047613775577027586,0.0003926725332930408,0.2825678464242348
5759,The Day of the Dog,0.4990980156343957,0.6657325860688551,0.0003878568952779147,0.0004120203726603947,0.27351958253011804
5761,"Two Trips to Gorilla Land and the Cataracts of the Congo, Volume 2",0.6999398677089598,0.769195189639223,0.00044285152968299215,0.0006216740567163006,0.3985133705578156
5777,Life's Handicap: Being Stories of Mine Own People,0.7714972940469033,0.8139990210474792,0.0006273730003842388,0.0006786478205855528,0.46124741871822494
5784,A Tramp Abroad — Volume 03,0.9043896572459411,0.9127332601536773,0.00011939624574786553,0.0009573638201727879,0.5277879756474818
5898,Jess,0.6698737221888155,0.7518083182640145,0.0004298264846923159,0.000552964665027245,0.36785942604082783
5900,"Umboo, the Elephant",0.2693926638604931,0.5768296912937911,0.0003871332816673216,0.00024496190146019,0.16975495236194557
5909,"The History of Don Quixote, Volume 1, Part 07",0.2880336740829826,0.5835087719298245,0.0006215840914994939,0.0002466311298064889,0.20351988951482056
5992,Station Amusements in New Zealand,0.926037282020445,0.931131019036954,4.1969589414401215e-05,0.0011408802966556815,0.5795652139455658
6019,The Earth as Modified by Human Action,0.7348165965123271,0.7903992395437263,0.0003111538525550435,0.0008035475875601421,0.4455004214488174
6036,The Kasîdah of Hâjî Abdû El-Yezdî,0.7690920024052916,0.8124084025403029,0.0004240375758075709,0.0008120215064921266,0.4734017098784172
6061,Some Poems,0.7378232110643416,0.792282039066222,0.0004717960741067171,0.0007383552422949064,0.4477118675224191
6119,An Outback Marriage: A Story of Australian Life,0.7251954299458809,0.784433962264151,0.0004529821202312959,0.000663756714839355,0.419930481266382
6139,Marvels of Modern Science,0.7696933253156946,0.8128054740957967,0.000604940978455852,0.0007796404268091033,0.4866939748654815
6142,A Girl of the People,0.5586289837642815,0.6932055022926219,0.0003060885572808916,0.0004704710936523446,0.2962413716238743
6186,"Northern Lights, Volume 1.",0.6368009621166567,0.7332451499118166,0.00039364580416265967,0.0005434141803978801,0.35050131394002176
6388,"The Lives of the Twelve Caesars, Volume 03: Tiberius",0.5381840048105833,0.6840806252570959,0.0003560178964118172,0.0004572311133921846,0.2931995016802276
6434,A Brief History of the United States,0.7594708358388454,0.8061076102762966,0.0003227316703245335,0.000849593966817501,0.46833801233979666
6493,Mediaeval Lore from Bartholomew Anglicus,0.5646422128683103,0.6966904063678258,0.0009269490351697924,0.0004911992711788845,0.38068948249286483
6589,"A History of Modern Europe, 1792-1878",0.6253758268190018,0.7274715660542432,0.00022866190094742732,0.0006821570457298689,0.36647208733904835
6608,Myths and Legends of Our Own Land — Volume 03 : on and near the Delaware,0.8304269392663861,0.855012853470437,0.00024168694593810355,0.0008201558579217419,0.47505356388309095
6636,"Hold Up Your Heads, Girls! Helps for Girls, in School and Out",0.8923631990378834,0.9028230184581976,0.00013314490434913488,0.0009914546852238626,0.5343681780607894
6680,The Bores: A Comedy in Three Acts,0.7113650030066145,0.7760149323378441,0.000743874791689732,0.0006258756511694899,0.44053270988390814
6693,People of Africa,0.5363800360793747,0.6832374691865243,0.000500017004919849,0.00044378501290893947,0.3066434908878561
6711,"Philip Dru: Administrator; A Story of Tomorrow, 1920-1935",0.4864702345159351,0.6604447974583002,0.000447916824957144,0.0004014646648182939,0.2746961591550477
6746,The Grey Fairy Book,0.8947684906794949,0.9047878128400435,7.236136105931245e-05,0.0011007379135152982,0.5590321414959167
6755,Canada for Gentlemen,0.883944678292243,0.8960129310344828,0.0002344508098321723,0.0008994808340838016,0.5172634469148615
6779,History of the Revolt of the Netherlands — Volume 04,0.6951292844257366,0.7663594470046083,9.696422381947867e-05,0.0006837518706028811,0.37201261088352566
6826,"Neville Trueman, the Pioneer Preacher : a tale of the war of 1812",0.8244137101623572,0.8506393861892583,0.00037772630472961095,0.0008190949605795287,0.48933093295873664
6882,This Simian World,0.37823211064341555,0.6163825055596739,0.00024385778676988293,0.00029927366379022257,0.19315892157153391
6897,The Little Savage,0.9092002405291641,0.9167585446527012,7.887388355465056e-05,0.0010329932056004202,0.546342772796523
6944,"The Heart of Mid-Lothian, Complete",0.6831028262176789,0.7593607305936073,0.0005542880257143333,0.0005488487530447343,0.3861606336367661
6969,The Orations of Lysias,0.6470234515935057,0.7391111111111112,0.000273525944804201,0.0005659095549845075,0.3452850670041795
7008,The City of Fire,0.7618761274804571,0.8076736279747451,0.00039654025860503216,0.0007553959392098573,0.45137120587050783
7017,A Study in Tinguian Folk-Lore,0.7221888153938666,0.7825882352941177,0.00039871109943681154,0.0006188764164633147,0.3994346019930912
7039,"The Angel Adjutant of ""Twice Born Men""",0.7745039085989176,0.8159960745829244,0.00028655098979487724,0.0007282339256199052,0.43437045494230025
7097,"Autobiography of Ma-ka-tai-me-she-kia-kiak, or Black Hawk",0.7913409500901984,0.827363184079602,0.0006020465240134795,0.0007904512580690435,0.4969563960908505
7238,My Four Years in Germany,0.6584485868911606,0.7454056476916181,0.00026556619508767666,0.0006451142444451086,0.3703859820387323
7241,"Fables of La Fontaine — a New Edition, with Notes",0.8610944076969334,0.8780359028511088,0.00028655098979487724,0.0008897402737728815,0.512008451691361
7244,"A Connecticut Yankee in King Arthur's Court, Part 3.",0.788334335538184,0.8253101736972704,0.0005463282759978089,0.0006839928809747023,0.45862385514863424
7258,"Dreams, Waking Thoughts, and Incidents",0.9001803968731209,0.9092400218698743,0.00016715474404701175,0.0010620442634978213,0.5618658621354815
7294,Battle Studies; Ancient and Modern Battle,0.6524353577871317,0.7420794288264168,0.00036108319168596907,0.0006339182024651964,0.3771498785476242
7345,Travels in Alaska,0.6109440769693326,0.71991341991342,0.0002879982170160635,0.0005340560600127618,0.3272722719597056
7392,"The Poetical Works of Oliver Wendell Holmes — Volume 05
Poems of the Class of '29 (1851-1889)",0.8809380637402285,0.8936055883933369,9.117531493473368e-05,0.0010435766530295023,0.5395333286580264
7422,"Roman Holidays, and Others",0.9001803968731209,0.9092400218698743,8.321556521820931e-05,0.0010215247599267728,0.5399346338704637
7435,Springhaven: A Tale of the Great War,0.8947684906794949,0.9047878128400435,0.00012229070019023803,0.0009687793409078443,0.5275177178553909
7440,The Koran (Al-Qur'an),0.47985568250150334,0.6575721629102412,0.0007945277444312506,0.0004495117225735421,0.3294758337967914
7490,Dryden's Palamon and Arcite,0.5965123271196633,0.7122055674518202,0.00035095260113766533,0.0005244058043124778,0.3279959700969547
7601,The Caxtons: A Family Picture — Volume 15,0.5015033072760072,0.6665330661322645,0.00037555546389783157,0.00040292643560229383,0.26994294362034343
7610,Eugene Aram — Volume 02,0.6662657847263981,0.7497745716862038,0.0005050823001940009,0.0005534332089851398,0.3761710028174512
7628,Devereux — Volume 05,0.8171978352375225,0.8454499237417387,0.00025398837731818665,0.0008029695406528012,0.4668179302391582
7630,Devereux — Complete,0.8358388454600121,0.8589876033057852,0.000168601971268198,0.0008311180235278775,0.4711674335282423
7674,Harold : the Last of the Saxon Kings — Volume 03,0.4648226097414312,0.6511354737666406,0.0005340268446177259,0.00039968081438952193,0.27920122463895825
7693,A Strange Story — Volume 02,0.8003607937462418,0.8335839598997494,0.00033648032892580283,0.0007397218954537187,0.45288461641918826
7723,The Last of the Barons — Volume 09,0.7155742633794347,0.7781937295273749,0.0002756967856359804,0.0007038068631656118,0.40621717274970615
7727,The Last of the Barons — Complete,0.7011425135297655,0.7695511337343822,0.00021780769678853045,0.000690895893114716,0.3907509470402448
7786,The one great reality,0.5327720986169573,0.6812781646866038,0.0004681780060537515,0.0005489518053217885,0.33165637781032525
7796,Poems,0.751653638003608,0.8010597302504817,0.0006172424098359351,0.0007944406090361269,0.48630185498635503
7857,The Way of an Indian,0.5111244738424534,0.6713766653209527,0.0006085590465088177,0.0004406519132241538,0.3122311710902825
7881,"Passages from the French and Italian Notebooks, Complete",0.9254359591100422,0.9306099608282037,8.466279243939555e-05,0.0011554661399731984,0.5887482149699275
7890,Blind Love,0.7119663259170175,0.7763772175536882,0.0004319973255240953,0.0006167495480588574,0.39962148794708363
7898,Mouser Cat's Story,0.5646422128683103,0.6963986599664992,0.00033358587448343034,0.0005648922646031139,0.3283773281670226
7975,"Memoirs of James Robert Hope-Scott, Volume 2",0.8190018039687312,0.8467413441955194,0.0002257674465050548,0.0008930083803241964,0.48969920115515164
8000,"The Slave Trade, Domestic and Foreign
Why It Exists, and How It May Be Extinguished",0.7336139506915214,0.7896486229819563,0.0002699078767512354,0.0007688100246801302,0.4300930583941175
8014,"The Bible, King James version, Book 14: 2 Chronicles",0.3223090799759471,0.595843783590111,0.0005087003682469665,0.0003450975223315096,0.2257123652372274
8026,"The Bible, King James version, Book 26: Ezekiel",0.35117257967528565,0.6062705067444404,0.0005441574351660296,0.0004054257000866778,0.2540763217939224
8068,"Expositions of Holy Scripture
Deuteronomy, Joshua, Judges, Ruth, and First Book of Samuel, Second Samuel, First Kings, and Second Kings chapters I to VII",0.7660853878532773,0.8104288499025342,4.7034884688553085e-05,0.0008560937935179675,0.43841618994648834
8076,The History of David Grieve,0.7456404088995792,0.7972195589645255,0.000512318436299932,0.0006520294438221185,0.430669167659687
8077,The Mind in the Making: The Relation of Intelligence to Social Reform,0.7919422730006014,0.827775012444002,0.00013531574518091426,0.0009047857213751308,0.47219906827185176
8081,Louisa Pallant,0.7714972940469033,0.8139990210474792,0.00031332469338682286,0.0006937321124532232,0.4267871021056542
8113,Literary Love-Letters and Other Stories,0.8863499699338545,0.8979481641468683,3.83515213614356e-05,0.0010005422851415322,0.5228651749885955
8190,A Wodehouse Miscellany: Articles & Stories,0.8833433553818401,0.8955304254173398,0.00014834079017159052,0.0009537198979628681,0.5218826898586201
8195,"Scientific American Supplement, No. 275, April 9, 1881",0.6674684305472038,0.7504512635379061,0.0002728023311936079,0.0006443728643776812,0.3738335630467136
8206,The Pilgrims of the Rhine,0.7895369813589899,0.8261301539990065,0.00018235062986946736,0.0007852230761026786,0.44301974948011147
8219,The Desert and the Sown,0.6554419723391461,0.7430741733690795,0.00026411896786649044,0.0005472790914108747,0.34111329235523935
8222,Early Letters of George Wm. Curtis to John S. Dwight; Brook Farm and Concord,0.8562838244137102,0.8743427970557308,0.0001780089482059086,0.0008973710880394501,0.49894708199763216
8268,The World English Bible (WEB): Mark,0.6229705351773903,0.7262008733624454,0.0005919159334651757,0.0005423036773174296,0.37067118691464973
8310,"The Bible, Douay-Rheims, Book 10: 2 Kings
The Challoner Revision",0.25015033072760073,0.571281346616283,0.0005021878457516283,0.0002954579977121383,0.1943805784174836
8346,"The Bible, Douay-Rheims, Book 46: 2 Machabees
The Challoner Revision",0.4990980156343957,0.6659991990388466,0.0005564588665461127,0.00044510693540930423,0.303877002599136
8347,"The Bible, Douay-Rheims, Book 47: Matthew
The Challoner Revision",0.5375826819001804,0.6835182901767365,0.00028655098979487724,0.0005500954689566762,0.3108726749646392
8373,"The Bible, Douay-Rheims, Book 73: Apocalypse
The Challoner Revision",0.5724594107035479,0.7005054759898904,0.0005101475954681527,0.0005776271069819959,0.3561089311950194
8383,Monsieur Maurice,0.5051112447384245,0.6686771210293526,0.000575996434032127,0.0004131455102652963,0.29875633647948147
8402,East and West: Poems,0.8983764281419122,0.9077510917030568,0.00014327549489743862,0.0009491843716723557,0.5259649318991131
8405,Journalism for Women: A Practical Guide,0.7498496692723993,0.7999037999037999,0.00016643113043641862,0.0006970968573367641,0.40225078775608303
8442,"Europe and the Faith
""Sine auctoritate nulla vita""",0.6596512327119664,0.7460744728577837,0.0002923398986796223,0.000688747860224698,0.38651702307922997
8467,"Frost's Laws and By-Laws of American Society
A condensed but thorough treatise on etiquette and its usages in America, containing plain and reliable directions for deportment in every situation in life.",0.8280216476247746,0.8532580810672139,0.00038134437278257655,0.0008207739488381146,0.49158274734220786
8472,"Life on the Mississippi, Part 2.",0.6494287432351173,0.7404274265360641,0.00047903221021264834,0.0005446275380743939,0.3653038602506824
8476,"Life on the Mississippi, Part 6.",0.8713168971737824,0.8859882791688866,0.0002402397187169173,0.0008721799046218189,0.5052286789097777
8482,"Life on the Mississippi, Part 12.",0.9332531569452797,0.9374295377677565,0.00010637120075718929,0.001127837169873365,0.5868302888356365
8484,"Scientific American Supplement, No. 430, March 29, 1884",0.6560432952495491,0.7440715883668904,0.0004645599380007859,0.0006493580849407232,0.39542883226990866
8502,Common Diseases of Farm Animals,0.3445580276608539,0.6040682891391209,0.0005434338215554365,0.00033799779666247816,0.2332533064031258
8508,The Evolution of Man Scientifically Disproved in 50 Arguments,0.5069152134696332,0.6697543294401933,0.0008516932196681074,0.0004619475284906817,0.3473018158880943
8529,The World Decision,0.7636800962116657,0.808852140077821,0.0002554356045393729,0.0007984875192300757,0.44687166646482535
8590,Auld Licht Idyls,0.4996993385447986,0.6662660256410257,0.00030102326200673974,0.0003859999426335529,0.2556273475531275
8674,"Charles O'Malley, The Irish Dragoon, Volume 2",0.9398677089597114,0.9432785025524674,4.558765746736684e-05,0.0012431243817910404,0.6150582101173934
8800,The divine comedy,0.6259771497294048,0.7277899343544858,0.000418972280533419,0.0006584651255546653,0.3833778292537282
8832,"Weymouth New Testament in Modern Speech, Acts",0.6157546602525557,0.7221016066000868,0.00031477192060800914,0.0005696566929671062,0.3420337981510393
8880,"Satanstoe; Or, the Littlepage Manuscripts. A Tale of the Colony",0.6867107636800962,0.7614468864468864,0.00036904294140249343,0.0005427577094669206,0.3626853335056336
8881,A Fleece of Gold; Five Lessons from the Fable of Jason and the Golden Fleece,0.8454600120264583,0.8661458333333333,0.00017222003932116362,0.0009146063967513367,0.49905173351519205
9054,The Young Woman's Guide,0.9007817197835238,0.9097374179431073,0.00016715474404701175,0.0011520358601920476,0.5878042305151765
9071,"The Non-Christian Cross
An Enquiry into the Origin and History of the Symbol Eventually Adopted as That of Our Religion",0.4624173180998196,0.650371529135706,0.0005419865943342502,0.00040631340023557,0.2815524737317383
9088,Thoroughbreds,0.5760673481659652,0.7016877637130802,0.000471072460496124,0.0004602050045208965,0.3185590038824825
9100,My Double Life: The Memoirs of Sarah Bernhardt,0.8863499699338545,0.8979481641468683,0.0001953756748601436,0.0009200613132098846,0.5192692439399538
9170,"The Three Cities Trilogy, Complete
Lourdes, Rome and Paris",0.8875526157546603,0.898918918918919,0.00019103399319658486,0.0009549281163544385,0.5291664276523274
9173,"Youth: Its Education, Regimen, and Hygiene",0.8695129284425737,0.8845744680851064,0.00022214937845208918,0.0009829363076882575,0.5339185504202415
9195,The Slave of the Lamp,0.8322309079975947,0.8563336766220392,0.0001273559954643899,0.0007766296145649672,0.4491792386974392
9304,Initiation into Philosophy,0.6289837642814191,0.7293859649122807,0.00036397764612834156,0.0006514570557559154,0.3754787226773073
9362,Birds of Prey,0.6993385447985568,0.7684842883548983,0.0004667307788325652,0.0005932907591581088,0.39303564375984146
9365,"The Works of Charles and Mary Lamb — Volume 5
The Letters of Charles and Mary Lamb, 1796-1820",0.746241731809982,0.7976019184652278,0.0006628300673033019,0.0006692212438447709,0.45435883601402566
9441,Helbeck of Bannisdale — Volume I,0.719783523752255,0.7807511737089202,0.0002930635122902154,0.0006547741856908521,0.39572568601086333
9493,"The Atlantic Monthly, Volume 10, No. 57, July, 1862
A Magazine of Literature, Art, and Politics",0.9362597714972941,0.9400791407574901,0.00011433095047371366,0.0012285601743269605,0.6178477054384226
9504,"Micah Clarke
His Statement as made to his three grandchildren Joseph, Gervas and Reuben During the Hard Winter of 1734",0.8983764281419122,0.9077510917030568,0.0001541296990563355,0.001013818922184023,0.5457598005655895
9565,"Pennsylvania Pilgrim, and other poems
Part 6 From Volume I of The Works of John Greenleaf Whittier",0.8869512928442574,0.8984332793084819,0.00023227996900039295,0.0010154877792639592,0.5513105387535837
9582,"Personal Poems II
Part 2 from Volume IV of The Works of John Greenleaf Whittier",0.8232110643415514,0.8497700562084823,0.00019392844763895735,0.0009307851643075155,0.49809230630252194
9610,"The Elegies of Tibullus
Being the Consolations of a Roman Lover Done in English Verse",0.6079374624173182,0.7183585313174946,0.00035095260113766533,0.0006367991265991401,0.363504030190018
9611,"Joseph Andrews, Vol. 1",0.8634996993385449,0.8798941798941798,0.0002315563553897998,0.0008869812907837983,0.5053568946435836
9615,"The diary of a superfluous man, and other stories",0.8713168971737824,0.8859882791688866,0.00011216010964193428,0.000978819155713221,0.5198665591532423
9752,"Night and Morning, Volume 3",0.7961515333734216,0.8306693306693307,0.00018017978903768798,0.0007524091614175654,0.43571744720067584
9760,"Leila or, the Siege of Granada, Book V.",0.4786530366806976,0.657052548399842,0.0008364973338456518,0.0004121686119480879,0.32368135701429623
9838,Strong Hearts,0.8719182200841853,0.8864605543710021,0.0002011645837448886,0.0009379955236253947,0.5194313643828761
9872,The Great Secret,0.915814792543596,0.9223516361619523,0.00020261181096607484,0.0011777921657305365,0.6056816677688048
9907,"The Raid from Beausejour; and How the Carter Boys Lifted the Mortgage
Two Stories of Acadie",0.6831028262176789,0.7593607305936073,0.00040811807637452217,0.0005571944121729951,0.37049978485748813
9910,"Canadian Notabilities, Volume 1",0.7931449188214071,0.8285999003487793,0.0003176663750503816,0.000832685584099913,0.47454688522403377
9917,"Your Child: Today and Tomorrow
Some Problems for Parents Concerning Punishment, Reasoning, Lies, Ideals and Ambitions, Fear, Work and Play, Imagination, Social Activities, Obedience, Adolescence, Will, Heredity",0.8280216476247746,0.8532580810672139,0.00023662165066395168,0.0008446235863375,0.4805273722857487
9931,K,0.6133493686109441,0.7205372616984402,0.00027931485368894605,0.0005137139286259187,0.3208660469191353
10081,"The Boy Allies at Jutland; Or, The Greatest Naval Battle of History",0.5411906193625977,0.6852080758137619,0.0005484991168295884,0.0004611089680070377,0.31878678194883286
10089,Elves and Heroes,0.4744437763078774,0.6549822764868058,0.00039798748582621843,0.0004159039953080181,0.2694296925333033
10093,"Gutta-Percha Willie
The Working Genius",0.5117257967528563,0.6716478190630049,0.0003350331017046166,0.0004271012389525549,0.27475756940131035
10291,In the Fourth Year: Anticipations of a World Peace,0.6999398677089598,0.769195189639223,0.00042837925747112965,0.0007051263547120495,0.42055484047479574
10364,Yeast: a Problem,0.6975345760673481,0.7674203968620212,0.0004804794374338346,0.0005778141096406826,0.38974059809570316
10376,American Indian Stories,0.8641010222489477,0.880359978824775,0.00015702415349870799,0.0009172727610709506,0.5050371148057322
10420,The Principles of Success in Literature,0.7468430547203849,0.7979846449136276,0.0003234552839351266,0.0007908124358897741,0.4473841799350203
10439,"From Yauco to Las Marias
A recent campaign in Puerto Rico by the Independent Regular Brigade under the command of Brig. General Schwan",0.5953096812988575,0.7119006849315068,0.00029740519395377415,0.0005187090654638969,0.3195249017032854
10459,The Celtic Twilight,0.873120865904991,0.8874066168623266,0.00012663238185379677,0.0009610164516987239,0.5172726129455192
10495,Under King Constantine,0.6211665664461816,0.7249346120313862,0.0004906100279821384,0.000578201454727256,0.3677682789240242
10511,A Rogue by Compulsion: An Affair of the Secret Service,0.7185808779314492,0.7803847958704834,0.00015557692627752174,0.0006186227169458346,0.36817469738913466
10542,"The Boats of the ""Glen Carrig""
Being an account of their Adventures in the Strange places of the Earth, after the foundering of the good ship Glen Carrig through striking upon a hidden rock in the unknown seas to the Southward; as told by John Winterstraw, Gent., to his son James Winterstraw, in the year 1757, and by him committed very properly and legibly to manuscript",0.5321707757065545,0.6812781646866038,0.00076196513195456,0.00043348862230155533,0.3348930763527512
10543,"Norwegian Life
An Account of Past and Contemporary Conditions and Progress in Norway and Sweden",0.6482260974143115,0.7397686832740213,0.0003104302389444504,0.0005968146301198052,0.3590281979652671
10929,The Dog Crusoe and His Master: A Story of Adventure in the Western Prairies,0.5898977751052316,0.7091684434968017,0.000518107345184677,0.0005087374881167782,0.34237026501021933
11014,Christmas in Legend and Story: A Book for Boys and Girls,0.8262176788935659,0.8519467213114754,0.00021201878790378544,0.0009082641575850542,0.4949978486512817
11017,"Samuel F. B. Morse, His Letters and Journals
In Two Volumes, Volume I.",0.8833433553818401,0.8955304254173398,0.00011433095047371366,0.0009911287452391757,0.5283656666704034
11018,"Samuel F. B. Morse, His Letters and Journals
In Two Volumes, Volume II",0.693325315694528,0.7653014265991717,0.0006331619092689838,0.0006114485371195164,0.41698716862689245
11061,"The Atlantic Monthly, Volume 06, No. 34, August, 1860
A Magazine Of Literature, Art, And Politics",0.9073962717979556,0.9152449091909741,0.00013748658601269364,0.0010432012618848264,0.5557552992769085
11087,"The Atlantic Monthly, Volume 06, No. 35, September, 1860
A Magazine Of Literature, Art, And Politics",0.9338544798556826,0.9379582628313593,5.64418616262637e-05,0.0011609949975283065,0.5903889960089737
11234,"The Mirror of Literature, Amusement, and Instruction. Volume 14, No. 397, November 7, 1829",0.8791340950090198,0.8921673819742489,0.00011216010964193428,0.000955954425878859,0.5163951820442948
11324,This Is the End,0.5111244738424534,0.6708350141185963,0.0005571824801567058,0.0004050803359884524,0.2955344654043628
11372,The Nine-Tenths,0.5315694527961515,0.6804418985270049,0.0005217254132376427,0.00043677867337304414,0.30580933759006934
11424,The Trade Union Woman,0.7029464822609742,0.770978210477515,0.000563695002652044,0.000654728017566159,0.42382754104670206
11440,Tales of Three Hemispheres,0.8364401683704149,0.8594315245478036,0.0002597772862029317,0.000862630188008573,0.49164376340299665
11507,The Lure of San Francisco: A Romance Amid Old Landmarks,0.7480457005411907,0.7987512007684918,0.0007142066336554138,0.0006278977092131988,0.4495063313941146
11560,The Barbarism of Berlin,0.6169573060733614,0.7230434782608696,0.0005651422298732302,0.0005554322285179366,0.3693460975441236
11691,"Driftwood Spars
The Stories of a Man, a Boy, a Woman, and Certain Other People Who Strangely Met Upon the Sea of Life",0.677690920024053,0.7562528422010004,0.00028365653535250475,0.0005380432088871308,0.34797855016328694
11693,"The World's Great Sermons, Volume 08: Talmage to Knox Little",0.8220084185207457,0.8489025012761613,0.00023951610510632417,0.0009715659830870187,0.5149239140147954
11723,Among the Trees at Elmridge,0.6440168370414913,0.7374722838137472,0.0009660241701418211,0.0005458448356889513,0.42413433956107877
11890,"Comrades of the Saddle; Or, The Young Rough Riders of the Plains",0.6133493686109441,0.7205372616984402,0.0006331619092689838,0.0005340520133662968,0.37035335737479036
11984,"A Pluralistic Universe
Hibbert Lectures at Manchester College on the Present Situation in Philosophy",0.529765484064943,0.6801635991820041,0.0005014642321410352,0.000486903188799347,0.31733399887655733
12060,"The German Classics of the Nineteenth and Twentieth Centuries, Volume 04
Masterpieces of German Literature Translated into English. in Twenty Volumes",0.8875526157546603,0.898918918918919,0.00012301431380083114,0.0009751926945120934,0.5265559298991573
12191,The Red Axe,0.7294046903187011,0.7870326549929011,0.0005325796173965395,0.0006610412189129319,0.43036092626161737
12330,A Volunteer Poilu,0.7955502104630187,0.8302546180728907,0.00036253041890715534,0.0007568492128958689,0.45928223324452355
12371,"The Experiences of a Barrister, and Confessions of an Attorney",0.920625375826819,0.9264623955431754,6.150715690041557e-05,0.0011569998426078781,0.5843203235616011
12419,Frontier Stories,0.8322309079975947,0.8563336766220392,0.00023589803705335855,0.0008116099054550735,0.47256593583472506
12494,Note-Book of Anton Chekhov,0.9242333132892364,0.9295695919508105,9.841145104066492e-05,0.001092475299459253,0.5719566244008367
12498,"The Mirror of Literature, Amusement, and Instruction. Volume 13, No. 362, March 21, 1829",0.847263980757667,0.8675013041210224,0.00021491324234615796,0.000825695558089508,0.47961514049611864
12633,A Happy Boy,0.7594708358388454,0.8061076102762966,0.00039654025860503216,0.0006912382885832752,0.432234216020967
12700,Ralph Waldo Emerson,0.5646422128683103,0.6966904063678258,0.00021274240151437858,0.0004767851129895697,0.2884094752245686
12772,Cowper,0.6554419723391461,0.7437388193202147,0.0002843801489630979,0.0005490405083910965,0.34436018268451296
12828,"Two Ghostly Mysteries
A Chapter in the History of a Tyrone Family; and the Murdered Cousin",0.9398677089597114,0.9432785025524674,6.51252249533812e-05,0.0012387131065476253,0.6162104577572145
12994,Sydney Smith,0.8268190018039687,0.8523833931317273,0.00017149642571057049,0.0009092355223405548,0.49049401353200905
13014,"The Talking Deaf Man
A Method Proposed, Whereby He Who is Born Deaf, May Learn to Speak",0.4491882140709561,0.644823575029081,0.0010079937595562224,0.00035132868315634647,0.31999841727568457
13068,"Twenty-One Days in India, or, the Tour Of Sir Ali Baba K.C.B.; and, the Teapot Series",0.7901383042693927,0.8265407554671969,0.00029523435312199477,0.0007044388121456121,0.434099879695591
13127,"Observations on the Mussulmauns of India
Descriptive of Their Manners, Customs, Habits and Religious Opinions Made During a Twelve Years' Residence in Their Immediate Society",0.8815393866506315,0.8940860215053763,0.00010564758714659617,0.0010021312283491229,0.5297230392641868
13135,Pardners,0.8448586891160553,0.8656949505465903,0.00036325403251774845,0.0010113991171956166,0.5500444996412635
13158,The Weapons of Mystery,0.8274203247143717,0.8528205128205129,0.00010564758714659617,0.0007947360565407045,0.4498937716439097
13202,"""Co. Aytch,"" Maury Grays, First Tennessee Regiment
Or, A Side Show of the Big Show",0.814792543595911,0.8437341451040081,0.0002843801489630979,0.0008226465878761306,0.4753150652445206
13601,"Expositions of Holy Scripture: Romans Corinthians (To II Corinthians, Chap. V)",0.7113650030066145,0.7760149323378441,0.0005463282759978089,0.0007685748153230907,0.45689145422708227
13815,The Talking Beasts: A Book of Fable Wisdom,0.847263980757667,0.8675013041210224,0.0003704901686236797,0.0008586354984440844,0.508225423548982
13970,"Nick of the Woods; Or, Adventures of Prairie Life",0.6650631389055923,0.7490990990990991,0.0006403980453749151,0.0005514072939230939,0.3919266361447349
14153,Westways: A Village Chronicle,0.7227901383042694,0.7825882352941177,0.00017945617542709485,0.0006176025624907454,0.37206672710719524
14255,Hints for Lovers,0.6560432952495491,0.7440715883668904,0.00044212791607239904,0.0006394579184616738,0.3898329625281337
14378,Five Years of Theosophy,0.703547805171377,0.7713358070500927,0.00044502237051477153,0.0006980672301899957,0.4217448645201076
14417,"The Agamemnon of Aeschylus
Translated into English Rhyming Verse with Explanatory Notes",0.48767288033674083,0.6609697933227345,0.0005340268446177259,0.0004419401730214653,0.29719761959278296
14506,The White Linen Nurse,0.5538184004810583,0.6914760914760915,0.0006736842714621989,0.00045052489703308073,0.33479969697336276
14596,Christian Mysticism,0.5526157546602526,0.6909015371832157,0.0006729606578516057,0.0005563436484710566,0.3645916812867305
14617,"Poems, &c. (1790)
Wherein It Is Attempted To Describe Certain Views Of Nature And Of Rustic Manners; And Also, To Point Out, In Some Instances, The Different Influence Which The Same Circumstances Produce On Different Characters",0.6566446181599519,0.7444046553267681,0.0003647012597389347,0.0006735077677315571,0.39018050752655997
14679,Stray Thoughts for Girls,0.9242333132892364,0.9295695919508105,0.00013314490434913488,0.0011761537553949093,0.6001368090212307
14698,Ranching for Sylvia,0.7053517739025857,0.7724105898745935,0.0004327209391346884,0.000598353974359154,0.39233257806623667
14874,Elsie's Womanhood,0.6307877330126278,0.7297060114085125,0.0003647012597389347,0.0005370116342094713,0.3431920929564924
14908,Recollections of Bytown and Its Old Inhabitants,0.8190018039687312,0.8467413441955194,0.0003212844431033472,0.0007958485603404225,0.47374831387825983
14968,"The Standard Operas: Their Plots, Their Music, and Their Composers
(12th edition)",0.6187612748045701,0.7239878101872007,0.0007228899969825313,0.0005208479511084693,0.37947382061052076
14990,"Scientific American Supplement No. 819, September 12, 1891",0.5923030667468431,0.7103801794105084,0.0002699078767512354,0.0005599186272803219,0.3270339745159662
15050,"Scientific American Supplement, No. 810, July 11, 1891",0.6193625977149729,0.7243031358885017,0.0003538470555800378,0.0006050408329321373,0.3581339182704
15100,"The Voyage of Governor Phillip to Botany Bay
With an Account of the Establishment of the Colonies of Port Jackson and Norfolk Island (1789)",0.7119663259170175,0.7763772175536882,0.0004088416899851153,0.0006735758346991447,0.41298857452223653
15131,With Rimington,0.7119663259170175,0.7763772175536882,0.0007228899969825313,0.0006306455560037422,0.43949807753290115
15218,"The Woman Who Toils
Being the Experiences of Two Gentlewomen as Factory Girls",0.9236319903788335,0.9290502793296089,7.815026994405744e-05,0.0011349580369394519,0.5813342857999673
15294,A Country Doctor and Selected Stories and Sketches,0.8610944076969334,0.8780359028511088,0.00014978801739277676,0.0009437217797894597,0.510539155357207
15322,"The American Architect and Building News, Vol. 27, No. 733, January 11, 1890",0.8274203247143717,0.8528205128205129,0.00027135510397242163,0.000904256978680478,0.501620640405777
15354,"Notes and Queries, Number 56, November 23, 1850",0.6560432952495491,0.7440715883668904,0.0007011815886647376,0.0006219009800262356,0.4167985239209442
15355,Nautilus,0.7396271797955503,0.7934160305343512,0.00016208944877285988,0.0006562765930673473,0.38664357263644733
15394,"American Eloquence, Volume 4
Studies In American Political History (1897)",0.7666867107636801,0.810823988298391,0.0001425518812868455,0.00084562917597603,0.44742509607252007
15398,"Narrative of the Life and Adventures of Henry Bibb, an American Slave, Written by Himself",0.8526758869512929,0.8715932914046122,0.00029668158034318104,0.0009128303805657587,0.5166369606186964
15469,"The Letters of Lord Nelson to Lady Hamilton, Vol. I.
With A Supplement Of Interesting Letters By Distinguished Characters",0.7498496692723993,0.7995192307692308,0.0006621064536927088,0.0006997070224237081,0.46404358496944614
15487,Democracy and Social Ethics,0.7943475646422129,0.829426433915212,0.0004840975054868002,0.0008084349222617363,0.48859251348307753
15512,"Punch, or the London Charivari, Volume 152, May 23, 1917",0.9085989176187613,0.9162534435261708,0.00021129517429319233,0.0009714621938723455,0.5448744712242617
15526,"John L. Stoddard's Lectures, Vol. 10 (of 10)
Southern California; Grand Cañon of the Colorado River; Yellowstone National Park",0.7985568250150331,0.8323323323323323,0.00024675224121225545,0.000782774884380892,0.4534592790245566
15546,"The Last of the Peterkins
With Others of Their Kin",0.4624173180998196,0.6498632278233685,0.0002597772862029317,0.0003777336784641609,0.23836946089238442
15587,Macleod of Dare,0.5417919422730006,0.6852080758137619,0.0003733846230660522,0.00042779983072137713,0.2877207924095388
15602,"Statistical, Historical and Political Description of the Colony of New South Wales and its Dependent Settlements in Van Diemen's Land
With a Particular Enumeration of the Advantages Which These Colonies Offer for Emigration, and Their Superiority in Many Respects Over Those Possessed by the United States of America",0.7486470234515935,0.7991350312349832,8.755724688176806e-05,0.0007960653342360908,0.42036870232409906
15610,"First Love, and Other Fascinating Stories of Spanish Life",0.7913409500901984,0.827363184079602,0.0005195545724058634,0.0007030923676815309,0.46182985470677784
15651,"His Grace of Osmonde
Being the Portions of That Nobleman's Life Omitted in the Relation of His Lady's Story Presented to the World of Fashion under the Title of A Lady of Quality",0.8322309079975947,0.8563336766220392,0.00010637120075718929,0.0009055765986378475,0.48340679265254294
15659,The Beacon Second Reader,0.8406494287432351,0.8625518672199171,0.000371937395844866,0.0008925560317280594,0.5156044755303818
15701,"The Works of the Right Honourable Edmund Burke, Vol. 05 (of 12)",0.8484666265784727,0.8684073107049608,0.00017366726654234987,0.0010318723037202268,0.533846876204979
15705,"The Silly Syclopedia
A Terrible Thing in the Form of a Literary Torpedo which is Launched for Hilarious Purposes Only Inaccurate in Every Particular Containing Copious Etymological Derivations and Other Useless Things",0.7318099819603128,0.7885253674727359,0.0007583470639015943,0.0008698843656610724,0.518652502077795
15782,Scenes in Switzerland,0.783523752254961,0.8220464656450815,0.00034444007864232724,0.0007169914209913201,0.44143957207179374
15831,"The Scientific American Boy; Or, The Camp at Willow Clump Island",0.48827420324714377,0.6614956245027844,0.0007388094964155801,0.00044299611497335,0.32303188513380154
15869,A Voyage Towards the South Pole and Round the World Volume 2,0.5923030667468431,0.7103801794105084,0.00031911360227156784,0.0005090912322716958,0.3185954617819031
15876,"The Unpopular Review, Volume II Number 3",0.8863499699338545,0.8979481641468683,0.000128079609074983,0.001198448319728347,0.5904492958387693
15896,"Five Months at Anzac
A Narrative of Personal Experiences of the Officer Commanding the 4th Field Ambulance, Australian Imperial Force",0.6626578472639808,0.747751798561151,0.0007250608378143107,0.0005570044202009532,0.40323760618404236
15953,The City of Delight: A Love Drama of the Siege and Fall of Jerusalem,0.4515935057125677,0.6455745341614907,0.00042186673497579156,0.00036281065974456397,0.2514434937023021
15979,Miss Caprice,0.7757065544197235,0.8167976424361493,0.0004066708491533359,0.0006689769136727609,0.432694824672356
15984,Washington Irving,0.782922429344558,0.8216403162055336,0.00023083274177920668,0.000735080047153298,0.43237037229411435
16108,"Debris
Selections from Poems",0.7552615754660252,0.8033816425120773,0.0006186896370571214,0.0008248372816946445,0.496376965878079
16124,"Lippincott's Magazine of Popular Literature and Science, Vol. XVI., December, 1880.",0.9386650631389056,0.9422096317280453,7.091413383812619e-05,0.001115237206066903,0.5811556836551746
16143,A Man and a Woman,0.9518941671677691,0.9541021227768216,0.00014399910850803176,0.0012909723591247259,0.6460530402091675
16144,Harry,0.70414912808178,0.7716937354988399,0.00042765564386053654,0.0008762383158366909,0.4706661897764337
16160,"The Treasury of Ancient Egypt
Miscellaneous Chapters on Ancient Egyptian History and Archaeology",0.7841250751653639,0.8224530168150346,0.0002098479470720061,0.0007599418078174028,0.4372985981952675
16170,"Elements of Military Art and Science
Or, Course Of Instruction In Strategy, Fortification, Tactics Of Battles, &C.; Embracing The Duties Of Staff, Infantry, Cavalry, Artillery, And Engineers; Adapted To The Use Of Volunteers And Militia; Third Edition; With Critical Notes On The Mexican And Crimean Wars.",0.6975345760673481,0.7677746999076639,0.00046166548355841336,0.0007859593616784998,0.4469789157649282
16178,Essays on Art,0.6211665664461816,0.7252507631923245,0.0003321386472622441,0.0005820885474182115,0.3494313599313379
16248,"The Opera
A Sketch of the Development of Opera. With full Descriptions of all Works in the Modern Repertory.",0.5826819001803969,0.7055579126007637,0.00040739446276392906,0.0004914601604125314,0.3217131100694297
16254,The Fertility of the Unfit,0.5490078171978353,0.6891835888934936,0.00047686136938086896,0.0005137895787638897,0.32723737531271346
16259,The Surprising Adventures of the Magical Monarch of Mo and His People,0.8244137101623572,0.8506393861892583,0.0005014642321410352,0.0008196421989448364,0.5047618611213097
16273,"The Manual of Heraldry; Fifth Edition
Being a Concise Description of the Several Terms Used, and Containing a Dictionary of Every Designation in the Science",0.39206253758268195,0.6219147344801795,0.000616518796225342,0.0003118392821043585,0.24618524650251963
16288,Oddsfish!,0.8701142513529766,0.8850452368281001,0.0001389338132338799,0.0009788538480072606,0.5227139540388414
16291,The Story of the Other Wise Man,0.809981960312688,0.8403233956543709,0.000325626124766906,0.000843783306567189,0.4847035728436715
16296,"Sketches From My Life
By The Late Admiral Hobart Pasha",0.8556825015033073,0.8738833420914346,0.0001751144937635361,0.0009100672180633772,0.501985512148422
16298,"Historic Tales: The Romance of Reality. Vol. 01 (of 15), American (1)",0.9134095009019844,0.9203099059214167,9.18989285453268e-05,0.001147953423901032,0.5825030679372902
16316,Outdoor Sports and Games,0.8051713770294648,0.8369401107196779,0.0006367799773219495,0.0007768906854872156,0.5022857046957232
16339,The Passenger from Calais,0.8502705953096813,0.8697698744769874,0.00018307424348006047,0.0008000335720705825,0.4694939580806123
16352,"The Great Events by Famous Historians, Volume 01",0.7865303668069754,0.8240832507433102,0.00035963596446478285,0.0008627751273929561,0.4859924409219409
16355,Combed Out,0.8322309079975947,0.8563336766220392,0.00036108319168596907,0.000819582012217077,0.4902955242509672
16474,Lectures and Essays,0.7396271797955503,0.7934160305343512,0.00026773703591945604,0.000772508933591631,0.43287271627565194
16495,Your Boys,0.7949488875526158,0.829426433915212,0.00017945617542709485,0.0008128214003422088,0.45230040300763286
16553,Burned Bridges,0.6205652435357787,0.7249346120313862,0.0005304087765647602,0.00047672115387602975,0.34364420147843755
16574,The Twins: A Domestic Novel,0.6518340348767289,0.741417744092733,0.0002814856945207254,0.0005450309872571916,0.34164100146429943
16587,"Historic Tales: The Romance of Reality. Vol. 05 (of 15), German",0.8021647624774504,0.8348393574297188,0.00019465206124955048,0.0008864137778748952,0.4779046473448004
16593,General Science,0.597714972940469,0.7131217838765008,0.0006693425897986401,0.0006007468188602621,0.3895544968365429
16619,"Punch, or the London Charivari, Vol. 159, 1920-07-28",0.9248346361996392,0.930089485458613,8.321556521820931e-05,0.0010570717672438606,0.5602235337504431
16628,"Punch, or the London Charivari, Volume 159, August 4th, 1920",0.9248346361996392,0.930089485458613,4.052236219321497e-05,0.0010680630419478813,0.5580916423642757
16658,Piano and song,0.6794948887552617,0.7572859744990893,0.0005101475954681527,0.0005712697407321992,0.3859865452902286
16663,The Tale of Solomon Owl,0.09380637402285028,0.5229559748427673,0.0006548703175867776,0.00014005685770159204,0.13521022682919212
16666,Carette of Sark,0.8376428141912208,0.860320744956027,0.00032707335198809226,0.0008188810886274759,0.4879073361334156
16690,"Five Months on a German Raider
Being the Adventures of an Englishman Captured by the 'Wolf'",0.5862898376428142,0.7073585708209272,0.0005723783659791614,0.0005168774395568378,0.35036359865053
16704,Adventures in Southern Seas: A Tale of the Sixteenth Century,0.8659049909801564,0.8817603393425238,0.00014978801739277676,0.0009430479827944339,0.5121995578767786
16783,"Memoir, Correspondence, and Miscellanies, From the Papers of Thomas Jefferson, Volume 3",0.8304269392663861,0.855012853470437,0.0002076771062402267,0.0009729523629772604,0.5144829672172544
16809,The Story of Grenfell of the Labrador: A Boy's Life of Wilfred T. Grenfell,0.32832230907997595,0.5979863358504135,0.0008430098563409899,0.0002673404436130454,0.24617677612971528
16990,The Story of Troy,0.5057125676488274,0.669215291750503,0.0005897450926333964,0.00047689926079234906,0.31891514466222504
16999,"Servia, Youngest Member of the European Family
or, A Residence in Belgrade and Travels in the Highlands and Woodlands of the Interior, during the years 1843 and 1844.",0.598316295850872,0.7134277134277134,0.0004920572552033246,0.000479848434017178,0.33332310965610223
17030,Super Man and the Bug Out,0.6091401082381239,0.7189796800691742,0.0010709481436778241,0.00045669000856244626,0.4013067159120183
17032,The lieutenant and commander,0.9043896572459411,0.9127332601536773,0.0002163604695673442,0.0010622708990582351,0.5697115309787328
17220,Bohemian Society,0.9116055321707758,0.9187845303867404,0.00011216010964193428,0.0012250791495350929,0.6062839281484025
17239,"The Destiny of Man, Viewed in the Light of His Origin",0.7360192423331329,0.791151284490961,0.0005521171848825539,0.0007418047592356532,0.4580143003824898
17348,"Chambers's Edinburgh Journal, No. 432
Volume 17, New Series, April 10, 1852",0.9067949488875526,0.9147414741474147,0.00015774776710930112,0.0010441658503660416,0.5582863939386218
17376,"The Works of Guy de Maupassant, Volume 3",0.9494888755261576,0.9519175729822553,8.104472438642994e-05,0.001423393397576206,0.6750474856902446
17427,President Wilson's Addresses,0.8129885748647023,0.8424518743667679,0.00022287299206268232,0.0009378992132387213,0.49997725984447705
17466,"St. Nicholas Magazine for Boys and Girls, Vol. 5, October 1878, No. 12",0.8815393866506315,0.8940860215053763,0.0001693255848787911,0.0009611514748150974,0.5258828173940078
17476,Talks on Talking,0.7336139506915214,0.7896486229819563,0.00016643113043641862,0.0008477192915067358,0.43985031715553047
17496,Elsie at Home,0.7696933253156946,0.8128054740957967,0.00025037030926522105,0.0008485868161478398,0.46261057112253856
17513,"St. Nicholas Magazine for Boys and Girls, Vol. 5, Nov 1877-Nov 1878
No 1, Nov 1877",0.9254359591100422,0.9306099608282037,0.00041390698525926715,0.0010379284252755845,0.5958310308956153
17584,"Letters from Mesopotamia in 1915 and January, 1916
From Robert Palmer, who was killed in the Battle of Um El Hannah, June 21, 1916, aged 27 years",0.8641010222489477,0.880359978824775,0.00032924419281987164,0.0008579791425630615,0.509366607389957
17721,"The Bay State Monthly, Volume 3, No. 1",0.8165965123271197,0.845020325203252,0.0002453050139910692,0.0007909900740897392,0.46210708631889663
17854,The Sport of the Gods,0.746241731809982,0.7972195589645255,0.00041173614442748777,0.0007066466808967627,0.4339091706539192
17964,Olympian Nights,0.782922429344558,0.8216403162055336,0.00017873256181650174,0.0008929278281877861,0.4710089174094896
18118,"Little Journeys to the Homes of the Great - Volume 04
Little Journeys to the Homes of Eminent Painters",0.746241731809982,0.7976019184652278,0.0003538470555800378,0.0006535312092360027,0.41173686148717925
18234,A Girl's Student Days and After,0.7504509921828022,0.800288739172281,0.00044429875690417837,0.0008475224303572212,0.4797046979303151
18250,"The Prose Works of Jonathan Swift, D.D. - Volume 07
Historical and Political Tracts-Irish",0.8364401683704149,0.8594315245478036,0.00025254115009700043,0.0010575782413295215,0.5464136679828917
18286,The Miller Of Old Church,0.7739025856885148,0.8155958803334968,0.00024168694593810355,0.0007395678334608576,0.43186069986616815
18314,"Types of Naval Officers, Drawn from the History of the British Navy",0.6740829825616357,0.7541950113378685,0.0003068121708914848,0.0007278359221390059,0.40390726792728227
18374,"The Argosy, Vol. 51, No. 4, April, 1891",0.8761274804570055,0.889780631353665,0.00020261181096607484,0.0009331534094161704,0.5198710059345395
18387,The Days of Bruce: A Story from Scottish History. Vol. 1,0.7282020444978954,0.7862884160756501,0.00033069142004105785,0.0007362441631747287,0.42651672359186077
18396,"The Modern Scottish Minstrel, Volume 1.
The Songs of Scotland of the Past Half Century",0.7576668671076369,0.8049370764762827,0.0005238962540694221,0.0008095727187708085,0.48113115713403354
18424,A Midsummer Holiday and Other Poems,0.8069753457606735,0.8382056451612904,0.0003914749633308803,0.0008782057669233101,0.5015795248381492
18434,A Melody in Silver,0.6025255562236922,0.7155765920826161,0.00023951610510632417,0.00065950538581341,0.3546612317442551
18467,"The People's Common Sense Medical Adviser in Plain English
or, Medicine Simplified, 54th ed., One Million, Six Hundred
and Fifty Thousand",0.6746843054720385,0.7545372050816697,0.0003523998283588516,0.0006933378159827927,0.3998711260277701
18498,King John of Jingalo: The Story of a Monarch in Difficulties,0.8983764281419122,0.9077510917030568,0.00012590876824320366,0.0009865135126722407,0.5344796389348075
18508,"Arthur Mervyn; Or, Memoirs of the Year 1793",0.9236319903788335,0.9290502793296089,0.00010275313270422366,0.0011454151673268448,0.5873571612014163
18592,"The Life of George Washington, Vol. 2
Commander in Chief of the American Forces During the War
which Established the Independence of his Country and First
President of the United States",0.73541791942273,0.7907750832144556,0.0004146305988698603,0.0007953977428054124,0.45614579226455526
18598,"Stories of Achievement, Volume IV, Authors and Journalists",0.947083583884546,0.9497430039977156,3.5457066919063094e-05,0.001340352388270078,0.6446689082859465
18675,"Modern Skepticism: A Journey Through the Land of Doubt and Back Again
A Life Story",0.8665063138905593,0.8822281167108753,0.00010420035992540991,0.0011348671598049094,0.5615742347293491
18794,Three Years' War,0.613950691521347,0.721475054229935,0.00036325403251774845,0.0005834634181906127,0.35154739844847294
18822,The House of Martha,0.7847263980757667,0.8228599703117269,0.00012880322268557615,0.0007090404321342656,0.412970543305315
18833,"With Clive in India; Or, The Beginnings of an Empire",0.5898977751052316,0.7091684434968017,0.0004240375758075709,0.000498419700213948,0.32781191900201967
18848,"The Continental Monthly, Vol. 5, No. 3,  March, 1864
Devoted to Literature and National Policy",0.8310282621767889,0.8554526748971193,0.00013169767712794864,0.0009579995703247895,0.5010565333726053
18896,Faith Gartney's Girlhood,0.8232110643415514,0.8497700562084823,0.00031404830699741597,0.0008607384699239551,0.49292005022451757
18975,The North Pole: Its Discovery in 1909 under the auspices of the Peary Arctic Club,0.4624173180998196,0.6501172791243158,0.0005731019795897545,0.0003879050647342165,0.280044481343592
18992,Current superstitions,0.751653638003608,0.8010597302504817,0.0004392334616300265,0.0006343036512653413,0.41860414724480643
18993,History of the World War,0.7059530968129886,0.7727695167286245,0.0004797558238232415,0.0007622360821863001,0.4451243401175735
19028,Irish Plays and Playwrights,0.7167769092002405,0.7789227166276347,0.00044212791607239904,0.0006609639533876574,0.4149185502727504
19070,Both Sides the Border: A Tale of Hotspur and Glendower,0.502705953096813,0.6673354735152488,0.0004052236219321497,0.0003951126136217491,0.27179040089537126
19113,The Emigrant Trail,0.8334335538184006,0.8572164948453608,0.0002699078767512354,0.000866126326185864,0.4927757661209865
19207,The Firelight Fairy Book,0.7925435959110042,0.828187250996016,0.00028582737618428414,0.000785835770613446,0.457027348766712
19212,"The History of England in Three Volumes, Vol. I., Part B.
From Henry III. to Richard III.",0.6897173782321107,0.763194125745755,0.00020550626540844733,0.0007449227019719834,0.4011674360737634
19350,"Punch, or the London Charivari, Volume 159, December 22, 1920",0.8394467829224294,0.8616580310880829,0.00029812880756436725,0.0007959954992772793,0.4784729339277922
19397,History of Rationalism Embracing a Survey of the Present State of Protestant Theology,0.70414912808178,0.7716937354988399,0.00018235062986946736,0.0008764022373778345,0.44043161837964007
19405,Confessions of an Etonian,0.9332531569452797,0.9374295377677565,9.624061020888555e-05,0.0011307283579692145,0.5864052461907102
19418,Confessions of Boyhood,0.9452796151533374,0.9481185860889396,0.0001005822918724443,0.0012261751721605982,0.6193293899202359
19438,The Hero of Esthonia and Other Studies in the Romantic Literature of That Country,0.8586891160553217,0.8761854583772392,0.00026701342230886293,0.001030507552244894,0.5488675903090487
19443,Our Profession and Other Poems,0.7696933253156946,0.8128054740957967,0.00028293292174191165,0.0009897674538496112,0.5069412715767256
19551,"Alice in Wonderland, Retold in Words of One Syllable",0.1809981960312688,0.5493888338288735,0.0009334615576651304,0.00019221631630196698,0.20306885386178145
19566,"Fables of Infidelity and Facts of Faith
Being an Examination of the Evidences of Infidelity",0.8352375225496091,0.858544140423335,0.00011650179130549303,0.0011001680876519774,0.5413338355484355
19584,"A New System; or, an Analysis of Antient Mythology. Volume 2 (of 6)",0.3217077570655442,0.5956303724928367,0.0008278139705185343,0.00029351537770425524,0.25023732200712523
19708,Cape Cod Folks,0.7011425135297655,0.7699074074074074,0.0004819266646550209,0.0005932592965227569,0.39560696008604324
19731,"Under the Ocean to the South Pole; Or, the Strange Cruise of the Submarine Wonder",0.6602525556223693,0.7464093357271095,0.00041318337164867404,0.0005843959631388085,0.3718228393224937
19748,Story-Lives of Great Musicians,0.6734816596512327,0.7538531278331823,0.0003212844431033472,0.0005789101361632142,0.36298485942878067
19776,The Ordeal: A Mountain Romance of Tennessee,0.5772699939867709,0.7028740490278952,0.0006411216589855082,0.00043689641050864654,0.3334516883631278
19825,Herself: Talks with Women Concerning Themselves,0.8196031268791342,0.8471726948548141,0.00027714401285716667,0.0007986478861461622,0.46931784099391294
19846,"Encyclopaedia Britannica, 11th Edition, ""Bulgaria"" to ""Calgary""
Volume 4, Part 4",0.8478653036680698,0.8679540709812108,0.00029812880756436725,0.0011143669572646726,0.572538325894233
19976,The Mabinogion Vol. 3,0.6109440769693326,0.7196019039376893,0.0002098479470720061,0.0006079775918733462,0.33861796999661964
20008,The Young Duke,0.6957306073361396,0.7667127708621485,0.0003176663750503816,0.0005865483873201823,0.3716931773223021
20044,Riders of the Silences,0.5736620565243536,0.7005054759898904,0.0005723783659791614,0.0004887655407111121,0.33854145310546224
20091,No Surrender! A Tale of the Rising in La Vendee,0.6313890559230307,0.7306678383128296,0.0004471932113465509,0.0005251031023719651,0.3503879094211212
20117,"Chatterbox, 1905.",0.8863499699338545,0.8979481641468683,7.525581550168494e-05,0.0009477435312909791,0.512345248715856
20289,"Herein is Love
A Study of the Biblical Doctrine of Love in Its Bearing on Personality, Parenthood, Teaching, and All Other Human Relationships.",0.6981358989777511,0.7681293302540416,0.00024458140038047607,0.0007087062772556836,0.3983143773583371
20354,Jack of Both Sides: The Story of a School War,0.4948887552615755,0.6644027167399121,0.0002076771062402267,0.0004537235466115256,0.26226854655982923
20444,"The Knickerbocker, or New-York Monthly Magazine, March 1844
Volume 23, Number 3",0.9512928442573663,0.9535550458715596,5.9336316068636205e-05,0.001315679793815587,0.6423952301516824
20447,"The Works of Robert G. Ingersoll, Volume VIII.
Interviews",0.9037883343355382,0.9122325836533187,8.538640604998868e-05,0.0011670160280219753,0.5832068524244496
20462,"Ernest Linwood; or, The Inner Life of the Author",0.8448586891160553,0.8656949505465903,0.0002257674465050548,0.0009071175521375498,0.5032973129873374
20493,Stories and Sketches,0.9188214070956104,0.924916573971079,4.124597580380809e-05,0.0012232999616779143,0.6000004647201919
20494,The Shrieking Pit,0.8592904389657247,0.8766473379019505,0.00010420035992540991,0.0009801345926589518,0.5146166893775632
20515,The Eagle of the Empire: A Story of Waterloo,0.8033674082982563,0.835678391959799,0.0002937871259008085,0.0007729862536538192,0.45818505687176664
20528,Round About a Great Estate,0.7931449188214071,0.8285999003487793,0.0006534230903655914,0.000725012510051588,0.4852502642472074
20561,Little Ferns For Fanny's Little Friends,0.8484666265784727,0.8684073107049608,0.0002778676264677598,0.0010632483422075784,0.5556685042064144
20709,From Pole to Pole: A Book for Young People,0.8773301262778113,0.8907337975361542,0.0002887218306266566,0.0011149268869010322,0.5828734559067874
20753,The Wonder Island Boys:  The Tribesmen,0.8208057726999399,0.8480367159612443,0.0005217254132376427,0.0007724046566124929,0.4924553956662584
20791,For Love of Country: A Story of Land and Sea in the Days of the Revolution,0.778111846061335,0.8184055118110236,0.00031838998866097473,0.0007262717816035946,0.43898986576986354
20807,Better Dead,0.5892964521948286,0.7082623509369677,0.0005079767546363733,0.00045591734195811977,0.32564551036761613
20899,"The Continental Monthly , Vol. 2 No. 5,  November 1862
Devoted to Literature and National Policy",0.9290438965724594,0.9337450870297586,3.5457066919063094e-05,0.0010780803231046578,0.5620927190859357
20985,"The Banner Boy Scouts on a Tour; or, The Mystery of Rattlesnake Mountain",0.7203848466626579,0.7814849624060151,0.00033069142004105785,0.0007236576115618225,0.420368377848476
21005,Shorty McCabe on the Job,0.7149729404690319,0.7778297474275023,0.000698287134222365,0.0006743601304848692,0.4497809591103276
21010,"Chambers's Edinburgh Journal, No. 444
Volume 18, New Series, July 3, 1852",0.9218280216476248,0.9274958170663692,0.00018741592514361923,0.001064027658283415,0.5738173782716177
21047,"The Nursery, No. 109, January, 1876, Vol. XIX.
A Monthly Magazine for Youngest Readers",0.8190018039687312,0.8467413441955194,0.00036325403251774845,0.0007955431542428502,0.4788419961581173
21071,The Rover's Secret: A Tale of the Pirate Cays and Lagoons of Cuba,0.8647023451593506,0.8808262711864406,0.0001447227221186249,0.0008663293373892564,0.4892046657011355
21086,"The Penang Pirate
and, The Lost Pinnace",0.7438364401683705,0.7960746768788894,0.0002879982170160635,0.0006780566858714562,0.40980694114087696
21126,"Chambers's Edinburgh Journal, No. 447
Volume 18, New Series, July 24, 1852",0.7420324714371618,0.7949330783938815,0.00037917353195079717,0.0006614865418403398,0.415729118753556
21132,"Frank Oldfield
Lost and Found",0.8424533974744438,0.8638961038961039,0.00015051163100336987,0.0008979060811793519,0.4904740756252208
21136,For Fortune and Glory: A Story of the Soudan War,0.7973541791942274,0.8315,0.00039798748582621843,0.0007066624421778007,0.4499689736607352
21258,"Devil-Worship in France; or, The Question of Lucifer",0.5315694527961515,0.680999180999181,0.0002424105595486967,0.000457100531413058,0.27733573459665284
21297,Cutlass and Cudgel,0.6428141912206855,0.7361664453297919,0.0003249025111563129,0.0005686703943682387,0.3509090938721126
21307,"Fire Island
Being the Adventures of Uncertain Naturalists in an Unknown Track",0.5478051713770294,0.6883278145695364,0.000528961549343574,0.00045261850754209246,0.3157670812301607
21335,The Moving Finger,0.8141912206855082,0.8433062880324543,0.0003864096680567284,0.0009036538197685424,0.5108219947889758
21363,Quicksilver: The Boy With No Skid to His Wheel,0.6145520144317499,0.7211621856027753,0.0003704901686236797,0.0005533122162978941,0.3437788257211948
21382,Son Philip,0.7251954299458809,0.784433962264151,0.0002576064453711523,0.0006260073004710541,0.385034050361871
21404,From Powder Monkey to Admiral: A Story of Naval Adventure,0.6812988574864702,0.7583219334245326,0.0005195545724058634,0.000593144798725921,0.39395673010689986
21450,Ben Burton: Born and Bred at Sea,0.8947684906794949,0.9047878128400435,6.005992967922933e-05,0.0010478066328307265,0.5424002348378849
21459,Dick Onslow Among the Redskins,0.846662657847264,0.8670490093847758,0.00018235062986946736,0.0008611956441345229,0.4855050092770565
21465,Hurricane Hurry,0.9266386049308479,0.9316526610644258,0.0001360393587915074,0.0011958446586420976,0.6071235057725592
21469,"The Mate of the ""Lily""; Or, Notes from Harry Musgrave's Log Book",0.7215874924834637,0.7822201317027281,0.0004631127107795996,0.0006554618539266184,0.4176347591280167
21491,The Trapper's Son,0.6361996392062538,0.7332451499118166,0.00045949464272663403,0.0005090280489346067,0.34875023305977865
21498,"France and the Republic
A Record of Things Seen and Learned in the French Provinces During the 'Centennial' Year 1889",0.6945279615153338,0.7660064486411792,0.0003104302389444504,0.0007954994785071221,0.43008027569543167
21503,"Notes and Queries, Number 58, December 7, 1850
A Medium of Inter-communication for Literary Men, Artists, Antiquaries, Genealogists, etc.",0.6103427540589297,0.7196019039376893,0.0005774436612533132,0.0005772992117223795,0.37517432832867015
21546,"Nero, the Circus Lion: His Many Adventures",0.16235718580877934,0.5436417129780974,0.00017945617542709485,0.00018650989218851226,0.10435591590770465
21555,The Mission; or Scenes in Africa,0.5207456404088996,0.6760162601626016,0.0003350331017046166,0.00040628803077376747,0.2713334049820373
21560,Papers on Health,0.5460012026458209,0.6877584780810587,0.0003849624408355422,0.0004780603028104539,0.30486311913304215
21597,Jersey Street and Jersey Lane: Urban and Suburban Sketches,0.8382441371016236,0.8607660455486542,0.0002728023311936079,0.0010221215641631031,0.5394629960586723
21607,Adrift in the Ice-Fields,0.6951292844257366,0.7663594470046083,0.0005094239818575596,0.0006758583037701454,0.42067436252345325
21625,Play the Game!,0.7294046903187011,0.7870326549929011,0.00031404830699741597,0.0007418913907344093,0.42646959897691217
21686,"The Works of Robert Louis Stevenson - Swanston Edition, Vol. 01",0.9452796151533374,0.9481185860889396,0.00010420035992540991,0.0013614929167770028,0.6584130455819635
21713,The Young Trawler,0.772699939867709,0.814796668299853,0.000319837215882161,0.0007411434436627744,0.44154273806134364
21719,Blue Lights: Hot Work in the Soudan,0.894167167769092,0.9042958129418162,0.00016353667599404613,0.000962924866440558,0.5306963981514023
21728,The Dog Crusoe and his Master,0.5947083583884546,0.7115960633290543,0.00020044097013429546,0.0005150024039146384,0.3063241168736634
21747,The Lonely Island: The Refuge of the Mutineers,0.8021647624774504,0.8348393574297188,0.0002489230820440348,0.0007126812457355232,0.4349985351244652
21751,The Middy and the Moors: An Algerine Story,0.6169573060733614,0.722729248152977,0.0008980044907460674,0.0004972753136265597,0.39371562314098163
21757,The Hot Swamp,0.5688514732411305,0.6987394957983193,0.00024458140038047607,0.00043294309401101596,0.2810008435589091
21781,"Text Book of Biology, Part 1: Vertebrata",0.16957306073361395,0.5463206307490145,0.0005723783659791614,0.00020556095242498751,0.16001612169275986
21806,Coming of Age: 1939-1946,0.8851473241130488,0.8969795037756203,0.00024747585482284856,0.0009113802652372841,0.5227450852087797
21883,We Three,0.6975345760673481,0.7674203968620212,0.0003220080567139404,0.0006311302765326039,0.38540156094680145
21929,A master of craft,0.6969332531569453,0.7670664206642066,0.00016715474404701175,0.0006829730716014789,0.3808976308169301
21931,Sea urchins,0.582080577269994,0.7049597286986011,0.00036542487334952783,0.0005331166213944977,0.3281462615490771
21939,"Chambers's Edinburgh Journal, No. 449
Volume 18, New Series, August 7, 1852",0.8177991581479255,0.8458799593082401,0.0002814856945207254,0.0007657895708793275,0.4598149954298109
22067,"The Story of a Cannoneer Under Stonewall Jackson
In Which is Told the Part Taken by the Rockbridge Artillery in the Army of Northern Virginia",0.6975345760673481,0.7677746999076639,0.00037917353195079717,0.0006501837980668216,0.3980280503800136
22112,A Child's Book of Saints,0.8665063138905593,0.8822281167108753,0.00013531574518091426,0.0010462321315520195,0.5401074379483861
22138,"Notes and Queries, Number 54, November 9, 1850
A Medium of Inter-communication for Literary Men, Artists, Antiquaries, Genealogists, etc.",0.7636800962116657,0.808852140077821,0.0008220250616337893,0.0007424228293858994,0.5008055566558502
22150,"The Theories of Darwin and Their Relation to Philosophy, Religion, and Morality",0.5405892964521949,0.6852080758137619,0.0002923398986796223,0.0005603610142729796,0.31544327677225537
22170,Five Lectures on Blindness,0.682501503307276,0.7590141487905067,0.0004739669149384965,0.0006176770538353562,0.3957097814564855
22259,"The Legacy of Greece
Essays By: Gilbert Murray, W. R. Inge, J. Burnet, Sir T. L. Heath, D'arcy W. Thompson, Charles Singer, R. W. Livingston, A. Toynbee, A. E. Zimmern, Percy Gardner, Sir Reginald Blomfield",0.6849067949488876,0.7604023776863283,0.0005535644121037402,0.0007218670639249757,0.43603799452128894
22274,"Julia And Her Romeo: A Chronicle Of Castle Barfield
From ""Schwartz"" by David Christie Murray",0.6307877330126278,0.7297060114085125,0.0004819266646550209,0.0005428282733777892,0.35932365315016884
22353,Early Theories of Translation,0.4335538184004811,0.6383877159309022,0.0004088416899851153,0.00038581037080705525,0.25193185483834873
22381,Myths and Legends of Ancient Greece and Rome,0.6945279615153338,0.7660064486411792,0.0004812030510444277,0.0006436341323931082,0.4077992813146534
22387,A Tour in Ireland. 1776-1779,0.841250751653638,0.8629994810586403,0.0004508112793995165,0.0008695795116595254,0.5190055652273883
22400,"Fox's Book of Martyrs
Or A History of the Lives, Sufferings, and Triumphant
Deaths of the Primitive Protestant Martyrs",0.8905592303066747,0.9013550135501355,0.00013242129073854177,0.0011670989034650826,0.5837093621322642
22411,The Choice of Life,0.9254359591100422,0.9306099608282037,0.000128079609074983,0.0012367950262226926,0.617329438363895
22482,Men in the Making,0.8707155742633794,0.8855165069222577,0.00017149642571057049,0.001051856382665978,0.5478115727250013
22500,"The Works of William Hogarth: In a Series of Engravings
With Descriptions, and a Comment on Their Moral Tendency",0.8719182200841853,0.8864605543710021,9.406976937710617e-05,0.0010009557800881364,0.5241881034765865
22693,A Book of Myths,0.767288033674083,0.811219512195122,9.406976937710617e-05,0.0008978820944637286,0.456565973440044
22800,Mary Wollstonecraft,0.8394467829224294,0.8616580310880829,0.00016353667599404613,0.0008920190333097769,0.4892757976025908
22892,The Best Made Plans,0.7161755862898377,0.7789227166276347,0.0005173837315740839,0.0006736654489231933,0.42777354595275346
22992,"Punch, or the London Charivari, Vol. 150, May 10, 1916",0.9404690318701143,0.9438138479001135,4.269320302499434e-05,0.0011423226277253939,0.5861762656493927
23106,"Helen and Arthur; or, Miss Thusa's Spinning Wheel",0.7155742633794347,0.778558052434457,0.00031477192060800914,0.0006177375019983685,0.3865986392128915
23111,Riley Songs of Friendship,0.5460012026458209,0.687474162877222,0.0006013229104028864,0.0004685138667848684,0.3287418153378119
23136,Creative Unity,0.7943475646422129,0.829426433915212,0.0004508112793995165,0.0008686689758405977,0.5016820552238361
23231,Rich enough,0.6265784726398076,0.7277899343544858,0.0004023291674897772,0.0005063182522545274,0.3379426232747421
23264,The Settlers at Home,0.3517739025856885,0.6060495626822158,0.00018741592514361923,0.000292033612512101,0.17764294500684205
23317,"History of the English People, Volume IV",0.6644618159951895,0.7484248424842485,0.00019682290208132983,0.0006604293354204344,0.36799106052124814
23419,"The Return Of The Soul
1896",0.7763078773301263,0.8171990171990172,0.00012229070019023803,0.0007371771977534959,0.4172711189118423
23427,"Evolution, Old & New
Or, the Theories of Buffon, Dr. Erasmus Darwin and Lamarck,
as compared with that of Charles Darwin",0.539987973541792,0.6849258649093904,0.00023083274177920668,0.0005493273991277339,0.304535582429621
23518,"Punch, or the London Charivari, Vol. 158, 1920-05-05",0.9404690318701143,0.9438138479001135,8.466279243939555e-05,0.0011412060870009855,0.5910383461453406
23565,"Red-Tape and Pigeon-Hole Generals
As Seen From the Ranks During a Campaign in the Army of the Potomac",0.9001803968731209,0.9092400218698743,0.00010781842797837553,0.0011118518822751087,0.568762641745608
23623,The White Lady of Hazelwood: A Tale of the Fourteenth Century,0.7251954299458809,0.7840641206977841,0.00022866190094742732,0.000703104501181907,0.4033393213113925
23726,"Punch, or the London Charivari, Vol. 146, March 11, 1914",0.873120865904991,0.8874066168623266,0.00013169767712794864,0.0008658405199427396,0.4907224826668434
23738,The Thing from the Lake,0.714371617558629,0.7778297474275023,0.00042910287108172276,0.00071996731394004,0.4295124738868062
23755,Birds of the Indian Hills,0.32411304870715574,0.5966989594546107,0.0006678953625774538,0.0002843908398933196,0.22852748236927384
23779,A Little Girl in Old Quebec,0.809380637402285,0.8398989898989899,0.00021780769678853045,0.0007914403136527426,0.4562320963915269
23997,"Eugene Oneguine [Onegin]
A Romance of Russian Life in Verse",0.7528562838244137,0.8018322082931534,0.0004493640521783303,0.0007072969325778695,0.4411015825084531
24001,"The Physical Life of Woman: Advice to the Maiden, Wife and Mother",0.8190018039687312,0.8467413441955194,0.0001751144937635361,0.000976693015690081,0.5073407303466559
24053,"The Little Lame Prince
Rewritten for Young Readers by Margaret Waters",0.693325315694528,0.7653014265991717,0.00037844991834020406,0.00059995437176997,0.3822626523459751
24133,"The Long Run
1916",0.7342152736019243,0.7900237529691211,0.00039364580416265967,0.0006303571174268255,0.40603409031825655
24215,The Comedies of William Congreve: Volume 1 [of 2],0.6999398677089598,0.7688395746648173,0.0006273730003842388,0.0006630502048717424,0.43297552231698777
24254,"History of the English People, Volume VI
Puritan England, 1642-1660; The Revolution, 1660-1683",0.6915213469633193,0.7642463235294118,0.00027135510397242163,0.0007051180694711819,0.3984996611671827
24313,Once a week,0.8352375225496091,0.858544140423335,0.0003871332816673216,0.0008245356436000098,0.4960407801147613
24321,"Tea Leaves
Being a Collection of Letters and Documents relating to
the shipment of Tea to the American Colonies in the year
1773, by the East India Tea Company. (With an introduction,
notes, and biographical notices of the Boston Tea Party)",0.67708959711365,0.7559090909090909,0.0005716547523685683,0.0006272294817168056,0.408808232833209
24368,'My Beloved Poilus',0.8791340950090198,0.8921673819742489,0.00013748658601269364,0.0009196050168408513,0.5091427975902972
24385,Lights and shadows in Confederate prisons,0.7624774503908599,0.8080660835762876,0.0002699078767512354,0.0007189189897264637,0.42552892163365735
24505,The Forest of Dean: An Historical and Descriptive Account,0.714371617558629,0.7778297474275023,0.0003871332816673216,0.0006561955076943967,0.40612294256333403
24563,"The Best of the World's Classics, Restricted to Prose, Vol. VII (of X)—Continental Europe I",0.9128081779915815,0.9198008849557522,8.03211107758368e-05,0.0012092660530392827,0.5983328611341678
24587,"The Lowest Rung
Together with The Hand on the Latch, St. Luke's Summer and The Understudy",0.8562838244137102,0.8743427970557308,0.000145446335729218,0.0008856964236692251,0.49159398483912325
24674,"Expositions of Holy Scripture
Ephesians; Epistles of St. Peter and St. John",0.7366205652435358,0.7915278438838649,0.0002453050139910692,0.0008764652329344771,0.45878869074225354
24679,Lilith,0.39025856885147325,0.6207540126913027,0.0005144892771317115,0.0003564576204282789,0.24572153935070862
24822,The Queen's Twin and Other Stories,0.8141912206855082,0.8433062880324543,0.00017366726654234987,0.0009045602247800773,0.4848190749673609
24842,The Defence of Duffer's Drift,0.6157546602525557,0.7224152910512598,0.00045515296106307527,0.0005316575255594507,0.3486277402048041
24859,Turned Adrift,0.7973541791942274,0.8315,0.0005499463440507746,0.0007313567165152479,0.47577825884381575
24902,"The International Monthly, Volume 2, No. 4, March, 1851",0.9542994588093807,0.9562967222541691,0.00011071288242074804,0.001326677170342906,0.6531866286724908
24906,"History of the Eighty-sixth Regiment, Illinois Volunteer Infantry, during its term of service",0.5971136500300662,0.712816116588084,0.0003415456241999547,0.000578478819644499,0.34255868143202917
24976,Roger Trewinion,0.6806975345760674,0.757630979498861,0.0005998756831817002,0.0005672656861945313,0.396168702934231
25002,Roy Blakeley's Bee-line Hike,0.4648226097414312,0.6513905209557384,0.00034878176030588595,0.00044851252773738995,0.2703698885772606
25127,The Tiger Hunter,0.5838845460012027,0.7061571125265392,0.0003089830117232641,0.00045057181296772014,0.2982319836714089
25141,The Pursuit of God,0.6957306073361396,0.7667127708621485,0.00017294365293175673,0.0008501038248532086,0.4290805601811491
25171,The uncalled,0.7420324714371618,0.7949330783938815,0.00016643113043641862,0.0007900767359424204,0.4261835172997351
25216,"The Atlantic Monthly, Volume 18, No. 108, October, 1866
A Magazine of Literature, Science, Art, and Politics",0.9422730006013229,0.9454235361000568,1.5919499433048738e-05,0.0012728128862216769,0.6209024917376195
25407,The Merrie Tales of Jacques Tournebroche,0.7534576067348167,0.8022190062711047,0.0003560178964118172,0.0007157390761439312,0.4321918747270002
25461,Bo-Peep Story Books,0.7300060132291041,0.787405303030303,0.000371937395844866,0.0008625085677366653,0.46825290173834244
25487,"Peck's Bad Boy and His Pa
1883",0.33734215273601925,0.6014466546112116,0.0005354740718389121,0.00029026163466352415,0.21694484029218322
25540,Anecdotes for boys,0.9434756464221288,0.9464997154240182,2.0984794707200608e-05,0.0012764685625111462,0.6230877709107848
25555,Fairy Tales of the Slav Peasants and Herdsmen,0.9025856885147324,0.9112328767123288,0.00024675224121225545,0.001103310449229416,0.5844484611912184
25560,"Punch, or the London Charivari, Vol. 146, June 24, 1914",0.9194227300060133,0.9254312743461325,0.00011505456408430678,0.0010377782338068216,0.5563895510884895
25703,"Northern Nut Growers Association Report of the Proceedings at the 44th Annual Meeting
Rochester, N.Y. August 31 and September 1, 1953",0.5892964521948286,0.7088661551577152,0.000570207525147382,0.00048224232373425297,0.34106464512192747
25709,"A Practical View of the Prevailing Religious System of Professed Christians, in the Middle and Higher Classes in this Country, Contrasted with Real Christianity.",0.7624774503908599,0.8080660835762876,9.262254215591993e-05,0.0009916914203666578,0.4815283640176218
25766,"The Immortal; Or, One of the ""Forty.""
(L'immortel) - 1877",0.8743235117257968,0.8883547008547008,0.00018813953875421234,0.0008848833249234639,0.5035965357332459
25767,"Picture and Text
1893",0.7714972940469033,0.8139990210474792,0.00047613775577027586,0.0007049611573418371,0.4500915688707724
25774,The Rapids,0.6867107636800962,0.7614468864468864,0.0005376449126706914,0.0005447617260072665,0.38407039956202893
25809,The Mascot of Sweet Briar Gulch,0.5333734215273602,0.6812781646866038,0.00045804741550544776,0.0004641680742602374,0.3062591767438201
25852,"The Letters of Charles Dickens. Vol. 1, 1833-1856",0.8797354179194228,0.8926462694578636,0.00012590876824320366,0.0009989232199867377,0.5305976395714453
25928,"Norman Vallery; or, How to Overcome Evil with Good",0.3126879134095009,0.5918149466192171,0.0003914749633308803,0.0002687194587951478,0.18697751751547964
25965,"Indian Poetry
Containing ""The Indian Song of Songs,"" from the Sanskrit of the Gîta Govinda of Jayadeva, Two books from ""The Iliad Of India"" (Mahábhárata), ""Proverbial Wisdom"" from the Shlokas of the Hitopadesa, and other Oriental Poems.",0.5105231509320506,0.6711057304277643,0.0005962576151287345,0.0005151381753578372,0.3318200707467969
25982,"Thrilling Narratives of Mutiny, Murder and Piracy
A weird series of tales of shipwreck and disaster, from the earliest part of the century to the present time, with accounts of providential escapes and heart-rending fatalities.",0.8995790739627181,0.9087431693989071,0.00016498390321523237,0.0011297477603245403,0.5806861067323688
26012,"Punch, or the London Charivari, Vol. 147, August 5th, 1914",0.931449188214071,0.935846933033202,6.729606578516058e-05,0.0010872538401471797,0.5696562899476256
26030,The Automobilist Abroad,0.5628382441371016,0.69581589958159,0.00044646959773595775,0.00048461127454336626,0.3189922133072415
26067,"The Life of Thomas, Lord Cochrane, Tenth Earl of Dundonald, Vol. II",0.603728202044498,0.7161929371231697,0.00045732380189485465,0.0005511942469457926,0.35097054710280284
26089,"Punch, or the London Charivari, Vol. 93, September 24, 1887",0.8875526157546603,0.898918918918919,0.0002576064453711523,0.0008973464156913111,0.52094318460216
26152,"Characteristics of Women: Moral, Poetical, and Historical",0.7690920024052916,0.8124084025403029,0.00018235062986946736,0.0009085919407911451,0.4711405414005893
26199,Fables of John Gay (Somewhat Altered),0.846662657847264,0.8670490093847758,0.0002959579667325879,0.0008594005415640569,0.49901657483872464
26259,Her mother's secret,0.8111846061334937,0.8411734951947395,0.00013531574518091426,0.0008115157637124381,0.452431249230957
26277,Margarita's Soul: The Romantic Recollections of a Man of Fifty,0.7330126277811185,0.7892738490745135,0.00047541414215968275,0.0006071320602719284,0.40909948291893067
26280,The Renewal of Life; How and When to Tell the Story to the Young,0.630186410102225,0.7300263388937664,0.00022649106011564794,0.0006938543422384277,0.37096945242451695
26384,"Separation and Service; or, Thoughts on Numbers VI, VII.",0.6271797955502105,0.7284275076653526,0.00029885242117496036,0.0007676216996258394,0.4000730070060907
26414,Fil and Filippa: Story of Child Life in the Philippines,0.2549609140108238,0.5722642807983482,0.0002995760347855535,0.00022573934514824552,0.1503139100682816
26417,A Sheaf of Corn,0.8905592303066747,0.9013550135501355,0.00031260107977622975,0.0011620059940956901,0.6044972654045404
26430,Essay on the Creative Imagination,0.6097414311485267,0.7192906574394463,0.0006599356128609295,0.0006081601631873851,0.3939938969558656
26434,"The Boys of Crawford's Basin
The Story of a Mountain Ranch in the Early Days of Colorado",0.7288033674082983,0.7866603595080416,0.00026846064953004915,0.0007806382516834642,0.43170788186997566
26439,"The Quarterly Review, Volume 162, No. 324, April, 1886",0.8719182200841853,0.8864605543710021,0.00017873256181650174,0.001156094543792029,0.5789356846835915
26537,The Windy Hill,0.7522549609140109,0.8014457831325301,0.00029523435312199477,0.0006757430153340789,0.4128630117207356
26603,The Later Cave-Men,0.4461815995189417,0.6435758513931888,0.0005665894570944164,0.0004189781132922074,0.28406224420695986
26615,"Black Beaver, the Trapper",0.7877330126277812,0.8249007936507936,0.0002894454442372498,0.0008423691030039212,0.47192306806657514
26631,A Virginia Scout,0.8009621166566446,0.8340020060180542,0.0004486404385677371,0.0007698122439461695,0.47553596602903697
26682,"Donahoe's Magazine, Volume 15, No. 2,  February 1886",0.9338544798556826,0.9379582628313593,5.571824801567058e-05,0.0012568872512162793,0.6176796099271991
26695,"Make or Break; or, The Rich Man's Daughter",0.5772699939867709,0.7022804054054054,0.00046166548355841336,0.0004881714591648307,0.3257225146031376
26718,Health on the Farm: A Manual of Rural Sanitation and Hygiene,0.6386049308478653,0.7345406360424028,0.0003574651236330035,0.00076676575173293,0.41046602883776223
26727,"The Political History of England - Vol XI
From Addington's Administration to the close of William IV.'s Reign (1801-1837)",0.7167769092002405,0.7792877225866917,0.00032924419281987164,0.0008560059799469904,0.45680711153577525
26735,"Stories and Legends of Travel and History, for Children",0.9092002405291641,0.9167585446527012,9.045170132414056e-05,0.0011270852031566485,0.5746378979400203
26875,The Boy Scout Fire Fighters; Or Jack Danby's Bravest Deed,0.5574263379434756,0.6929166666666666,0.0005513935712719608,0.0004986454981805568,0.3343388011519871
26889,The Pools of Silence,0.825616355983163,0.851510496671787,0.0003856860544461353,0.0007724868036203731,0.4774468489244169
26905,Northern Lights,0.889356584485869,0.9003789929615593,0.00012084347296905178,0.0010717052634666515,0.5545629746110645
27000,What the Moon Saw: and Other Tales,0.9398677089597114,0.9432785025524674,0.00010998926881015491,0.0012804483187711187,0.6336652231302179
27085,Rootabaga Stories,0.639807576668671,0.7348652231551038,0.0005854034109698377,0.0005641374487437614,0.3809890967349614
27194,The Enjoyment of Art,0.6434155141310884,0.737145390070922,0.00032996780643046474,0.0006082219043047693,0.36324661775323075
27202,"Wagner, the Wehr-Wolf",0.5778713168971739,0.7031712473572939,0.0006867093164528751,0.00047110656342356176,0.3490172499621169
27293,"A sketch of the life and services of Gen. Otho Holland Williams
Read before the Maryland historical society, on Thursday
evening, March 6, 1851",0.746241731809982,0.7976019184652278,0.00018162701625887423,0.0007988708124515759,0.43197592127050516
27324,Where Deep Seas Moan,0.6903187011425136,0.763544536271809,0.0001866923115330261,0.000649793451712369,0.37187241915279123
27411,The House with the Mezzanine and Other Stories,0.9092002405291641,0.9167585446527012,0.0003205608294927541,0.0010915089133765813,0.5928854032856189
27499,Folk-lore and Legends: German,0.8881539386650632,0.8994050838290968,0.00011867263213727241,0.001140582438747523,0.573482536162971
27516,The Toilers of the Field,0.8232110643415514,0.8497700562084823,0.00041028891720630155,0.000956907995829395,0.5322594624697962
27595,Eight Keys to Eden,0.6800962116656645,0.757630979498861,0.0008234722888549755,0.0005548334224807623,0.42015904869900617
27681,The Last of the Mohicans: A Narrative of 1757,0.677690920024053,0.7562528422010004,0.00044574598412536464,0.0006043985240412469,0.3869337942879327
27688,A Hundred Years by Post: A Jubilee Retrospect,0.7564642212868311,0.8041586073500967,0.00024096333232751044,0.0008398145056069409,0.4544323046953527
27743,Through Finland in Carts,0.7239927841250752,0.7836946277097078,0.0004052236219321497,0.0006009463823499962,0.3957077434830498
27770,The Battaile of Agincourt,0.36981358989777513,0.6132005899705014,0.0006722370442410126,0.00034289005281833184,0.2564698044763554
27853,How the Flag Became Old Glory,0.7979555021046302,0.8319159579789895,0.0003762790775084247,0.0008102807641419561,0.4770886334077883
27933,Forest Neighbors: Life Stories of Wild Animals,0.8184004810583284,0.8463104325699745,0.0005882978654122102,0.0008032428899160345,0.5086018051849548
27997,"Robert Orange
Being a Continuation of the History of Robert Orange",0.8580877931449189,0.875724065297525,0.00014689356295040425,0.0008784130018703738,0.49038218540913386
28043,Ships in Harbour,0.7763078773301263,0.8171990171990172,0.0004515348930101096,0.0007686793943206012,0.46690902764287023
28173,"Three Young Pioneers
A Story of the Early Settlement of Our Country",0.5892964521948286,0.7085641244141457,0.00039364580416265967,0.00046953265510775753,0.31552988030899987
28228,The Battle with the Slum,0.8214070956103428,0.8484693877551021,0.00027931485368894605,0.0007662440559119181,0.46099188193265894
28275,"Harper's Young People, December 30, 1879
An Illustrated Weekly",0.9128081779915815,0.9198008849557522,7.453220189109181e-05,0.0010127391960225499,0.5415043029754867
28314,The Yellow Fairy Book,0.8947684906794949,0.9047878128400435,0.0001751144937635361,0.001079943154348912,0.5657788860425539
28331,"The Young Ranchers; Or, Fighting the Sioux",0.6049308478653037,0.7168103448275862,0.00039654025860503216,0.00047634581146731444,0.32244444227862995
28360,"Punch, or the London Charivari, Vol. 147, October 14, 1914",0.8280216476247746,0.8532580810672139,0.00018452147070124671,0.0007775417517761825,0.454942176356702
28436,A Handbook of the English Language,0.43114852675886955,0.6374089689536221,0.0009370796257180961,0.0003803725632707046,0.3149832854580734
28505,The Third Degree: A Narrative of Metropolitan Life,0.6584485868911606,0.7450716845878136,0.0006823676347893163,0.0005443000595885937,0.3929302143596181
28538,A Bookful of Girls,0.7251954299458809,0.7840641206977841,0.00046962523327493777,0.0006492095164767651,0.4176962071336987
28630,"The Atlantic Monthly, Volume 20, No. 122, December, 1867
A Magazine of Literature, Science, Art, and Politics",0.9645219482862297,0.9657375145180023,1.4472272211862488e-05,0.0014490630406344901,0.6807458012511327
28719,"Fishing in British Columbia
With a Chapter on Tuna Fishing at Santa Catalina",0.38184004810583283,0.6179858788554441,0.0006961162933905857,0.0003686271769891399,0.26974462113257747
28726,The Boy Scouts Book of Stories,0.9085989176187613,0.9162534435261708,0.00015847138071989426,0.0011058359403264338,0.5767211926612157
28803,The Works of Mark Twain: An Index of all Project Gutenberg Editions,0.6921226698737222,0.7645977011494253,0.0002887218306266566,0.0005595518177010303,0.3592700925444062
28931,In the Musgrave Ranges,0.4101022248947685,0.6287334593572779,0.0006389508181537289,0.00033171526649550227,0.2589658477210691
28961,Cuore (Heart): An Italian Schoolboy's Journal,0.894167167769092,0.9042958129418162,7.742665633346432e-05,0.0010408240364849037,0.542309060031958
28981,"Adventures in the Rifle Brigade, in the Peninsula, France, and the Netherlands
from 1809 to 1815",0.8653036680697535,0.881293057763646,0.00020840071985081982,0.0009627851106594151,0.5248382069571902
28997,"Great Men and Famous Women, Vol. 7
A series of pen and pencil sketches of the lives of more than 200 of the most prominent personages in History",0.9055923030667469,0.9137362637362637,0.00012880322268557615,0.001171808731409328,0.5906687364459462
29207,"Cleo The Magnificent; Or, The Muse of the Real: A Novel",0.7077570655441973,0.7738483015355979,0.0003249025111563129,0.0006773615138039912,0.40235323751537677
29404,The Very Small Person,0.782922429344558,0.8216403162055336,0.0004088416899851153,0.0008818074137741597,0.49623926404252183
29405,The Gods of Mars,0.5478051713770294,0.6886128364389233,0.0005832325701380582,0.00042469438662410516,0.3145975150702659
29413,The Voyages and Adventures of Captain Hatteras,0.4119061936259772,0.6294473883421651,0.0004819266646550209,0.0003300725040144802,0.23955848717073167
29477,"The Universal Reciter
81 Choice Pieces of Rare Poetical Gems",0.8911605532170777,0.9018438177874186,0.00013459213157032115,0.0011198809793165321,0.5707353850125024
29515,The Battle of the Bays,0.8328322309079976,0.8567748583204534,0.0003031941028385191,0.0007602079844240561,0.4664192133141399
29621,Wild Justice: Stories of the South Seas,0.8659049909801564,0.8817603393425238,0.00011071288242074804,0.0010383034309420626,0.5345740895113216
29686,"The Fiery Totem
A Tale of Adventure in the Canadian North-West",0.6566446181599519,0.7444046553267681,0.0005390921398918777,0.0006702251123650308,0.4107706845734268
29809,"Astounding Stories of Super-Science, May, 1930",0.6145520144317499,0.7217881944444444,0.001180213798877386,0.0004962619874132138,0.42767343847160416
29860,A Great Man: A Frolic,0.7570655441972339,0.8045476536042574,0.00030102326200673974,0.0007925357909869116,0.4485505692663627
29939,The Chinese Fairy Book,0.8352375225496091,0.858544140423335,0.0003220080567139404,0.0008351779776126531,0.49104016298704045
29993,Poems,0.8568851473241131,0.8748027354024198,0.00023010912816861357,0.0009925643291725302,0.5327884231807791
30185,London Lyrics,0.7306073361395069,0.7877783041212696,0.00044429875690417837,0.0006465576271030525,0.4157231673319983
30433,"Émile; Or, Concerning Education; Extracts",0.8899579073962718,0.9008667388949079,0.00017077281209997735,0.0010327172799426039,0.5498339797480716
30532,"Astounding Stories, May, 1931",0.799158147925436,0.8327491236855283,0.0003220080567139404,0.000714041018754926,0.4433374682039214
30577,Told in the Coffee House: Turkish Tales,0.5207456404088996,0.6760162601626016,0.00033069142004105785,0.000515881284336783,0.30208941233388276
30578,Wunpost,0.5129284425736621,0.6719191919191919,0.0005984284559605139,0.0004202121073962335,0.3055271955734519
30594,"Notes and Queries, Number 215, December 10, 1853
A Medium of Inter-communication for Literary Men, Artists, Antiquaries, Genealogists, etc.",0.7973541791942274,0.8315,0.00035167621474825844,0.0008110518362008495,0.474058248208838
30657,"Sovereign Grace: Its Source, Its Nature and Its Effects",0.7282020444978954,0.7859168241965974,0.00019971735652370235,0.0007560729518560655,0.41587470182934416
30700,"The Works of Robert Louis Stevenson - Swanston Edition, Vol. 04",0.8875526157546603,0.898918918918919,6.295438412160183e-05,0.0009541804929203469,0.5131423303575003
30733,The Fate of Felix Brand,0.7642814191220686,0.8092457420924575,0.00021129517429319233,0.0008258423574759433,0.4494386919557046
30939,"The Works of Robert Louis Stevenson - Swanston Edition, Vol. 12",0.8592904389657247,0.8766473379019505,0.00014038104045506613,0.0009066893867786072,0.4981122938916245
31019,Four Ghost Stories,0.8442573662056525,0.8652445369406868,0.000162813062383453,0.0008326201115064747,0.4740288019522537
31031,"Guy Fawkes; Or, A Complete History Of The Gunpowder Treason, A.D. 1605",0.5772699939867709,0.7028740490278952,0.00030391771644911223,0.0005290531897196501,0.31813931891910724
31086,"""And they thought we wouldn't fight""",0.8713168971737824,0.8859882791688866,0.00023083274177920668,0.0009500598846439212,0.5263043742273374
31091,Cedar Creek: From the Shanty to the Settlement. A Tale of Canadian Life,0.7997594708358389,0.8331663326653307,0.0002923398986796223,0.0007275582639579026,0.44374860814340067
31139,The Plow-Woman,0.6542393265183404,0.7430741733690795,0.00024964669565462794,0.0006079341125908742,0.35652249636021127
31167,"The Old Willow Tree, and Other Stories",0.6584485868911606,0.7454056476916181,0.0002424105595486967,0.0006720380839048238,0.375215077655102
31366,A Little Dusky Hero,0.6097414311485267,0.7189796800691742,0.000599152069571107,0.0005228088215370233,0.3620067142165733
31395,Railway Adventures and Anecdotes: Extending over More Than Fifty Years,0.8526758869512929,0.8715932914046122,0.00021201878790378544,0.0008602624043749741,0.4911762284489559
31455,"Harper's New Monthly Magazine, Vol. 2, No. 8, January, 1851",0.9765484064942875,0.9770857814336075,9.406976937710617e-05,0.0015956182883253816,0.7377935605265555
31642,Eyes Like the Sea: A Novel,0.9146121467227902,0.9213296398891967,7.308497466990557e-05,0.0011665611621107452,0.5859892141659906
31677,Studies in Contemporary Biography,0.8725195429945881,0.8869333333333334,0.0001302504499067624,0.001063882809018366,0.5468560607208828
31699,"""Bring Me His Ears""",0.6560432952495491,0.7440715883668904,0.0005108712090787458,0.0006317282127972203,0.3961118450507569
31710,The Hills and the Vale,0.8869512928442574,0.8984332793084819,0.0002337271962215792,0.0011516491798567437,0.5903671051852273
31726,Poems and Ballads of Heinrich Heine,0.6452194828622971,0.738126941855304,0.0002923398986796223,0.0008610475543645952,0.4313336599633092
31813,Checkers: A Hard-luck Story,0.561034275405893,0.6943632567849687,0.00025326476370759354,0.0004414557324565276,0.2821049080705117
31857,Strangers and Wayfarers,0.8358388454600121,0.8589876033057852,0.0002431341731592898,0.0009284521100517587,0.5081595928798356
31879,Coelebs In Search of a Wife,0.8556825015033073,0.8738833420914346,0.00020840071985081982,0.0009240463842085029,0.510085935068391
31927,The Portal of Dreams,0.9326518340348767,0.9369014084507042,8.466279243939555e-05,0.0011614147410966853,0.5934834019167823
32045,The Boy Scouts in A Trapper's Camp,0.39927841250751656,0.6242492492492493,0.0005796145020850927,0.0003260133812629545,0.24726770756843125
32062,"The Daltons; Or, Three Roads In Life. Volume II (of II)",0.8292242934455804,0.8541345659989728,0.00030102326200673974,0.0007637008124708137,0.46581485835867825
32109,"Tales of the Caravan, Inn, and Palace",0.9037883343355382,0.9122325836533187,0.00023083274177920668,0.001007614536840644,0.5556476806373039
32110,Montezuma: An Epic on the Origin and Fate of the Aztec Nation,0.7215874924834637,0.7822201317027281,0.0003089830117232641,0.0007319837491616568,0.4204575646280827
32119,"The Scrap Book. Volume 1, No. 2
April 1906",0.9603126879134095,0.9618276460381724,2.3879249149573107e-05,0.0013783301822297511,0.6598517698474509
32186,"Tales from ""Blackwood,"" Volume 2",0.9061936259771498,0.914238592633315,7.163774744871931e-05,0.0011631463383017405,0.5813836924023714
32199,"A House-Party, Don Gesualdo, and A Rainy June",0.8033674082982563,0.835678391959799,0.00015847138071989426,0.0007370033428156737,0.43120703660169524
32261,A Frenchman in America: Recollections of Men and Things,0.9236319903788335,0.9290502793296089,4.1969589414401215e-05,0.0011322470907573782,0.5760939547142593
32267,"A Century of English Essays
An Anthology Ranging from Caxton to R. L. Stevenson & the Writers of Our Own Time",0.9741431148526759,0.9747948417350527,8.683363327117493e-05,0.0016960748280385183,0.7645004404688217
32271,"A Struggle for Rome, v. 1",0.582080577269994,0.7049597286986011,0.0003031941028385191,0.000486274935299539,0.3070896398444262
32328,Methods of Authors,0.8376428141912208,0.860320744956027,0.00029451073951140166,0.0008251617856168852,0.48568100040765805
32336,Maid Sally,0.5478051713770294,0.6886128364389233,0.0005173837315740839,0.0005377370820830383,0.33874575994540884
32560,"Gerald Fitzgerald, the Chevalier: A Novel",0.7745039085989176,0.8159960745829244,0.0005803381156956858,0.0006623415542942521,0.45182251714351856
32565,Aletta: A Tale of the Boer Invasion,0.5273601924233313,0.6787755102040817,0.0004819266646550209,0.00038976123798350505,0.28643228050262076
32614,"The Diary of a Resurrectionist, 1811-1812
To Which Are Added an Account of the Resurrection Men in London and a Short History of the Passing of the Anatomy Act",0.7137702946482262,0.777466105656849,0.00019682290208132983,0.0007350464055532277,0.4049501010639601
32736,The Bible Story,0.639807576668671,0.7348652231551038,0.000162813062383453,0.0006936526968561332,0.36580320264110155
32934,The Young Colonists: A Story of the Zulu and Boer Wars,0.7360192423331329,0.791151284490961,0.00033141503365165096,0.0006766273013481093,0.4121599947508543
32935,What a Man Wills,0.8653036680697535,0.881293057763646,0.00011071288242074804,0.0009423514811568357,0.5069448752714767
32976,"Harper's Round Table, May 28, 1895",0.8779314491882141,0.8912111468381565,0.00032707335198809226,0.0008799772872948069,0.5207588917748911
32999,"Harper's Round Table, June 4, 1895",0.921226698737222,0.9269788182831661,0.00014834079017159052,0.0010026831777854724,0.551227824358089
33019,The Green God,0.6289837642814191,0.7293859649122807,0.0007055232703282963,0.0004937319347809396,0.37260543717681555
33040,Bye-Ways,0.772699939867709,0.814796668299853,0.0003726610094554591,0.0007064010636904041,0.4381435781599152
33122,An Impromptu Ascent of Mont Blanc,0.5995189416716777,0.7140403606698154,0.00030970662533385727,0.0005603738468643489,0.33415217634728933
33336,"The Welsh and Their Literature
from The London Quarterly Review, January 1861, American Edition",0.5676488274203247,0.6981528127623845,0.000500017004919849,0.00046847637910206414,0.3223411754874338
33411,A critical history of Greek philosophy,0.4990980156343957,0.6662660256410257,0.0004001583266579978,0.00048413190523915897,0.2958228925061193
33413,The Story of Books,0.613950691521347,0.721475054229935,0.0004008819402685909,0.0005674917848417069,0.3516319780128758
33490,The Gambler: A Novel,0.6416115453998797,0.7358407079646018,0.000570207525147382,0.0005225836277820672,0.36778938459470445
33597,Our Admirable Betty: A Romance,0.6542393265183404,0.7427422956677088,0.0002764203992465735,0.000589341099961963,0.35439745731509337
33606,The Fairy School of Castle Frank,0.7245941070354781,0.7840641206977841,0.0006027701376240726,0.0006325310831443704,0.4293084528939778
33614,"Encyclopaedia Britannica, 11th Edition, ""Bohemia"" to ""Borgia, Francis""
Volume 4, Slice 2",0.7636800962116657,0.808852140077821,0.00023879249149573106,0.0008883540365879888,0.4704765999093584
33616,The Way of the Gods,0.85207456404089,0.8711367207962284,0.00018813953875421234,0.0009281689921951239,0.5073894111488093
33665,"The Preliminaries, and Other Stories",0.8159951894167168,0.8445911630269172,0.00026846064953004915,0.0007793970027897436,0.4614370546008523
33756,"Village Life in America 1852-1872, Including the Period of the American Civil War
As Told in the Diary of a School-Girl",0.8015634395670476,0.8340020060180542,0.00044212791607239904,0.0007866534966345325,0.4796021883430219
33772,Hawk Eye,0.391461214672279,0.6216822429906542,0.0006910509981164338,0.00042914414646773736,0.28873318016419186
33813,Rodman the Keeper: Southern Sketches,0.9266386049308479,0.9316526610644258,0.00011143649603134116,0.0011409534650882963,0.5884134537234649
33819,"Pictures of German Life in the XVIIIth and XIXth Centuries, Vol. II.",0.8550811785929044,0.8734243697478992,0.0001389338132338799,0.0010073671556036757,0.5250719115672119
33846,The Tent Dwellers,0.6277811184606134,0.7287467134092901,0.0004920572552033246,0.000672522610260623,0.3969475990692961
33859,The Old Riddle and the Newest Answer,0.6548406494287433,0.743406347787215,0.0007482164733532906,0.0006404370527673892,0.42753120019266677
33886,The Wish: A Novel,0.8406494287432351,0.8625518672199171,0.00012373792741142428,0.0008981870180884685,0.48657360276802003
33916,"The Dead Lake, and Other Tales",0.9428743235117258,0.9459613196814562,3.1838998866097476e-05,0.0013326648711498093,0.6402150712646975
33923,Special Method in Primary Reading and Oral Work with Stories,0.6500300661455202,0.7407572383073496,0.0003560178964118172,0.0006748495767489087,0.3874825726711555
33928,"Bel Ami (A Ladies' Man)
The Works of Guy de Maupassant, Vol. 6",0.857486470234516,0.8752631578947369,0.00011650179130549303,0.0008671409163254372,0.4831821117204528
33939,"Sturdy and Strong; Or, How George Andrews Made His Way",0.8388454600120265,0.8612118073537027,6.22307705110087e-05,0.0010146146421585983,0.5115501783643132
33948,"The Hollow Tree Snowed-In Book
Being a continuation of stories about the Hollow Tree and Deep Woods people",0.5935057125676488,0.7109876015391193,0.000541262980723657,0.0006519125634955699,0.3871428646368971
33963,The Valiants of Virginia,0.8286229705351774,0.8536960985626283,0.0004008819402685909,0.0009148221224283842,0.5210694787052249
34027,The Cup of Comus: Fact and Fancy,0.815393866506314,0.8441624365482233,0.0002315563553897998,0.001032069843119334,0.5288085195367492
34115,"Our Battalion
Being Some Slight Impressions of His Majesty's Auxiliary Forces, in Camp and Elsewhere",0.6133493686109441,0.7208495882097963,0.0004898864143715452,0.0005258620583698675,0.3504425411097114
34120,"Farthest North, Vol. II
Being the Record of a Voyage of Exploration of the Ship 'Fram' 1893-1896",0.5592303066746843,0.6940734557595993,0.0005275143221223877,0.00046657619221001615,0.3228415206736068
34139,Real Gold: A Story of Adventure,0.3938665063138906,0.6221473999251778,0.0003560178964118172,0.00032824090505737896,0.2189806688983904
34160,"Lives of Eminent Zoologists, from Aristotle to Linnæus
with Introductory remarks on the Study of Natural History",0.7221888153938666,0.7825882352941177,0.00016208944877285988,0.0008293851501556714,0.43033130653558915
34177,The Idyl of Twin Fires,0.8376428141912208,0.860320744956027,0.00016787835765760486,0.0008736754997068168,0.4839010537472541
34189,Food Poisoning,0.30066145520144316,0.5884642604387827,0.0016201708741180056,0.0002946718605106647,0.3436082721273306
34215,Shadowings,0.58749248346362,0.707960834397616,0.0003885805088885078,0.0005890042202786066,0.34861217426753505
34216,Notes of a staff officer of our First New Jersey Brigade on the Seven Day's Battle on the peninsula in 1862,0.5231509320505111,0.6771172638436482,0.0002489230820440348,0.0004819779481133188,0.28296353568988064
34271,Is Polite Society Polite? and Other Essays,0.8851473241130488,0.8969795037756203,0.00018958676597539858,0.0010558240422138395,0.5568418048688977
34283,History of Modern Philosophy,0.5375826819001804,0.6837993421052632,0.0003523998283588516,0.0005353479546499828,0.314893160133159
34306,"Fighting in Cuban Waters; Or, Under Schley on the Brooklyn",0.6578472639807577,0.7450716845878136,0.00032779696559868536,0.0005571706848833928,0.35277409983138364
34394,"The Boy Scouts of Bob's Hill
A Sequel to 'The Bob's Hill Braves'",0.6001202645820806,0.7137339055793992,0.00042910287108172276,0.0005067604522581426,0.3335322967398564
34454,The Secret Trails,0.7582681900180397,0.8053268765133171,0.0005202781860164565,0.0008587285494641387,0.49492382407976043
34515,"Lady Daisy, and Other Stories",0.7306073361395069,0.7877783041212696,0.0002706314903618285,0.0007816225341716459,0.4328498607653254
34558,Defending the Island: A story of Bar Harbor in 1758,0.7324113048707156,0.788899430740038,0.0006215840914994939,0.0006155380672711348,0.4293451035749599
34571,"The Pearl Story Book: Stories and Legends of Winter, Christmas, and New Year's Day",0.8400481058328323,0.8621047174701918,0.00020840071985081982,0.0010835333932119643,0.5497214336102846
34668,The Young Yagers: A Narrative of Hunting Adventures in Southern Africa,0.49609140108238126,0.6649340263894442,0.0006707898170198263,0.00039968959507267685,0.3043258342757142
34842,"Greek Sculpture
A collection of sixteen pictures of Greek marbles with introduction and interpretation",0.5730607336139507,0.7008006742520017,0.0003068121708914848,0.0006003427882666596,0.3376637630372986
34852,Moonshine & Clover,0.8033674082982563,0.835678391959799,0.0003031941028385191,0.0008425964813618614,0.4792219703485531
34858,The Ordeal of Richard Feverel: A History of a Father and Son,0.7588695129284426,0.8057170542635659,0.00039509303138384594,0.0007290918822988651,0.44265963526462215
34901,On Liberty,0.7113650030066145,0.7760149323378441,0.00029451073951140166,0.0009454822923828713,0.476318216097183
34902,Basque Legends; With an Essay on the Basque Language,0.7534576067348167,0.8022190062711047,0.00036904294140249343,0.000670604037750974,0.4209124105592618
34912,"Woman in Science
With an Introductory Chapter on Woman's Long Struggle for Things of the Mind",0.7720986169573061,0.8143976493633692,0.0006526994767549982,0.0009158877720810497,0.5323196493167845
34957,The children of Alsace,0.6307877330126278,0.730346947738252,0.0002879982170160635,0.0005115079318862161,0.3266757317154169
34977,Dutch and English on the Hudson: A Chronicle of Colonial New York,0.6927239927841251,0.764949402023919,0.0005282379357329809,0.0006415799592465733,0.4124482088497943
35058,"Dilemmas of Pride, (Vol 3 of 3)",0.6422128683102827,0.7364924712134633,0.0004558765746736684,0.000511131851322301,0.3507057696403557
35088,"Vermont riflemen in the war for the union, 1861 to 1865
A history of Company F, First United States sharp shooters",0.6271797955502105,0.7284275076653526,0.0003176663750503816,0.0006531150423422469,0.36970059632746444
35095,The century of Columbus,0.778111846061335,0.8184055118110236,0.00023806887788513793,0.0008794272110529378,0.47280491425455473
35105,Shakespeare's England,0.8286229705351774,0.8536960985626283,0.00024964669565462794,0.0008494057749897248,0.4837222201888085
35116,Saint Michael: A Romance,0.5832832230907998,0.7055579126007637,0.00041680143970163964,0.0004547627922845179,0.31245771108976456
35123,"The Ladies' Book of Etiquette, and Manual of Politeness
A Complete Hand Book for the Use of the Lady in Polite Society",0.9031870114251354,0.9117324561403509,0.00012952683629616926,0.0010245864088551518,0.5477438146817564
35159,An Essay on Criticism,0.6782922429344558,0.7565969062784349,0.00036904294140249343,0.0006503874061875244,0.39078361304384873
35169,"Encyclopaedia Britannica, 11th Edition, ""Electrostatics"" to ""Engis""
Volume 9, Slice 3",0.7739025856885148,0.8155958803334968,0.0005579060937672989,0.0009667258930057828,0.5357560080373733
35186,A Round Dozen,0.7678893565844859,0.8116154221571499,0.0001932048340283642,0.0007937158111185515,0.43926732446499994
35187,Dream Days,0.883944678292243,0.8960129310344828,7.815026994405744e-05,0.0009419521755769942,0.5100958834141609
35208,"On Canada's Frontier
Sketches of History, Sport, and Adventure and of the Indians, Missionaries, Fur-traders, and Newer Settlers of Western Canada",0.8683102826217679,0.8836344314558979,0.0004146305988698603,0.0009273207684510642,0.5413328953597372
35229,The Alpine Fay: A Romance,0.5508117859290439,0.6900414937759336,0.0006317146820477976,0.00042049295642046286,0.32021219015408603
35233,"The Streets of Ascalon: Episodes in the Unfinished Career of Richard Quarren, Esqre.",0.8292242934455804,0.8541345659989728,0.0001780089482059086,0.0009432629826787611,0.5018995652368793
35238,The Grandchildren of the Ghetto,0.6800962116656645,0.7572859744990893,0.0004377862344088403,0.0005516463876408409,0.37151246667107024
35353,"The Riverside Bulletin, March, 1910
Houghton Mifflin Company Books for Spring and Summer",0.639807576668671,0.7351900972590628,0.0005260670949012014,0.0005762605957679408,0.3772445963949879
35418,Lewis Carroll in Wonderland and at Home: The Story of His Life,0.7757065544197235,0.8167976424361493,0.0005586297073778921,0.0007633753822996496,0.4784066207448858
35420,"A System of Logic: Ratiocinative and Inductive, 7th Edition, Vol. I",0.608538785327721,0.7186689714779603,0.00033141503365165096,0.0006774125105361795,0.3728634294769996
35441,"The Dodd Family Abroad, Vol. I",0.920625375826819,0.9264623955431754,5.788908884744995e-05,0.0011130601013934307,0.5713276617963351
35442,"The Dodd Family Abroad, Vol. II",0.9176187612748046,0.9238888888888889,2.6773703591945603e-05,0.0010808804479623105,0.5570506867729712
35485,The Doctor's Wife: A Novel,0.7185808779314492,0.7800187617260788,0.0001751144937635361,0.0006620321534460933,0.3828473684985803
35494,Fine Books,0.4720384846662658,0.6544667453758363,0.00046094186994782025,0.0004287912545715087,0.280446334107891
35504,"Miss Maitland, Private Secretary",0.7684906794948888,0.81201171875,0.00034444007864232724,0.0007773374971368454,0.4534661974151516
35516,The Man Without a Memory,0.8707155742633794,0.8855165069222577,0.0003647012597389347,0.000971149375370765,0.5486173818022254
35528,"The Secret of the Sands; Or, The ""Water Lily"" and her Crew",0.8382441371016236,0.8607660455486542,0.00021780769678853045,0.0008265286899513154,0.4768269760579453
35659,Voyages from Montreal Through the Continent of North America to the Frozen and Pacific Oceans in 1789 and 1793. Vol. II,0.7017438364401684,0.7702640111162575,0.0005586297073778921,0.0006774971465423995,0.42931954358577784
35669,The Falls of Niagara and Other Famous Cataracts,0.7799158147925437,0.8196155741744702,0.00026556619508767666,0.0008492336618683198,0.46820479647810875
35719,"The History of the Five Indian Nations of Canada
Which are dependent on the Province of New-York, and are a barrier between the English and the French in that part of the world",0.5550210463018641,0.6917637271214643,0.00047830859660205524,0.0004975308885235215,0.32433141558125456
35739,"The American Quarterly Review, No. 18, June 1831 (Vol 9)",0.8749248346361996,0.8888295029396045,6.295438412160183e-05,0.0012386043940911511,0.5893755147332963
35796,I Walked in Arden,0.629585087191822,0.7297060114085125,0.0007482164733532906,0.0005149170067672096,0.38410301687724663
35836,The Bail Jumper,0.7227901383042694,0.7829566854990584,0.00039292219055206656,0.000594842194975366,0.3920536701357995
35851,"An Old Story of My Farming Days Vol. 3 (of 3).
(Ut Mine Stromtid)",0.5484064942874324,0.6886128364389233,0.0004182486669228259,0.00043544143731454016,0.2973613664527859
35894,"Practical Politics; or, the Liberalism of To-day",0.8087793144918822,0.839475012619889,0.00018235062986946736,0.001031197547174136,0.5200961781619899
35902,"Final Proof; Or, The Value of Evidence",0.8135898977751053,0.8428788646730867,0.00030391771644911223,0.0009400440247551576,0.5108116389441214
35925,"Encyclopaedia Britannica, 11th Edition, ""Foraminifera"" to ""Fox, Edward""
Volume 10, Slice 6",0.7630787733012628,0.808458920758386,0.0002105715606825992,0.0008771281587094262,0.46358242756800017
35926,"The Girl from Alsace
A Romance of the Great War, Originally Published under the Title of Little Comrade",0.5688514732411305,0.6984460310793784,0.0003972638722156253,0.00044481572756462155,0.30313129245213943
35960,The Lure of the Camera,0.9236319903788335,0.9290502793296089,6.51252249533812e-05,0.0011041528098152458,0.570930665085797
35997,The Jungle Book,0.31629585087191825,0.5935046395431834,0.0006526994767549982,0.0002697821311580759,0.2205138405092189
36048,"Martine's Hand-book of Etiquette, and Guide to True Politeness",0.8773301262778113,0.8907337975361542,0.0001599186079410805,0.0009692685026486633,0.5253839289767374
36071,"Hesperus; or, Forty-Five Dog-Post-Days: A Biography. Vol. I.",0.820204449789537,0.8476044852191641,0.0003169427614397885,0.000805476517276993,0.4763997775772609
36122,The Winning of the Golden Spurs,0.6957306073361396,0.7667127708621485,0.0006114535009511901,0.0006189649166073553,0.4172151998024092
36124,"The International Monthly, Volume 4, No. 1, August, 1851",0.9729404690318701,0.9736533957845434,4.8482111909739336e-05,0.001590035444058023,0.728948905333651
36246,Told in the Hills: A Novel,0.7588695129284426,0.8057170542635659,0.0003075357845020779,0.000678912289205208,0.4175235513776867
36312,Witchcraft of New England Explained by Modern Spiritualism,0.7708959711365003,0.8136007827788649,0.0002597772862029317,0.00080709526657848,0.45233837834105106
36314,The Radio Boys Rescue the Lost Alaska Expedition,0.5622369212266988,0.6949435854575846,0.0009341851712757237,0.0004651369928180669,0.3732569909095504
36330,A Word to Women,0.8851473241130488,0.8969795037756203,8.683363327117493e-05,0.0011630629926285302,0.574777311873795
36340,"From Chart House to Bush Hut
Being the Record of a Sailor's 7 Years in the Queensland Bush",0.8671076368009621,0.8826963906581741,0.00035963596446478285,0.0009168662563686664,0.5310933624638002
36490,A Reconstructed Marriage,0.5754660252555622,0.7013918177983973,0.0004356153935770609,0.0004735544368414842,0.31782405939698066
36496,"On the cattle plague: or, Contagious typhus in horned cattle. Its history, origin, description, and treatment",0.5351773902585689,0.6826765188834154,0.00041028891720630155,0.0005783531501349216,0.33366215731079574
36530,"Blackwood's Edinburgh Magazine, Volume 60, No. 372, October 1846",0.9500901984365605,0.9524627720504009,0.000128079609074983,0.0012476515050527726,0.6309350868430125
36537,"Punch, or the London Charivari, Vol. 93., October 1, 1887",0.799158147925436,0.8327491236855283,0.0004341681663558746,0.0006938533573465097,0.451418788954286
36547,"The Seven Follies of Science [2nd ed.]
A popular account of the most famous scientific impossibilities and the attempts which have been made to solve them. To which is added a small budget of interesting paradoxes, illusions, and marvels",0.7955502104630187,0.8302546180728907,0.000256159218149966,0.0008249514071797354,0.46559646601546667
36559,Legends of The Kaw: The Folk-Lore of the Indians of the Kansas River Valley,0.751653638003608,0.8010597302504817,0.00018958676597539858,0.0008530246855294021,0.45023783427159714
36593,Fordham's Feud,0.6608538785327721,0.7467444993264482,0.00042186673497579156,0.0005190580025377788,0.35442287652286864
36597,"Three in Norway, by Two of Them",0.6674684305472038,0.7504512635379061,0.0008220250616337893,0.0005691064314323528,0.4201410005070755
36599,Golden Face: A Tale of the Wild West,0.9019843656043296,0.9107338444687842,0.00010637120075718929,0.0010137232301545781,0.5412957914042156
36623,Dorrien of Cranston,0.709561034275406,0.7745691662785282,0.00031549553421860224,0.0005881220495783917,0.3761595060226257
36633,"King Eric and the Outlaws, Vol. 3
or, the Throne, the Church, and the People in the Thirteenth Century.",0.6392062537582682,0.7345406360424028,0.00031549553421860224,0.0005841557713336048,0.3532063519882519
36768,Triumphs of Invention and Discovery in Art and Science,0.8689116055321708,0.8841041998936736,7.308497466990557e-05,0.0010980682672965517,0.5481575749834732
36778,Twenty-Five Years in the Rifle Brigade,0.8562838244137102,0.8743427970557308,9.117531493473368e-05,0.0009900336647422046,0.5146857867413406
36788,Critical Studies,0.8971737823211064,0.9067611777535441,4.341681663558747e-05,0.0012356114561187684,0.5949363179187374
36802,"The Romance of Polar Exploration
Interesting Descriptions of Arctic and Antarctic Adventure from the Earliest Time to the Voyage of the ""Discovery""",0.7227901383042694,0.7829566854990584,0.0004913336415927315,0.0007848852618824654,0.4584645993316201
36809,"Crying for the Light; Or, Fifty Years Ago. Vol. 2 [of 3]",0.8304269392663861,0.855012853470437,0.00018090340264828112,0.0007940176856120222,0.46008702972191046
36810,"Crying for the Light; Or, Fifty Years Ago. Vol. 3 [of 3]",0.9037883343355382,0.9122325836533187,6.584883856397432e-05,0.001008555321773615,0.5355500663092837
36864,School Reading by Grades: Sixth Year,0.931449188214071,0.935846933033202,9.334615576651305e-05,0.0012959291691345093,0.6324546956205856
36951,Jock of the Bushveld,0.6999398677089598,0.769195189639223,0.0004486404385677371,0.0006148446589883402,0.3972779898710411
36975,The Lost Heir,0.6885147324113049,0.7624942686840899,0.0004493640521783303,0.0006067691171135988,0.39144471473417747
37017,The Comforts of Home,0.7739025856885148,0.8155958803334968,0.0001837978570906536,0.0006584695139475562,0.40155879793432026
37090,Our Knowledge of the External World as a Field for Scientific Method in Philosophy,0.5472038484666266,0.6883278145695364,0.0005600769345990783,0.0005397686713623832,0.344430407668374
37112,"Life in the Confederate Army
Being Personal Experiences of a Private Soldier in the Confederate Army, and Some Experiences and Sketches of Southern Life",0.8550811785929044,0.8734243697478992,0.00014689356295040425,0.0009891512486395052,0.520853338534949
37115,"The Moral and Intellectual Diversity of Races
With Particular Reference to Their Respective Influence in the Civil and Political History of Mankind",0.7606734816596513,0.8068898592916061,0.0002076771062402267,0.0010053828146038266,0.4990261566189881
37153,Queen Victoria,0.804570054119062,0.8365191146881288,0.00021997853762030983,0.0007871539751608336,0.4535493035182307
37182,Colorado—The Bright Romance of American History,0.7877330126277812,0.8249007936507936,0.00026773703591945604,0.0007972118154399248,0.45634962272825474
37222,Insanity: Its Causes and Prevention,0.6626578472639808,0.747751798561151,0.0003647012597389347,0.0008244997687904559,0.4351309182774301
37236,The Tigress,0.6644618159951895,0.7484248424842485,0.0004689016196643446,0.000576784660275265,0.377694572183659
37242,Stories and Pictures,0.8953698135898979,0.9052803483941209,0.00013531574518091426,0.0010173501439019142,0.5432353676770008
37260,The Outspan: Tales of South Africa,0.8737221888153939,0.8878804057661506,0.00019899374291310922,0.0009298541055627342,0.5175420518978404
37311,"The Journal, with Other Writings of John Woolman",0.8220084185207457,0.8489025012761613,0.00018813953875421234,0.001014079386326727,0.5207205711359122
37314,"The Bradys After a Chinese Princess; Or, The Yellow Fiends of 'Frisco",0.5213469633193025,0.6757415684681024,0.0005919159334651757,0.00039675983393727774,0.3002845588551263
37353,Stories of Great Musicians,0.5646422128683103,0.6963986599664992,0.0005043586865834077,0.00048414926525973965,0.32640376715543346
37419,Simon Eichelkatz; The Patriarch. Two Stories of Jewish Life,0.7402285027059531,0.7937947494033413,0.0004233139621969778,0.0006230067533842194,0.40959050683358006
37472,Zanzibar Tales: Told by Natives of the East Coast of Africa,0.5748647023451594,0.7013918177983973,0.0003683193277919003,0.00047362534034916956,0.3094755236948904
37509,The Cassowary; What Chanced in the Cleft Mountains,0.9446782922429345,0.9475783475783476,4.7034884688553085e-05,0.0011999217480045373,0.604964318171614
37516,"Notes and Queries, Vol. III, Number 87, June 28, 1851
A Medium of Inter-communication for Literary Men, Artists, Antiquaries, Genealogists, etc.",0.6157546602525557,0.7224152910512598,0.0004414043024618059,0.0006849059932825147,0.39068730818128217
37581,The Cricket on the Hearth: A Fairy Tale of Home,0.7203848466626579,0.7814849624060151,0.00029451073951140166,0.0006283246639554918,0.3886818563901452
37645,"The works of John Dryden, now first collected in eighteen volumes. Volume 03",0.6422128683102827,0.7361664453297919,0.00032996780643046474,0.000587438561818485,0.3568317128662314
37669,"In the Arctic Seas
A Narrative of the Discovery of the Fate of Sir John Franklin and his Companions",0.7203848466626579,0.7814849624060151,0.00033358587448343034,0.0006769299202734274,0.40738360813247587
37672,From School to Battle-field: A Story of the War Days,0.5850871918220084,0.7064570943075617,0.0005448810487766227,0.0004628260678132423,0.3310836661549778
37818,Sketch of the life of Abraham Lincoln,0.7251954299458809,0.784433962264151,0.00024385778676988293,0.0006648149431155336,0.3944175392222735
37845,"A Book of Irish Verse
Selected from modern writers, with an introduction and notes by W. B. Yeats",0.8135898977751053,0.8428788646730867,0.0002257674465050548,0.0008689110218108447,0.4808539990247258
37848,Old English Chronicles,0.7684906794948888,0.81201171875,0.0001005822918724443,0.0009210915583977707,0.46440930672263764
37864,"Know the Truth: A Critique on the Hamiltonian Theory of Limitation
Including Some Strictures Upon the Theories of Rev. Henry L. Mansel and Mr. Herbert Spencer",0.698737221888154,0.7684842883548983,0.00023951610510632417,0.0007152441353920702,0.3997470314088949
37883,"Steve P. Holcombe, the Converted Gambler: His Life and Work",0.6758869512928443,0.7552225249772934,0.0004566001882842615,0.000568977376093788,0.37759899708542627
37974,"Diana Tempest, Volume II",0.815393866506314,0.8441624365482233,0.0002843801489630979,0.0007714362152302529,0.4609110454761305
38099,Mistakes of Moses,0.7913409500901984,0.827363184079602,0.00015485331266692863,0.0008387048563489861,0.45553094188033605
38100,"Ancient Faiths And Modern
A Dissertation upon Worships, Legends and Divinities in Central and Western Asia, Europe, and Elsewhere, Before the Christian Era. Showing Their Relations to Religious Customs as They Now Exist.",0.8015634395670476,0.8344204716507777,0.00036542487334952783,0.000920558010820548,0.5085200796905314
38203,A Trip to Cuba,0.9140108238123873,0.9208194905869325,8.249195160761619e-05,0.0009895770221144172,0.536368597363559
38291,"A Witch of the Hills, v. 1 [of 2]",0.9043896572459411,0.9127332601536773,5.64418616262637e-05,0.0011314898327338056,0.5697345305103241
38294,Henrietta Maria,0.6885147324113049,0.7624942686840899,0.0003400983969787685,0.0007123582679324522,0.40810522715705755
38331,"Frédérique, vol. 1",0.7053517739025857,0.7720519962859795,0.000680196793957537,0.0006564006294643959,0.43932486733067333
38346,"Sunday-School Success
A Book of Practical Methods for Sunday-School Teachers and Officers",0.6849067949488876,0.7604023776863283,0.0006324382956583907,0.0007185779826194013,0.4448353586663224
38351,A trip to California in 1853,0.7113650030066145,0.7760149323378441,0.0007655832000075256,0.0007093219666334744,0.46703875120865646
38373,Liberty in the Nineteenth Century,0.7456404088995792,0.7972195589645255,0.00017439088015294298,0.0008581078767363588,0.447795313688338
38393,"The Fourth Estate, vol. 1",0.8027660853878533,0.8352586639879458,0.0003017468756173329,0.000701425018259689,0.43852003464655465
38408,The Captive in Patagonia,0.9019843656043296,0.9107338444687842,0.00015051163100336987,0.0011591342282004703,0.5882635883654705
38413,The King of Schnorrers: Grotesques and Fantasies,0.7714972940469033,0.8139990210474792,0.00042186673497579156,0.0006644183652866528,0.4318160403506102
38456,"Narrative of the Circumnavigation of the Globe by the Austrian Frigate Novara, Volume I
(Commodore B. Von Wullerstorf-Urbair,) Undertaken by Order of the Imperial Government in the Years 1857, 1858, & 1859, Under the Immediate Auspices of His I. and R. Highness the Archduke Ferdinand Maximilian, Commander-In-Chief of the
Austrian Navy.",0.8634996993385449,0.8798941798941798,0.0003017468756173329,0.0010246207069025636,0.5533214073597621
38471,"Dick Randall, the Young Athlete",0.5736620565243536,0.7005054759898904,0.0005644186162626371,0.000501341157172761,0.3411495643241942
38478,"Narrative of the Circumnavigation of the Globe by the Austrian Frigate Novara, Volume III
(Commodore B. Von Wullerstorf-Urbair,) Undertaken by Order of the Imperial Government in the Years 1857, 1858, & 1859, Under the Immediate Auspices of His I. and R. Highness the Archduke Ferdinand Maximilian, Commander-In-Chief of the
Austrian Navy.",0.8141912206855082,0.8433062880324543,0.0002315563553897998,0.0008626554322470827,0.4800001236723265
38479,The Freedmen's Book,0.9164161154539988,0.9228634850166482,0.00010202951909363054,0.0010571289082256024,0.5590611648821766
38491,"Notes and Queries, Vol. IV, Number 98, September 13, 1851
A Medium of Inter-communication for Literary Men, Artists, Antiquaries, Genealogists, etc.",0.5562236921226699,0.6926280716368179,0.000651252249533812,0.0006298181716488388,0.3838907816636601
38517,"The Front Yard, and Other Italian Stories",0.8484666265784727,0.8684073107049608,0.00010420035992540991,0.0008865676750284109,0.48378305497814095
38545,The Pilot's Daughter: an account of Elizabeth Cullingham,0.8478653036680698,0.8679540709812108,0.00022070215123090294,0.0009910467363493942,0.5277690908322908
38557,"""Granny's Chapters"" (on scriptural subjects)
The New Testament, with a Sketch of the Subsequent History of the Jews.",0.6704750450992183,0.7521483491632746,0.0002749731720253873,0.0006978727208740575,0.39030481773021886
38636,"Donahoe's Magazine, Volume 15, No. 3, March 1886",0.9110042092603728,0.9182771949199338,0.0002192549240097167,0.0011041170344695548,0.5847191604585034
38645,Minstrel Weather,0.677690920024053,0.7562528422010004,0.0009255018079486061,0.0006465919123602,0.45820406250305135
38654,Great opera stories,0.6620565243535779,0.7474157303370786,0.0003697665550130866,0.0005786335563964242,0.3653701794472004
38665,The Courtship of Morrice Buckler: A Romance,0.873120865904991,0.8874066168623266,9.479338298769929e-05,0.0009309278331179747,0.5047511387695205
38773,"Notes and Queries, Vol. IV, Number 102, October 11, 1851
A Medium of Inter-communication for Literary Men, Artists, Antiquaries, Genealogists, etc.",0.6289837642814191,0.7293859649122807,0.0003856860544461353,0.0006895517423130686,0.38903559648963243
38811,"The Works of Robert G. Ingersoll, Vol. 11 (of 12)
Dresden Edition—Miscellany",0.8725195429945881,0.8869333333333334,7.887388355465056e-05,0.0011000653375026594,0.5508450747719688
38816,Poor Relations,0.8328322309079976,0.8567748583204534,0.0003827916000037628,0.0008061249251410852,0.4893556083680384
38820,"The Strand Magazine, Vol. 27, No. 161, May 1904",0.9350571256764884,0.9390175042348955,4.269320302499434e-05,0.0011774755266579268,0.593907477976069
38826,Bolanyo,0.815393866506314,0.8441624365482233,0.0002460286276016623,0.0008150516379072001,0.4686302208402138
38870,West African studies,0.8105832832230908,0.8407482305358949,0.00025398837731818665,0.0008981008260459012,0.4915862422746726
38893,Spiritual Adventures,0.9344558027660854,0.9384875846501128,0.00023951610510632417,0.0012507056061987327,0.6388581737228998
38943,"Science and Medieval Thought
The Harveian Oration Delivered Before the Royal College of Physicians, October 18, 1900",0.4576067348165965,0.6483430799220273,0.0005238962540694221,0.00044075503544751025,0.2879202579228995
39013,"North-Pole Voyages
Embracing Sketches of the Important Facts and Incidents in the Latest American Efforts to Reach the North Pole, from the Second Grinnell Expedition to That of the Polaris",0.6368009621166567,0.733568592853992,0.00039581664499443905,0.0005276429759970088,0.3463843429456834
39049,"Old-Time Gardens, Newly Set Forth",0.6656644618159953,0.7494366831906264,0.00031404830699741597,0.0006911582150776757,0.3917284613791374
39135,"Notes and Queries, Vol. IV, Number 107, November 15, 1851
A Medium of Inter-communication for Literary Men, Artists, Antiquaries, Genealogists, etc.",0.5959110042092604,0.7122055674518202,0.0007778846313876087,0.0006546492282837998,0.41782473485911514
39235,"A Manual of Toy Dogs: How to breed, rear, and feed them",0.5742633794347565,0.7013918177983973,0.00041390698525926715,0.000531692370907596,0.3316213082120938
39246,Heroic Spain,0.7865303668069754,0.8240832507433102,0.00030102326200673974,0.0007902680535912714,0.45805425604620925
39266,Theological Essays,0.7636800962116657,0.808852140077821,0.00021346601512497172,0.0008532624770130734,0.4573305754832911
39297,The red cockade,0.782922429344558,0.8216403162055336,0.00023806887788513793,0.0007371500080680624,0.43385466035952347
39305,"The Memoirs of Jacques Casanova de Seingalt, Vol. V (of VI), ""In London and Moscow""
The First Complete and Unabridged English Translation, Illustrated with Old Engravings",0.926037282020445,0.931131019036954,4.920572552033246e-05,0.0012371154602714804,0.6079363198168359
39379,"Collins' Illustrated Guide to London and Neighbourhood
Being a Concise Description of the Chief Places of Interest in the Metropolis, and the Best Modes of Obtaining Access to Them: with Information Relating to Railways, Omnibuses, Steamers, &c.",0.7005411906193626,0.7695511337343822,0.0003357567153152097,0.0006753750676125358,0.4008178850159928
39434,Vistas of New York,0.9098015634395671,0.9172642029784887,0.0001866923115330261,0.0012143456789085328,0.6116797768209568
39453,Kit Musgrave's Luck,0.4576067348165965,0.6483430799220273,0.00040160555387918403,0.0003823209387355435,0.25613965233547975
39468,Voices from the Past,0.9356584485868912,0.93954802259887,0.00016208944877285988,0.001106094255881907,0.5885201715914393
39499,Moores Fables for the Female Sex,0.6277811184606134,0.7287467134092901,0.00019971735652370235,0.0007337237632891727,0.37833471308611566
39522,The Rulers of the Mediterranean,0.8502705953096813,0.8697698744769874,0.00036035957807537596,0.0008608207586751908,0.5087351820893851
39554,The House That Grew,0.5550210463018641,0.6920516021639617,0.0003538470555800378,0.0005239474711723927,0.3166152722371537
39568,William Jay and the Constitutional Movement for the Abolition of Slavery,0.44317498496692725,0.6423329470838162,0.0003675957141813072,0.00040672378976057335,0.25523713281544813
39641,Georgina's Service Stars,0.8214070956103428,0.8484693877551021,0.0001751144937635361,0.0007975631360518981,0.4570714762882946
39784,"Mother Goose's Nursery Rhymes
A Collection of Alphabets, Rhymes, Tales, and Jingles",0.7029464822609742,0.770978210477515,0.0008632710374375974,0.0006697133688944407,0.46508707595436455
39790,An American Four-in-Hand in Britain,0.952495490078172,0.9546498277841562,0.00012373792741142428,0.0013205418973372628,0.6522564735774479
39875,Highways and Byways in London,0.8989777510523151,0.9082468596395412,9.18989285453268e-05,0.0010345052660736462,0.544226971326647
39964,"The Positive Outcome of Philosophy
The Nature of Human Brain Work. Letters on Logic.",0.6265784726398076,0.728108581436077,0.00021780769678853045,0.0007227447519382237,0.3770768823868246
41480,"Christmas Evans, the Preacher of Wild Wales
His country, his times, and his contemporaries",0.8340348767288034,0.8576585869004641,0.00024385778676988293,0.0008808085807621762,0.4939752684621034
42715,"Pompeii, Its Life and Art",0.4449789536981359,0.6430781129156999,0.0006469105678702532,0.0003936050438950565,0.2864278005075419
43897,Antoine of Oregon: A Story of the Oregon Trail,0.751653638003608,0.8010597302504817,0.00036180680529656223,0.000690267400477362,0.4250255357046797
47642,"The Strand Magazine, Vol. 27, February 1904, No. 159.",0.9182200841852075,0.9244024458032241,1.8090340264828112e-05,0.0011090527090228664,0.5642718910434291
49115,"Eight Sermons on the Priesthood, Altar, and Sacrifice",0.5911004209260373,0.7097737942808365,0.00023879249149573106,0.0005927460130147582,0.33222156312113743
49217,"The Chautauquan, Vol. 03, May 1883",0.9170174383644017,0.923375902276513,0.00012880322268557615,0.0011259247359569997,0.5822580793225223
50403,"The Chautauquan, Vol. 03, July 1883",0.920625375826819,0.9264623955431754,0.00022359660567327545,0.0011814946669479712,0.6113232184373009
53777,"Cussons' Horncastle Compendium, 1837",0.4786530366806976,0.6573122529644269,0.000500017004919849,0.00041215132898100496,0.2822349094998636
54055,Letters to Children,0.783523752254961,0.8220464656450815,0.0003386511697575822,0.0007559298096470017,0.45184297411083574
56345,The World's Greatest Military Spies and Secret Service Agents,0.873120865904991,0.8874066168623266,0.00010202951909363054,0.0009565451371968684,0.5129588565871717
56346,A Book of American Explorers,0.8634996993385449,0.8798941798941798,0.00030970662533385727,0.0009823284278809026,0.542228351924577
56368,"Alhalla, or the Lord of Talladega: A Tale of the Creek War.
With Some Selected Miscellanies, Chiefly of Early Date.",0.8081779915814793,0.8390514631685166,0.0005629713890414507,0.0009879957961452554,0.5545298710756128
56510,"Slicko, the Jumping Squirrel: Her Many Adventures",0.39085989176187613,0.6209858103061987,0.0009312907168333511,0.00034294655097781546,0.293461481089702
56584,Daily Training,0.7372218881539387,0.7919047619047619,0.00038423882722494904,0.0006830354153247591,0.4209087568919525
56602,Frank Hunter's Peril,0.6061334936861095,0.7168103448275862,0.00048771557353976587,0.0005530747978416268,0.35573075497640416
56609,"A History of the British Army, Vol. 2
First Part—to the Close of the Seven Years' War",0.666867107636801,0.7501127649977447,0.000651252249533812,0.0006973366322194851,0.435488318385304
56634,"The Monist, Vol. 1, 1890-1891",0.7877330126277812,0.8249007936507936,0.0005159365043528977,0.0009126416035621273,0.5199467566315233
56652,Kitty of the Roses,0.6909200240529164,0.7638952687184198,0.0006809204075681301,0.0005819936267966331,0.41371268517220927
56700,"""Mormon"" Doctrine Plain and Simple; Or, Leaves from the Tree of Life",0.6169573060733614,0.7230434782608696,0.00036253041890715534,0.0006302540789178629,0.36569867770769865
56761,"Universal Brotherhood, Volume XIII, No. 10, January 1899
A Magazine Devoted to the Brotherhood of Humanity, the Theosophical Movement, Philosophy, Science and Art",0.8334335538184006,0.8572164948453608,0.0003849624408355422,0.0008415553781953911,0.4999628374513844
56768,"Scribner's Magazine, Volume 26, August 1899",0.9188214070956104,0.924916573971079,9.045170132414056e-05,0.0010756939600807967,0.5639289337563356
56841,The Disappearing Eye,0.6422128683102827,0.7361664453297919,0.0003523998283588516,0.0005647542240299812,0.3531237888030112
56868,"The Boy Traders; Or, The Sportsman's Club Among the Boers",0.661455201443175,0.7470799640610961,0.0002901690578478429,0.0005734711194459248,0.3538861647059811
56907,Pictures and Problems from London Police Courts,0.9338544798556826,0.9379582628313593,6.440161134278807e-05,0.0012001279143836442,0.6025451275723246
56942,"Ancient, Curious, and Famous Wills",0.8087793144918822,0.839475012619889,0.00034733453308469973,0.0008277361842180791,0.48236846288782015
57006,The Freaks of Mayfair,0.9098015634395671,0.9172642029784887,3.6904294140249346e-05,0.0010544343526317991,0.5475301913060221
57022,"A Minor Poet, and Other Verse",0.6794948887552617,0.7572859744990893,0.0005608005482096714,0.0006446675821984937,0.413196487915646
57024,"Patrins
To Which Is Added an Inquirendo Into the Wit & Other Good Parts of His Late Majesty King Charles the Second",0.9146121467227902,0.9213296398891967,5.9336316068636205e-05,0.0010953823070847303,0.5639684598543148
57033,The Harmonicon. Part the First,0.8376428141912208,0.860320744956027,0.0002930635122902154,0.0008862771250520233,0.5029525001227534
57042,The art of taking a wife,0.7366205652435358,0.7915278438838649,0.0002518175364864073,0.0009596771110969358,0.48335195618639015
57059,A Dominie Dismissed,0.7690920024052916,0.8124084025403029,0.0002011645837448886,0.0007994426066876159,0.4422977973943409
57125,The Bitter Cry of the Children,0.8057726999398678,0.8373615307150051,0.0003864096680567284,0.000808902177896481,0.48073470622839387
57176,"The Wisconsin Magazine of History, Volume 1, 1917-1918",0.7871316897173782,0.8244918195339613,0.0002424105595486967,0.0008402625766053124,0.46530450577860116
57178,The Life of a Fossil Hunter,0.7588695129284426,0.8057170542635659,0.0005166601179634908,0.0006974765985414672,0.4486392806355529
57206,"Morocco, Its People and Places",0.8532772098616958,0.8720503408495018,0.00026484258147708355,0.0008494514091426912,0.4948386443173607
57275,"The Juvenile Scrap-book for 1849
A Christmas and New Year's present for young people",0.9320505111244739,0.9363738738738738,0.00011216010964193428,0.001214400004194857,0.611752315241394
57276,Yellow Star: A Story of East and West,0.6428141912206855,0.7368187859991139,0.0003104302389444504,0.0005444064379311106,0.342432882663409
57322,"The Bellman Book of Fiction, 1906-1919",0.8737221888153939,0.8878804057661506,0.00028582737618428414,0.0009500433059831657,0.5340257083188195
57324,"The Battle of Tsu-shima
between the Japanese and Russian fleets, fought on 27th May 1905",0.6235718580877931,0.7265181301878549,0.0005094239818575596,0.000535808438714088,0.3588109116143785
57339,The Fox That Wanted Nine Golden Tails,0.6975345760673481,0.7677746999076639,0.0004486404385677371,0.000815546874642036,0.4538191234816396
57365,"Thames Valley Villages, Volume 1 (of 2)",0.666867107636801,0.7501127649977447,0.00028293292174191165,0.0005759267680288716,0.35535565608258224
57427,The Sheep-Stealers,0.847263980757667,0.8675013041210224,0.00018452147070124671,0.0009397468326050137,0.5084283170987733
57475,"Experience of a Confederate States Prisoner
Being an Ephemeris Regularly Kept by an Officer of the Confederate States Army",0.8129885748647023,0.8424518743667679,0.00033286226087283723,0.0008598148153749042,0.49125945473279364
57489,Omega: The Last days of the World,0.7300060132291041,0.787405303030303,0.00035095260113766533,0.0007199330886103133,0.4249531442362158
57492,Engraved Gems,0.45219482862297056,0.646076146076146,0.0003552942828012241,0.00038919722143530974,0.25100441885385777
57533,"Three short stories from ""The Captain"" volume XXVII
How Dymock Came to Derry; Jack Devereux's Scoop; The Powder Hulk",0.5550210463018641,0.6920516021639617,0.0004681780060537515,0.00043946847875845886,0.30660758380989245
57564,"Hall Caine, the Man and the Novelist",0.7859290438965725,0.8236750866765725,0.0003234552839351266,0.0006964157681103872,0.43381524803266874
57596,"An essay in defence of the female sex
In which are inserted the characters of a pedant, a squire, a beau, a vertuoso, a poetaster, a city-critick, &c. in a letter to a lady.",0.6831028262176789,0.7593607305936073,0.0004840975054868002,0.00059330249308234,0.3901888461825356
57618,"The Murray River
Being a Journal of the Voyage of the ""Lady Augusta"" Steamer from the Goolwa, in South Australia, to Gannewarra, above Swan Hill, Victoria, a Distance from the Sea Mouth of 1400 Miles",0.671677690920024,0.752829334540516,0.0002518175364864073,0.0006006738880038169,0.3600652048338298
57630,"Spons' Household Manual
A treasury of domestic receipts and a guide for home management",0.44558027660853883,0.6433268858800774,0.0004088416899851153,0.00041015349278648703,0.2619171231134191
57642,The Black Bear,0.6368009621166567,0.733568592853992,0.000319837215882161,0.0005326906333874727,0.3384464041753851
57660,"Joseph Pennell's Pictures of the Wonder of Work
Reproductions of a Series of Drawings, Etchings, and Lithographs, Made by Him about the World, 1881-1915, with Impressions and Notes by the Artist",0.6386049308478653,0.7345406360424028,0.0004204195077546053,0.0005328140029275851,0.3514375411126329
57679,"Elements of Criticism, Volume II.",0.7294046903187011,0.7870326549929011,0.0005723783659791614,0.0007177601653793657,0.4514686906786273
57692,"Harper's Young People, May 2, 1882
An Illustrated Weekly",0.9188214070956104,0.924916573971079,0.00016136583516226675,0.001036256599163518,0.5614223643419978
57701,The History of Duelling. Vol. 2 (of 2),0.8009621166566446,0.8340020060180542,0.0003357567153152097,0.0008725482985945821,0.4909352111706577
57704,Mixed Grill,0.8977751052315094,0.9072558647026732,0.00014761717656099738,0.0011150937341235024,0.5736302416025252
57744,A Woman Rice Planter,0.841250751653638,0.8629994810586403,0.0002959579667325879,0.0007931802880275619,0.47807575823446635
57759,"Chambers's Journal of Popular Literature, Science, and Art, No. 736, February 2, 1878",0.8953698135898979,0.9052803483941209,0.0002720787175830148,0.0009152693536763653,0.5309709635143288
57769,White Tail the Deer's Adventures,0.27239927841250755,0.5780326729231838,0.0006490814087020326,0.00023804242635128652,0.20086214421749962
57842,"Harper's Young People, May 16, 1882
An Illustrated Weekly",0.8965724594107036,0.906267029972752,0.00022359660567327545,0.0009588629953408526,0.5379168634691504
57857,Antar: A Bedoueen Romance,0.20505111244738425,0.5565595716198126,0.000570207525147382,0.00020405669236186092,0.16668814213463617
57864,Dictionary of Historical Allusions,0.6109440769693326,0.71991341991342,0.00039002773610969407,0.0006638373253346064,0.3769233873142757
57904,The Doom of London,0.8743235117257968,0.8883547008547008,0.0002605008998135248,0.0008508476757683923,0.5028109583653848
57907,"Seventeen trips through Somáliland
A record of exploration & big game shooting, 1885 to 1893",0.4503908598917619,0.6453240201785021,0.0005854034109698377,0.0003740128439763957,0.2746150858507537
57962,Select Specimens of Natural History Collected in Travels to Discover the Source of the Nile. Volume 5.,0.7360192423331329,0.791151284490961,0.00041173614442748777,0.0006874931772462778,0.4251776490763445
58083,"The chronicles of Enguerrand de Monstrelet, Vol. 07 [of 13]",0.5754660252555622,0.7019839594765724,0.00044285152968299215,0.0006281601662550896,0.3630779549174404
58122,A Guide to Cromer and Its Neighbourhood,0.6007215874924835,0.7146540610227761,0.0004471932113465509,0.0004912813241318536,0.33174340434895494
58124,"The historians' history of the world in twenty-five volumes, volume 06",0.7137702946482262,0.777466105656849,0.00020405903818726108,0.0007676192215741134,0.415143813463119
58172,Index of the Project Gutenberg Works of Washington Irving,0.5796752856283824,0.7040643522438611,0.0006534230903655914,0.00047296422124763104,0.34594949913746853
58173,"The Great Invasion of 1813-14; or, After Leipzig
Being a story of the entry of the allied forces into Alsace and Lorraine, and their march upon Paris after the Battle of Leipzig, called the Battle of the Kings and Nations",0.561034275405893,0.6949435854575846,0.00043706262079824717,0.0004928677056855385,0.31968520776450077
58223,"Harper's Young People, June 20, 1882
An Illustrated Weekly",0.8917618761274805,0.9023331524688009,0.00029885242117496036,0.0009520720906769793,0.5433384171038591
58232,The American Prisoner,0.7282020444978954,0.7859168241965974,0.00031549553421860224,0.0006099498542600321,0.3884445361720167
58320,The Three Brothers; vol. 1/3,0.582080577269994,0.7046610169491525,0.0004385098480194334,0.0004777592063314597,0.32125290564687325
58443,"Grania, The Story of an Island (Complete)",0.8797354179194228,0.8926462694578636,6.729606578516058e-05,0.0009592251983531686,0.5120273632513592
58462,The Story of Valentine and His Brother,0.8250150330727601,0.8510747185261003,0.00020912433346141295,0.0008258888084764298,0.47067846163512306
58464,"Essays of an Americanist
I. Ethnologic and Archæologic. II. Mythology and Folk Lore. III. Graphic Systems and Literature. IV. Linguistic.",0.6446181599518942,0.7377994676131322,0.00035167621474825844,0.0006109642505376001,0.36707138208214807
58480,"Perry's Saints; Or, The Fighting Parson's Regiment in the War of the Rebellion",0.7191822008418521,0.7807511737089202,0.0002742495584147942,0.000873052076849183,0.4556662063620299
58570,"Condition of the American Colored Population, and of the Colony at Liberia",0.5742633794347565,0.7013918177983973,0.0005984284559605139,0.0005336782959546524,0.35496637165676076
58632,The Maryland Line in the Confederate States Army.,0.6626578472639808,0.747751798561151,0.0005087003682469665,0.0006304288601447561,0.3974940000564366
58677,"A Parisian Sultana, Vol. 1 (of 3)",0.7636800962116657,0.808852140077821,0.0004414043024618059,0.0006572144696066736,0.429490908522142
58694,Highland Legends,0.8953698135898979,0.9052803483941209,0.0001157781776948999,0.0009712290499274663,0.5276547052354532
58728,Small Talk at Wreyland. Third Series,0.8701142513529766,0.8850452368281001,0.0002337271962215792,0.0008876875098632158,0.5083850490591246
58738,"On Horseback Through Asia Minor, Volume 2 (of 2)",0.6307877330126278,0.730346947738252,0.000482650278265614,0.0005343302175180156,0.35722072130821086
58838,The king's ring,0.672279013830427,0.7531702898550725,0.0006896037708952476,0.0005672253178462701,0.40474275329002674
58846,Kate Aylesford: A Story of the Refugees,0.7606734816596513,0.8068898592916061,0.00014616994933981114,0.0006511708897180717,0.3902959993614333
58857,"The Works of William Harvey M.D.
Translated from the Latin with a life of the author",0.4052916416115454,0.6270739064856712,0.0006599356128609295,0.00035527438734313347,0.2671847319737256
58876,"Judith Moore; or, Fashioning a Pipe",0.6410102224894769,0.735515258735073,0.0003350331017046166,0.0005263344541916163,0.33964912488416976
58927,"The American Phrenological Journal and Miscellany, Vol. 1. No. 8, May 1, 1839",0.7660853878532773,0.8104288499025342,0.0003697665550130866,0.0007338111590141173,0.443340267287096
58965,"Harper's Round Table, August 4, 1896",0.9085989176187613,0.9162534435261708,0.00035095260113766533,0.0009775901268194232,0.5638640079055053
59063,"Peru as It Is, Volume 2 (of 2)
A Residence in Lima, and Other Parts of the Peruvian Republic, Comprising an Account of the Social and Physical Features of That Country",0.7137702946482262,0.777466105656849,0.00032707335198809226,0.0006773170216289602,0.4045453423596321
59093,The Great Sieges of History,0.8117859290438966,0.8415991902834008,0.0002995760347855535,0.0009337910484694332,0.5078382320876251
59103,"Harper's Young People, August 8, 1882
An Illustrated Weekly",0.9067949488875526,0.9147414741474147,0.0001534060854457424,0.0010111236048688456,0.5483159485682685
59166,Common Sense for Housemaids,0.634996993385448,0.7325991189427313,0.0003046413300597054,0.0005336847586658866,0.3363157020452685
59180,"Rubble and Roseleaves, and Things of That Kind",0.9555021046301865,0.9573978123200921,0.00011867263213727241,0.0012988515985053225,0.6467495286715645
59184,"Harper's Round Table, September 8, 1896",0.8947684906794949,0.9047878128400435,0.00012301431380083114,0.0009040724605899904,0.5091314064603832
59191,Four Mystery Plays,0.4167167769092003,0.6313591495823843,0.0004978461640880696,0.00043433390303453253,0.2724837155316951
59433,"The Catholic World, Vol. 27, April 1878 to September 1878",0.9573060733613952,0.9590542099192618,8.466279243939555e-05,0.0014765766238198784,0.6940864213380873
59436,"Harper's Round Table, September 29, 1896",0.9362597714972941,0.9400791407574901,0.0001534060854457424,0.0011042191810148871,0.5871684313811041
59585,"Ultima Thule; or, A Summer in Iceland. vol. 2/2",0.6608538785327721,0.7467444993264482,0.0007192719289295657,0.0005619087629632607,0.4033707938621085
59720,The Son of His Father; vol. 1/3,0.782922429344558,0.8216403162055336,5.8612702458043076e-05,0.0007880501784486678,0.42623534599144697
59721,The Son of His Father; vol. 2/3,0.7546602525556224,0.8026061776061776,0.00035095260113766533,0.0006832022635671002,0.4225408799009078
59816,Tom Slade with the Flying Corps: A Campfire Tale,0.5520144317498497,0.6906146179401993,0.0004623890971690065,0.00042863395082544663,0.3019668866936748
59860,The Golden Book of Springfield,0.7384245339747445,0.7926596758817922,0.0002518175364864073,0.0006409418550992838,0.39294209823507886
59899,"Ten Days in a Mad-House; or, Nellie Bly's Experience on Blackwell's Island.
Feigning Insanity in Order to Reveal Asylum Horrors. The Trying Ordeal of the New York World's Girl Correspondent.",0.8761274804570055,0.889780631353665,9.18989285453268e-05,0.0010010589474114997,0.525593134245021
59988,Poems of Nature,0.7390258568851473,0.793037672865999,0.0007192719289295657,0.0007305399621248335,0.4764288220529972
65833,The Fire Flower,0.3890559230306675,0.6200596569724086,0.0003234552839351266,0.00031909355879759853,0.21109439526771273
67059,Hey Rub-a-dub-dub: A Book of the Mystery and Wonder and Terror of Life,0.9134095009019844,0.9203099059214167,0.00017656172098472236,0.0010941993334241797,0.5776058552055436
67629,"An Illustrated Dictionary of Words used in Art and Archaeology
Explaining terms frequently used in works on architecture, arms, bronzes, Christian art, colour, costume, decoration, devices, emblems, heraldry, lace, personal ornaments, pottery, painting, sculpture, &c., with their derivations.",0.576668671076368,0.7025771018166456,0.000436339007187654,0.0005399247390085469,0.3374200404841945
69196,Muckle John,0.4425736620565244,0.6415895061728395,0.0005108712090787458,0.0003442957811285645,0.2547655157815675
69202,"The cost of wings, and other stories",0.9308478653036681,0.9353205849268842,0.00020912433346141295,0.0012352226961818474,0.6291595715412
69441,"Narrative, of a five years' expedition against the Revolted Negroes of Surinam, in Guiana on the Wild Coast of South America; from the year 1772 to 1777 ... Volume 2 (of 2)",0.8845460012026458,0.8964959568733154,8.683363327117493e-05,0.0009654570085642771,0.5181170646580664
69657,Itinerarium curiosum (centuria I),0.7023451593505713,0.7706209453197405,0.0006968399070011788,0.0006482797480187088,0.43823025388511483
70009,The plurality of the human race,0.6831028262176789,0.7593607305936073,0.000273525944804201,0.0007631211304224048,0.41268310336660347
70103,Chantemerle,0.5947083583884546,0.7112917023096664,0.0005506699576613677,0.00048019273266076485,0.33950735821205863
70118,In Cupid's court,0.5351773902585689,0.6821164889253486,0.00046094186994782025,0.0005118494922822383,0.32072166477062664
70123,"A Yankee in Canada, with Anti-slavery and reform papers.",0.9398677089597114,0.9432785025524674,8.466279243939555e-05,0.0013016036512836905,0.6365792707511848
70130,To Panama and back,0.91040288634997,0.9177704194260485,0.000256159218149966,0.0010876607986335944,0.5843293871910467
70171,North Africa and the desert,0.8827420324714372,0.895048439181916,0.0002728023311936079,0.0009677681978157807,0.5410202745574804
70199,Tanar of Pellucidar,0.741431148526759,0.7945532728141423,0.00031187746616563665,0.0006397944461325534,0.401027865390282
70270,In exitu Israel,0.7263980757666868,0.7851746931067044,0.0002706314903618285,0.0007456663994722748,0.42120159404577406
70331,Educational laws of Virginia,0.8334335538184006,0.8572164948453608,0.00034444007864232724,0.0009307117150559161,0.5204172498308223
70418,"Maritime enterprise, 1485-1558",0.6867107636800962,0.7614468864468864,0.00042765564386053654,0.0006791113317403839,0.40885350639237095
70443,Governor Bradford's first dialogue,0.7546602525556224,0.8029937228392081,0.00031838998866097473,0.0007712495576539586,0.4438028070188833
70652,At the mountains of madness,0.6957306073361396,0.7667127708621485,0.00043055009830290903,0.000612464412932673,0.3930277249523281
70739,Burning truths from Billy's bat,0.8767288033674083,0.8902569593147751,0.0002344508098321723,0.0009792445521889575,0.5371971865853649
70777,Porto Bello gold,0.6608538785327721,0.7467444993264482,0.0012851377724133889,0.0005541156796527295,0.4709982618358275
70785,"Falcon, of Squawtooth",0.4588093806374023,0.6483430799220273,0.0006194132506677145,0.00037968847848322563,0.28239801513901014
70826,Young Peggy McQueen,0.5213469633193025,0.6757415684681024,0.0006519758631444051,0.00042500214225939763,0.3157625575251287
70866,Recollections of the eventful life of a soldier,0.9422730006013229,0.9454235361000568,0.00016643113043641862,0.001357330505801135,0.6636143759009121
70889,Travels of an Arab merchant in Soudan (the Black Kingdoms of Central Africa),0.5057125676488274,0.669215291750503,0.0004862683463185796,0.0004025445545519304,0.28491122199084773
70973,The agricultural and forest products of British West Africa,0.4119061936259772,0.6296857251041272,0.0006570411584185569,0.0003789432140340065,0.2752163250286155
71010,The British soldier,0.7708959711365003,0.8136007827788649,0.0002453050139910692,0.0008655421327358087,0.4672400931180033
71091,Father Duffy's story,0.7654840649428744,0.810034096444228,0.00036035957807537596,0.0008086544434914766,0.4633431700475753
71097,The unwelcome child,0.6079374624173182,0.7183585313174946,0.0003697665550130866,0.0005702230538433679,0.3468171514973359
71106,Social legislation and social activity,0.7534576067348167,0.8022190062711047,0.0002337271962215792,0.0007939699628046093,0.43943297145617244
71109,Black hound of death,0.4576067348165965,0.6478379431242696,0.0003668721005707141,0.0003639577034930278,0.24642424277513175
71169,"Illustrations of political economy, Volume 3 (of 9)",0.9079975947083584,0.9157488986784141,4.7758498299146214e-05,0.0010357561246263415,0.5427987711602607
71283,Richard the Lion Heart,0.4630186410102225,0.650371529135706,0.0007199955425401588,0.0003841964551833272,0.2972730591251206
71305,The farmer's bride,0.8622970535177391,0.8789640591966174,0.0003885805088885078,0.001002925502344095,0.5573830498666721
71380,Soldiers of the light,0.820204449789537,0.8476044852191641,0.00039798748582621843,0.000987714890422187,0.5384384326595625
71477,Brave Bessie Westland,0.40889957907396274,0.6280211480362538,0.0005195545724058634,0.0003383789512103807,0.2457465385929501
71500,His love story,0.45219482862297056,0.6458252427184467,0.0007540053822380357,0.00037080464523932917,0.2948795495728909
71550,Under dispute,0.8171978352375225,0.8454499237417387,0.00018886315236480548,0.0010879537770111295,0.540149653862621
71624,Elijah Cobb,0.7047504509921828,0.7720519962859795,0.0002011645837448886,0.0007184206655126011,0.3978382922210344
71641,"The letter H, past, present, and future",0.4413710162357186,0.6415895061728395,0.00044502237051477153,0.0003729648025529199,0.254699698861776
71753,College girls,0.8274203247143717,0.8528205128205129,0.00034661091947410657,0.0008503070675877141,0.4955062826791684
71774,Children's books and reading,0.8033674082982563,0.835678391959799,0.00024458140038047607,0.0009113114800031052,0.49160666508254586
38,"The Jargon File, Version 2.9.10, 01 Jul 1992",0.1767889356584486,0.5484828496042217,0.00088932112741895,0.0002112413813727,0.20229066383119593
65,"The First 100,000 Prime Numbers",0.009019843656043296,0.4959737548464062,7.236136105931244e-07,9.749347407265067e-05,0.0237768515265667
118,Big Dummy's Guide to the Internet,0.08057726999398677,0.5200125078173858,0.00045442934745248216,0.00014185916806170966,0.10855318948158141
1272,The Riddle of the Rhine: Chemical Strategy in Peace and War,0.3932651834034877,0.6223802395209581,0.0005333032310071327,0.00038005158110358724,0.25568241754758025
4318,Reproduction of Copyrighted Works by Educators and Librarians,0.1449188214070956,0.5387107223841918,0.0007011815886647376,0.0001706663676271178,0.1606507567162291
4686,"Underground: Hacking, madness and obsession on the electronic frontier",0.18340348767288034,0.5499338624338624,0.001116535801145191,0.00019168335321012394,0.2259611904509141
5040,State of the Union Addresses,0.46422128683102826,0.6511354737666406,0.0007626887455651531,0.0004884543331762094,0.3327139512030543
5682,Fundamental Principles of the Metaphysic of Morals,0.4509921828021648,0.6455745341614907,0.0006295438412160183,0.0004519441011029485,0.3024685461371964
8215,The Developmental Psychology of Psychopathology,0.4070956103427541,0.6277840694601736,0.0005644186162626371,0.0003513717212997292,0.2547234046257521
8391,"Scientific American Supplement, No. 288, July 9, 1881",0.571858087793145,0.7002105263157895,0.0005781672748639064,0.0005498651272516061,0.3564094441655002
8408,"Scientific American Supplement, No. 299, September 24, 1881",0.6181599518941672,0.7236727589208007,0.00028655098979487724,0.0005872126931550163,0.3443828820716045
11647,"Scientific American Supplement, No. 458, October 11, 1884",0.5123271196632592,0.6721907841552143,0.0006288202276054252,0.00047587559037047804,0.3252100929242808
12492,"Recent Tendencies in Ethics
Three Lectures to Clergy Given at Cambridge",0.423331328923632,0.6342486651411137,0.0005579060937672989,0.000420873239461026,0.27778658099762216
12648,"The Beautiful Necessity
Seven Essays on Theosophy and Architecture",0.523752254960914,0.6773930753564155,0.0005535644121037402,0.0004820820211497744,0.3207615986115854
14429,"Heroes of the Great Conflict; Life and Services of William Farrar
Smith, Major General, United States Volunteer in the Civil War",0.608538785327721,0.7186689714779603,0.0006157951826147489,0.0005771356131275353,0.37933650824893883
16873,"""Colony,""--or ""Free State""? ""Dependence,""--or ""Just Connection""? ""Empire,""--or ""Union""?",0.42212868310282625,0.633765243902439,0.00041101253081689466,0.0004577714134256567,0.2698893265521444
16917,Art,0.4906794948887553,0.6625498007968128,0.0006331619092689838,0.0004359315088818339,0.3086043682291699
17451,"Sign Language Among North American Indians Compared With That Among Other Peoples And Deaf-Mutes
First Annual Report of the Bureau of Ethnology to the Secretary of the Smithsonian Institution, 1879-1880, Government Printing Office, Washington, 1881, pages 263-552",0.5592303066746843,0.6940734557595993,0.0006657245217456745,0.0004986386933528735,0.3490574559131474
17569,"The New York Subway, Its Construction and Equipment",0.5520144317498497,0.6906146179401993,0.0010687773028460448,0.0005250538620954719,0.4043523332197111
17755,"Scientific American Supplement, No. 717,  September  28, 1889",0.5357787131689717,0.6829568788501027,0.0004840975054868002,0.0005103770922649878,0.32352822326114405
24436,Anything You Can Do ...,0.5694527961515334,0.6987394957983193,0.0006526994767549982,0.00042750421548188623,0.3298890249172108
25213,"The Masters and Their Music
A series of illustrative programs with biographical,
esthetical, and critical annotations",0.4215273601924234,0.6335238095238095,0.0007540053822380357,0.00036804187015596166,0.28645963222887205
25300,"The Causes of the Rebellion in Ireland Disclosed
In an Address to the People of England, in Which It Is Proved by Incontrovertible Facts, That the System for Some Years Pursued in That Country, Has Driven It into Its Present Dreadful Situation",0.5435959110042092,0.6866226259289843,0.0003741082366766453,0.0006225398798674662,0.3441152190098775
25400,Colleges in America,0.4714371617558629,0.6542092840283241,0.0007445984053003251,0.00047670784540715643,0.3289879340231085
26319,"A Text-Book of the History of Architecture
Seventh Edition, revised",0.476247745039086,0.6562746645619574,0.000518107345184677,0.00045747929598949783,0.2967853578043133
27098,Technology and Books for All,0.17318099819603128,0.5472194800921356,0.0003885805088885078,0.00019252015815946234,0.13430132072696593
30621,"Ancient art of the province of Chiriqui, Colombia
Sixth Annual Report of the Bureau of Ethnology to the Secretary of the Smithsonian Institution, 1884-1885, Government Printing Office, Washington, 1888, pages 3-188",0.38184004810583283,0.6179858788554441,0.0009428685346028411,0.0003729171205717114,0.3014295476617219
31243,Twentieth Century Inventions: A Forecast,0.6049308478653037,0.7168103448275862,0.0005152128907423046,0.0006692169397599331,0.3921639792304249
32997,The Style Book of The Detroit News,0.6476247745039087,0.7394397510004447,0.00035674151002241036,0.0005813855692168322,0.3601579227845147
33437,"Cyclopedia of Telephony and Telegraphy, Vol. 2
A General Reference Work on Telephony, etc. etc.",0.22309079975947085,0.5625845737483085,0.0008068291758113337,0.00023698620057177188,0.20934626728234637
33494,The Library and Society: Reprints of Papers and Addresses,0.6055321707757065,0.7171194480379474,0.0002742495584147942,0.0006096958888168097,0.3455980572212002
34223,The New Germany,0.5213469633193025,0.6762911752745018,0.0005398157535024708,0.000511886530422483,0.3269258390754663
35092,"Encyclopaedia Britannica, 11th Edition, ""Ehud"" to ""Electroscope""
Volume 9, Slice 2",0.5009019843656044,0.6670677898114721,0.0007742665633346432,0.0004946217685650895,0.3454768148069932
35562,"A Rational Theology, as Taught by the Church of Jesus Christ of Latter-Day Saints",0.6181599518941672,0.7236727589208007,0.00041101253081689466,0.0006224702482805472,0.3698139089772566
38014,"Government in the United States, National, State and Local",0.5634395670475045,0.6961071578066137,0.0004508112793995165,0.0006156377648358946,0.35710783729032647
38036,Electricity for the 4-H Scientist,0.16596512327119664,0.5445317616240996,0.0009406976937710618,0.00019751189769881246,0.2021620188971433
38699,Chambers's Twentieth Century Dictionary (part 3 of 4: N-R),0.009019843656043296,0.49347181008902075,2.1708408317793733e-06,0.00012532863929272907,0.03098909876862601
39272,"The inventions, researches and writings of Nikola Tesla
With special reference to his work in polyphase currents and high potential lighting",0.3295249549007817,0.5986321094312455,0.0004971225504774764,0.000345124683769231,0.22604768032780723
57998,"On Sameness and Identity: A Psychological Study
Being a Contribution to the Foundations of a Theory of Knowledge",0.41731809981960316,0.631838905775076,0.0006092826601194108,0.00037694605153061947,0.2700907961901776
58319,The story of paper-making,0.5393866506313891,0.684643886372993,0.0005622477754308576,0.0004633463670801981,0.3207321706882759
58915,Voyage to Jupiter,0.08779314491882141,0.5224630851398052,0.00026846064953004915,0.0001435277973842884,0.08770632015883283
59804,"The Making of a Modern Army and its Operations in the Field
A study based on the experience of three years on the French front (1914-1917)",0.5207456404088996,0.6760162601626016,0.0007308497466990557,0.0005157778461304615,0.35145693006781353
64174,Wireless Telegraph Construction For Amateurs,0.1978352375225496,0.5547031354236157,0.0009255018079486061,0.00025589619449446126,0.2239323581462862
70414,Training Infantry,0.5586289837642815,0.6937838965373383,0.0004298264846923159,0.0006269689946805477,0.3564119328592563
71282,Criminality and economic conditions,0.47564642212868313,0.6560157790927021,0.0006874329300634682,0.0004713987211183161,0.3215058454535001
71531,"The Ohio Naturalist, vol. II, no. 2, December, 1901",0.35057125676488277,0.6062705067444404,0.0005014642321410352,0.00030934276193295346,0.22131022596761768
96,The Monster Men,0.3932651834034877,0.6219147344801795,0.0007634123591757462,0.0003105826014354286,0.2640825251352696
68,The warlord of Mars,0.40649428743235116,0.6273104488872123,0.0005571824801567058,0.0003182922253978731,0.24415047497762943
518,"The Enchanted Island of Yew
Whereon Prince Marvel Encountered the High Ki of Twi and Other Surprising People",0.31449188214070956,0.5926585887384177,0.0005969812287393276,0.0002641517477908938,0.21153451613396126
716,The Cruise of the Jasper B.,0.576668671076368,0.7025771018166456,0.0002916162850690291,0.0004425957010949556,0.2917647402501892
10455,A Golden Book of Venice,0.5021046301864102,0.6673354735152488,0.00037555546389783157,0.0004360989070874064,0.27976929229899733
16742,Dan Merrithew,0.5832832230907998,0.7055579126007637,0.0007858443811041331,0.00045796405557070683,0.3589278137396348
25042,Color Value,0.3746241731809982,0.6152423233444321,0.00047830859660205524,0.00036151098660806884,0.23908533359519807
25699,"The Battle of New Orleans
including the Previous Engagements between the Americans
and the British, the Indians and the Spanish which led to
the Final Conflict on the 8th of January, 1815",0.6019242333132893,0.715268817204301,0.0005115948226893389,0.000653530367452189,0.386367666856382
31158,Campaigning in Cuba,0.6049308478653037,0.7168103448275862,0.0006244785459418664,0.0005326715835474825,0.36666459819680153
31584,History of the Seventh Ohio Volunteer Cavalry,0.45640408899579077,0.6478379431242696,0.0006671717489668607,0.00043253931125621195,0.30295334294998166
32759,Red Nails,0.2693926638604931,0.577029840388619,0.0005043586865834077,0.00023348125916413005,0.18102077931357147
35614,Palos of the Dog Star Pack,0.291040288634997,0.5845342706502636,0.00042693203024994343,0.00023864907720065235,0.1778943907789685
35936,Mesa Verde [Colorado] National Park,0.3631990378833434,0.6109478324761205,0.0008184069935808237,0.0003127321991935963,0.2644030676536241
35987,The Radio Boys' Search for the Inca's Treasure,0.5351773902585689,0.6823963890028724,0.0004898864143715452,0.0004026868629207445,0.2932279490877281
59752,The Moon Maid,0.36861094407696937,0.6129745669001105,0.0008625474238270043,0.00028664735367290635,0.2636979777042725
71221,A history of tithes,0.24413710162357188,0.5693255734337556,0.00036180680529656223,0.00024316990277134347,0.1607921088281091
71646,Pilgrims' project,0.5868911605532171,0.7076595744680851,0.0005600769345990783,0.0004524143792449659,0.3306105214518196
172,The Haunted Bookshop,0.5279615153337343,0.6790526745610453,0.0004233139621969778,0.0004187314389157441,0.2876314832462107
283,The Reef,0.396873120865905,0.6230798051704758,0.000528961549343574,0.00031420751015031267,0.2369707288377234
362,Miss Billy's Decision,0.26217678893565843,0.5742403314917127,0.0006071118192876314,0.00025245106450400283,0.19736422565757294
401,Blix,0.10463018641010223,0.5259329538266919,0.00036253041890715534,0.00013857910518843126,0.1008954482792794
502,Desert Gold,0.2760072158749248,0.5786360473208072,0.00036108319168596907,0.00024087522750998984,0.16670885990487083
555,The Unbearable Bassington,0.4834636199639206,0.6588748019017433,0.00044646959773595775,0.0003679182271867853,0.26405792769271635
853,The Confutatio Pontificia,0.5484064942874324,0.6888980944490473,0.0004030527811003703,0.0005531529055086237,0.3291996926980114
953,"Tom Swift and His Big Tunnel; Or, The Hidden City of the Andes",0.4197233914612147,0.632319391634981,0.0005680366843156026,0.00035445128560158864,0.25899790421996993
1111,King Richard II,0.23150932050511125,0.5650696568127761,0.00039654025860503216,0.00030362591497030365,0.17949514787869886
1122,Hamlet,0.16055321707757067,0.5432865076772296,0.0004674543924431584,0.00022977825581688052,0.15194755594505077
1129,The Tragedy of Macbeth,0.1677690920024053,0.5454247294194818,0.00041607782609104653,0.0002445135808432833,0.15133203200465534
1134,The Winter's Tale,0.13168971737823212,0.5347266881028939,0.0004233139621969778,0.00021838882882390049,0.13716718880707834
1443,Two Poets,0.428743235117258,0.6361897475133894,0.00034661091947410657,0.00034299482767348195,0.23072974064458984
1448,Heidi,0.07696933253156946,0.5182299781863509,0.000319837215882161,0.00012597194927314062,0.08638210001401235
1453,The Alkahest,0.35959110042092607,0.6091575091575091,0.0004182486669228259,0.00028950674294443116,0.20735136494934303
1488,"The True Story of Christopher Columbus, Called the Great Admiral",0.317498496692724,0.5939285714285715,0.0004927808688139177,0.00027496215002427004,0.20252981790856445
1625,The Frozen Deep,0.5790739627179796,0.7031712473572939,0.0003379275561469891,0.0004616229029169242,0.3033774637438681
1713,"Lincoln; An Account of his Personal Life, Especially of its Springs of Action as Revealed and Deepened by the Ordeal of War",0.49849669272399283,0.6657325860688551,0.0004985697776986628,0.0004184321599117478,0.28895564332451995
1736,Thomas Lord Cromwell,0.19963920625375828,0.5550734312416555,0.0007894624491570988,0.00021161864672217647,0.19481645545818957
1756,Uncle Vanya: Scenes from Country Life in Four Acts,0.1238725195429946,0.5323303457106274,0.0005333032310071327,0.0001516028548496885,0.13000034990718518
1799,Cymbeline,0.19963920625375828,0.5552587646076794,0.0009464866026558067,0.00020853595944278892,0.213387629491597
1898,Albert Savarus,0.37702946482260974,0.6159259259259259,0.00047903221021264834,0.00031621184838990444,0.2267362474251583
1960,Sight Unseen,0.39446782922429346,0.6221473999251778,0.0003017468756173329,0.0003086520453505533,0.20674957890667303
1976,Peter Ruff and the Double Four,0.6043295249549008,0.7161929371231697,0.0005882978654122102,0.0004760238514228334,0.3457367145174062
2011,Rudder Grange,0.36981358989777513,0.6129745669001105,0.00022070215123090294,0.00029804814922530055,0.18784442729013084
2103,History of Friedrich II of Prussia — Volume 03,0.34215273601924234,0.6027546212395796,0.0006917746117270269,0.0002800737681059369,0.23430013780845083
2115,History of Friedrich II of Prussia — Volume 15,0.3403487672880337,0.6023180007243752,0.0006809204075681301,0.00028974495498295766,0.23537762169561782
2242,A Midsummer Night's Dream,0.10282621767889358,0.5264324153213042,0.0002105715606825992,0.00019628899388922578,0.09861285762161648
2285,"Ridgway of Montana: A story of to-day, in which the hero is also the villain",0.6265784726398076,0.7274715660542432,0.0003495053739164791,0.0004877479762649462,0.3260031969718781
2390,"The Conquest of the Old Southwest; the romantic story of the early pioneers into Virginia, the Carolinas, Tennessee, and Kentucky, 1740-1790",0.49128081779915816,0.6625498007968128,0.0007199955425401588,0.00043407495512165717,0.31885484146429605
2478,"The Circus Boys on the Plains; Or, The Young Advance Agents Ahead of the Show",0.2164762477450391,0.5591795561533288,0.0006498050223126257,0.000208731496703553,0.1799745127252226
2500,Siddhartha,0.058929645219482865,0.5134300710095708,0.00021853131039912358,0.00013690268162651508,0.07339880374150434
2552,Thankful's Inheritance,0.6073361395069152,0.7177384548985758,0.0007373622691943938,0.0005682193433598681,0.39133438035764867
2560,The Three Partners,0.5063138905592304,0.668946098149638,0.0005267907085117946,0.0003973273621896598,0.28838694595151876
2595,Ramsey Milholland,0.370414912808178,0.6132005899705014,0.0005021878457516283,0.00029770670508196505,0.2226386725244501
2634,"The Evolution of Theology: an Anthropological Study
Essay #8 from ""Science and Hebrew Tradition""",0.349368610944077,0.6058287795992714,0.0006309910684372045,0.00030770941001634307,0.2365487452316699
2718,The Chaperon,0.4588093806374023,0.6483430799220273,0.00019175760680717797,0.0003693873085285093,0.2266653162115665
2909,The Eldest Son,0.17498496692723994,0.5470394736842106,0.0004377862344088403,0.00018346556783589702,0.1379088538532518
2933,On Some Fossil Remains of Man,0.1148526758869513,0.5299553855959209,0.00036035957807537596,0.00016296459802588286,0.1101053902682988
3042,The Hispanic Nations of the New World: A Chronicle of Our Southern Neighbors,0.5435959110042092,0.6866226259289843,0.00044212791607239904,0.0005300814036706849,0.3261123253233712
3452,Tea Leaves,0.3403487672880337,0.6025362318840579,0.0007482164733532906,0.00028285968145917267,0.24179869662763115
3457,The Man of the Forest,0.33734215273601925,0.6003610108303249,0.00030029964839614664,0.0002944843048371405,0.18872305599512354
3605,On the Firing Line,0.1936259771497294,0.5519415864586791,0.0003393747833681754,0.00018800032060248896,0.13075296157776128
3619,Cousin Maude,0.42633794347564646,0.634975181366934,0.0002170840831779373,0.00034343210428055437,0.21417554983957013
3620,Geological Observations on South America,0.3361395069152135,0.601011926273943,0.001000034009839698,0.0002917179465228063,0.27442585172101913
3647,The Dwelling Place of Light — Volume 2,0.5868911605532171,0.7073585708209272,0.0005911923198545826,0.0004630730593998565,0.33738489856139287
3677,On Our Selection,0.14732411304870716,0.538361929426999,0.0005709311387579752,0.00017269754193039447,0.14527067274962147
3734,"Tom Swift in the Caves of Ice, or, the Wreck of the Airship",0.4101022248947685,0.6287334593572779,0.0007207191561507519,0.0003635402476509656,0.2781465681547731
3767,The Man Who Kept His Money in a Box,0.5435959110042092,0.6860561056105611,0.0005361976854495052,0.00045556916289160804,0.31624232091728177
3768,The Lamp and the Bell: A Drama In Five Acts,0.14311485267588697,0.5380135878356519,0.0006382272045431357,0.00016177585805840283,0.14990172762488646
3780,The King's Highway,0.4600120264582081,0.648849005072181,0.00046021825633722714,0.0003590109396168045,0.25715021466542765
3805,The Vultures,0.35117257967528565,0.6058287795992714,0.00029668158034318104,0.0002780051250918834,0.18698341362053206
3825,Pygmalion,0.1274804570054119,0.5328420378083948,0.0005998756831817002,0.00015960495889978248,0.14105908947868065
3961,A Romance of Youth — Volume 4,0.4004810583283223,0.6244836650394292,0.00026267174064530417,0.00031406479654245794,0.20494008985218493
3969,Jacqueline — Volume 2,0.4281419122068551,0.6359464627151051,0.00037989714556139033,0.0003567041869583754,0.23860273729117837
3980,Fromont and Risler — Complete,0.32832230907997595,0.5975565936040245,0.000273525944804201,0.00026906511403049574,0.17621296381177873
4336,"An Inquiry into the Nature and Progress of Rent, and the Principles by Which It is Regulated",0.36019242333132895,0.6098276494316098,0.00028655098979487724,0.0003415193455866763,0.2062515180390443
4432,Evan Harrington — Volume 6,0.5652435357787132,0.6963986599664992,0.00045732380189485465,0.0004565603813580764,0.3127817008301391
4433,Evan Harrington — Volume 7,0.6241731809981961,0.7265181301878549,0.0003581887372435966,0.0005161311652640814,0.3345849477097606
4457,Beauchamp's Career — Volume 5,0.34155141310883946,0.6023180007243752,0.0004623890971690065,0.0002785591391562497,0.20533042870813978
4460,Beauchamp's Career — Complete,0.49789536981358995,0.6652,0.00026556619508767666,0.0003848453944102255,0.250346745243613
4745,At the Villa Rose,0.2717979555021046,0.5780326729231838,0.0004023291674897772,0.00024349381964340649,0.17189714314394214
4761,The Cossacks: A Tale of 1852,0.26578472639807577,0.575631706472828,0.00028220930813131854,0.00022797590320448586,0.15114605296398548
4790,Half a Rogue,0.4630186410102225,0.6498632278233685,0.0001772853345953155,0.0003598866445351059,0.22315201314427113
4916,Undertow,0.18941671677690922,0.5510271703114645,0.00037989714556139033,0.00018795078460853303,0.13497644914554546
4978,The March of Portola and the Discovery of the Bay of San Francisco,0.3589897775105232,0.6091575091575091,0.0005709311387579752,0.00032852504762033257,0.23727838924848493
4987,"The Outdoor Girls at Rainbow Lake; Or, The Stirring Cruise of the Motor Boat Gem",0.5580276608538786,0.6929166666666666,0.0004891628007609521,0.000479280190137458,0.3211889599476391
4991,"The Pony Rider Boys in New Mexico; Or, The End of the Silver Trail",0.18460613349368613,0.5493888338288735,0.0006664481353562676,0.00018774617309339262,0.16920036238371028
4996,Number Seventeen,0.6698737221888155,0.7514685946678716,0.0006555939311973707,0.0005457642835897116,0.39354897521740817
5129,The Prodigal Judge,0.4804570054119062,0.6575721629102412,0.00029885242117496036,0.00038392014411975205,0.24962106081642044
5354,"Guy Mannering, Or, the Astrologer — Volume 02",0.6452194828622971,0.7377994676131322,0.000482650278265614,0.0005180247172291833,0.35676396013995193
5362,The Inside of the Cup — Volume 07,0.5447985568250151,0.6866226259289843,0.0005275143221223877,0.0004196884966382243,0.30525546189105257
5409,The Memoirs of Count Grammont — Volume 01,0.4858689116055322,0.6601826121476776,0.00029523435312199477,0.00039337478673543135,0.25338127678610173
5422,The Masquerader,0.33433553818400485,0.5994953136265321,0.00026556619508767666,0.00026964323644076776,0.17671880270842397
5729,"Peggy Stewart, Navy Girl, at Home",0.4149128081779916,0.630401819560273,0.0006208604778889007,0.00033406058364154716,0.25850393046290504
5863,"Personal Memoirs of U. S. Grant, Part 4.",0.41250751653638007,0.6299242424242424,0.000528961549343574,0.00038513509366893154,0.26132229826754966
5893,Two Little Women on a Holiday,0.2784125075165364,0.5800488315312173,0.00032779696559868536,0.0002532409173154652,0.1668928224114361
5987,In Kedar's Tents,0.28021647624774504,0.58085923856095,0.0007568998366804081,0.0002355202456309633,0.2152837451253809
6217,"The Pomp of the Lavilettes, Complete",0.4371617558628984,0.6393694732795079,0.0003552942828012241,0.0003392543698891674,0.23275641667817476
6330,Amanda: A Daughter of the Mennonites,0.4101022248947685,0.628495842781557,0.000512318436299932,0.0003300646895297683,0.24277576572295206
6592,Si'Wren of the Patriarchs,0.2531569452796152,0.5722642807983482,0.0008791905368706462,0.00022050531013061088,0.22018474281144407
6629,Mr. Midshipman Easy,0.6175586289837643,0.7230434782608696,0.00047758498299146213,0.0005151783797806348,0.34710559387317147
6731,The Duenna: A Comic Opera,0.31028262176788934,0.5911837895485247,0.0007265080650354969,0.00027229400467589657,0.22887929371745436
6753,Psmith in the City,0.4696331930246543,0.6529250098154692,0.00047830859660205524,0.00038321592787405836,0.2687678072559234
6855,Ideala,0.3433553818400481,0.6029731689630167,0.0003343094880940235,0.00027379434124430284,0.18858319354378078
6894,Chimes of Mission Bells; an historical sketch of California and her missions,0.3048707155742634,0.5897163120567376,0.0009739839198583455,0.0002627841760147824,0.25562364899181317
6906,The Lost Trail,0.21467227901383043,0.5589915966386555,0.0007663068136181188,0.0002031011998713678,0.19249514864255668
7075,The Idol of Paris,0.25375826819001807,0.5720674234606123,0.0006100062737300039,0.0002220943469426429,0.18739891290819974
7167,The Guide to Reading — the Pocket University Volume XXIII,0.08538785327720987,0.5221350078492936,0.0003531234419694447,0.00014025327682973667,0.09685657551716167
7335,Jack Harkaway and His Son's Escape from the Brigands of Greece,0.42212868310282625,0.6332825590251333,0.00016136583516226675,0.0003361939285604944,0.20418184382542828
7654,Kenelm Chillingly — Volume 05,0.444377630787733,0.642084942084942,0.0002916162850690291,0.00035106961258023857,0.2299994988581297
7894,The Fallen Leaves,0.354780517137703,0.6071558963125229,0.00029668158034318104,0.0002857597415823405,0.190051463200054
8425,Caesar: A Sketch,0.30306674684305474,0.5890896209705987,0.0007286789058672763,0.0002757706351210986,0.22863679926189298
8499,Plays: the Father; Countess Julie; the Outlaw; the Stronger,0.46542393265183407,0.6511354737666406,0.0006859857028422819,0.0003661521381927876,0.28844771804209013
8732,Through the Fray: A Tale of the Luddite Riots,0.46422128683102826,0.650371529135706,0.00034299285142114097,0.0003738605241146492,0.24790622757524924
9098,Tacitus and Bracciolini. The Annals Forged in the XVth Century,0.23511725796752858,0.56641689373297,0.0005354740718389121,0.00024327321261037924,0.18027450436597095
9306,Aesthetic as Science of Expression and General Linguistic,0.29825616355983164,0.5876325088339223,0.00033141503365165096,0.0003015320618771287,0.18592827696888348
9312,From Whose Bourne,0.11846061334936861,0.5304625199362042,0.0005665894570944164,0.00014576492389332003,0.13120648624827472
9379,A Woman Intervenes,0.44738424533974747,0.6433268858800774,0.000465283551611379,0.00034893672176067775,0.25158990864252756
9401,The Leopard Woman,0.27660853878532776,0.5796444754269781,0.0005984284559605139,0.00023141092716741796,0.19373527648572508
9470,His Hour,0.0883944678292243,0.5218073423282084,0.00034733453308469973,0.00013161496706931686,0.09386327497980819
9604,"Hung Lou Meng, or, the Dream of the Red Chamber, a Chinese Novel, Book II",0.21948286229705352,0.5612554843064461,0.0010767370525625692,0.00020987138491979069,0.23406806047139087
9607,From Boyhood to Manhood: Life of Benjamin Franklin,0.5923030667468431,0.7103801794105084,0.0005854034109698377,0.0004665752656714825,0.33932777350842525
9626,"Buried Cities, Volume 2: Olympia",0.1978352375225496,0.5543333333333333,0.0007590706775121876,0.00019040951943688099,0.18455406826219453
9634,Sir George Tressady — Volume II,0.47324113048707156,0.6547244094488189,0.0003856860544461353,0.0003672449896599769,0.25380042344230147
9795,The Four Faces: A Mystery,0.5652435357787132,0.6963986599664992,0.00040956530359570844,0.00044997335377863486,0.30500542985595014
9837,Albert Dürer,0.5045099218280217,0.6686771210293526,0.0005072531410257802,0.00041388823258900833,0.29042097278951867
9844,W. A. G.'s Tale,0.2651834034876729,0.5758310249307479,0.00040956530359570844,0.0002406377264622707,0.1704939880562105
9853,The Mystery of the Four Fingers,0.23211064341551413,0.5646859083191851,0.0002995760347855535,0.00020939916808506226,0.140542419813403
9858,Star-Dust: A Story of an American Girl,0.5802766085387854,0.7037663986457893,0.0006063882056770382,0.0004665407147562413,0.33826188187980466
9900,"The Grand Old Man
Or, the Life and Public Services of the Right Honorable William Ewart Gladstone, Four Times Prime Minister of England",0.5417919422730006,0.6852080758137619,0.0004341681663558746,0.0004718422465787141,0.30779949242825905
9974,The Yellow Streak,0.49789536981358995,0.6649340263894442,0.00027135510397242163,0.00039994512536939403,0.25527557055450456
9982,Philothea: A Grecian Romance,0.28021647624774504,0.58085923856095,0.00044646959773595775,0.00024061128402906774,0.17841670111733252
10048,"Billie Bradley and Her Inheritance; Or, The Queer Homestead at Cherry Corners",0.291040288634997,0.5839185393258427,0.0004240375758075709,0.0002725103881369869,0.18698047867256593
10090,Peaceless Europe,0.4335538184004811,0.6383877159309022,0.00045804741550544776,0.0004325954425328499,0.2713644508938194
10323,"The Rover Boys at College; Or, The Right Road and the Wrong",0.42513529765484065,0.6344906524227394,0.00026194812703471106,0.0003852412467670381,0.23135139234205182
10901,Three Young Knights,0.2904389657245941,0.584328882642305,0.00042910287108172276,0.00024994821167140393,0.18125204613437967
10960,Vergil: A Biography,0.07877330126277812,0.5201751642164529,0.00022359660567327545,0.00013465319926947585,0.07787574604681512
11031,Samuel Johnson,0.41731809981960316,0.6313591495823843,0.0005687602979261958,0.00033495702849514134,0.2529242272238506
11043,Midnight,0.3295249549007817,0.5975565936040245,0.00033286226087283723,0.00027461277493452175,0.1852446770218993
11513,On Land and Sea at the Dardanelles,0.28442573662056525,0.5820791039551978,0.0003227316703245335,0.0002505539140045719,0.16685712852247
11584,Madcap,0.2736019242333133,0.5786360473208072,0.0002764203992465735,0.00023386286522820093,0.1540095362514733
11698,The Three Brontës,0.3872519542994588,0.6195976154992549,0.0003523998283588516,0.00031514693954300083,0.2131872314922251
12542,"Ravenna, a Study",0.30727600721587495,0.5905539772727273,0.000866889105490563,0.0002727758007001881,0.24580840925828
12778,"The Young Engineers in Mexico; Or, Fighting the Mine Swindlers",0.20986169573060734,0.5573056300268097,0.00043127371191350214,0.0002083544455145835,0.15152934802476403
12818,Heathen Slaves and Christian Rulers,0.5003006614552015,0.6668003207698476,0.00040450000832155657,0.00040532494188151173,0.2741754531496997
12915,The White Devil,0.18701142513529767,0.5510271703114645,0.0008596529693846318,0.00019324449087512947,0.19546481628864618
12954,The Phantom Ship,0.3619963920625376,0.6098276494316098,0.0006100062737300039,0.00028820961155246957,0.23114312872134837
13319,The Return of Peter Grimm,0.2669873722188816,0.576629680998613,0.0005933631606863621,0.00023304094911358786,0.19148989874572467
14102,"The American Missionary — Volume 42, No. 08, August, 1888",0.15574263379434758,0.5418703160638645,0.0005593533209884852,0.00020789982278139816,0.15603556281469344
14356,The Emperor of Portugallia,0.2868310282621768,0.5828951980371538,0.0004963989368668833,0.00025262635214521483,0.18943118619784785
14885,Red Pottage,0.39987973541791944,0.6244836650394292,0.00026556619508767666,0.00032074706106172444,0.2071438663498242
15069,Diet and Health; With Key to the Calories,0.1413108839446783,0.537491919844861,0.0007597942911227807,0.0001884589569233754,0.17215210134225314
15141,"Beethoven, a character study; together with Wagner's indebtedness to Beethoven",0.19603126879134097,0.5539640239840107,0.0006888801572846545,0.0002027181365529018,0.17908450751580926
15383,The Photoplay: A Psychological Study,0.36740829825616356,0.6122974963181149,0.00042693203024994343,0.00031240689726710837,0.21690866636516284
15855,The Man from Home,0.20505111244738425,0.556932350971199,0.0002995760347855535,0.0002136266998016638,0.13614907871567053
16035,"The Food of the Gods
A Popular Account of Cocoa",0.24413710162357188,0.5691307323750856,0.000733020587530835,0.00021714339851925817,0.1991136488732716
16101,Diane of the Green Van,0.444377630787733,0.642084942084942,0.0006606592264715226,0.00034815128893698636,0.27472228706381613
16137,The Hoyden,0.27300060132291043,0.5784347826086956,0.0005419865943342502,0.00023409078716933466,0.18672207050129488
16166,"The Seven Great Monarchies Of The Ancient Eastern World, Vol 6: Parthia
The History, Geography, And Antiquities Of Chaldaea, Assyria, Babylon, Media, Persia, Parthia, And Sassanian or New Persian Empire; With Maps and Illustrations.",0.32832230907997595,0.5979863358504135,0.0005383685262812846,0.00028304246355329135,0.21305407097512544
16168,The Master Mystery,0.18460613349368613,0.5493888338288735,0.0005441574351660296,0.00018612966722616862,0.1536427794138988
16322,"Luther Examined and Reexamined
A Review of Catholic Criticism and a Plea for Revaluation",0.33313289236319904,0.5994953136265321,0.0005253434812906083,0.0003136732115841613,0.22123548706293494
16457,All Around the Moon,0.1990378833433554,0.5548882215548883,0.0010731189845096035,0.0001864895728243469,0.22252785891156746
16771,Jacqueline of Golden River,0.3541791942273001,0.6071558963125229,0.0002424105595486967,0.00029289598976947904,0.18532814307184942
16915,"The Life of Nelson, Volume 2
The Embodiment of the Sea Power of Great Britain",0.4467829224293446,0.6435758513931888,0.00042765564386053654,0.00037711542427042665,0.25502025430063363
17020,The False Gods,0.5111244738424534,0.6713766653209527,0.0004052236219321497,0.00038294941652019523,0.27065499163318574
17103,The Double Life Of Mr. Alfred Burton,0.42693926638604934,0.634975181366934,0.00024096333232751044,0.00035472472910629997,0.22040915746050538
17446,The Second Honeymoon,0.1539386650631389,0.5402858999350227,0.00034299285142114097,0.00018632952127515615,0.12240488723026974
17475,"The Lobster Fishery of Maine
Bulletin of the United States Fish Commission, Vol. 19, Pages 241-265, 1899",0.08117859290438967,0.5201751642164529,0.00031187746616563665,0.00013007352762355495,0.08771184544966901
17502,Pen Drawing: An Illustrated Treatise,0.5009019843656044,0.6670677898114721,0.0005477755032189951,0.000453177978751619,0.3056845352035112
17511,Foch the Man: A Life of the Supreme Commander of the Allied Armies,0.15574263379434758,0.5416938110749185,0.0004182486669228259,0.0001789213587306685,0.13027841559718478
17712,The moon,0.17558628983764282,0.548121292023731,0.00041101253081689466,0.00019511578401818397,0.1383870330110306
17730,"A Study of the Textile Art in Its Relation to the Development of Form and Ornament
Sixth Annual Report of the Bureau of Ethnology to the Secretary of the Smithsonian Institution, 1884-'85, Government Printing Office, Washington, 1888, (pages 189-252)",0.2922429344558028,0.5855633802816902,0.0004515348930101096,0.000301696631433249,0.1994323173214796
18039,"Manual of the Mother Church
The First Church of Christ Scientist in Boston, Massachusetts",0.3397474443776308,0.6020999275887038,0.0004414043024618059,0.00032809537386342365,0.21661979834717313
18122,"A Canadian Heroine, Volume 2
A Novel",0.6073361395069152,0.718048359240069,0.00019899374291310922,0.0005858724253773033,0.3300298210101894
18153,"Oscar; Or, The Boy Who Had His Own Way",0.2597714972940469,0.5738440303657695,0.0004681780060537515,0.00022383373384625844,0.17165186028969404
18281,"An Account of the Proceedings on the Trial of Susan B. Anthony, on the Charge of Illegal Voting, at the Presidential Election in Nov., 1872, and on the Trial of Beverly W. Jones, Edwin T. Marsh, and William B. Hall, the Inspectors of Election by Whom Her Vote was Received.",0.497294046903187,0.6654661864745899,0.0003762790775084247,0.0004539717115610755,0.28378682657323595
18418,A Crooked Path: A Novel,0.5393866506313891,0.6843621399176955,0.00034299285142114097,0.0004388383589654569,0.2865658489084968
18461,Six little Bunkers at Mammy June's,0.20024052916416116,0.5541486171276241,0.0005984284559605139,0.0001911692672154217,0.16511922956003297
18686,Melbourne House,0.21888153938665064,0.5604988203572633,0.0004804794374338346,0.0002052540824303882,0.15880744238557773
18714,Abe and Mawruss: Being Further Adventures of Potash and Perlmutter,0.2164762477450391,0.55993265993266,0.00044574598412536464,0.0002067389915562677,0.1544909386524667
18810,Alec Forbes of Howglen,0.43595911004209265,0.6388782174414137,0.0006794731803469439,0.0003551350864891206,0.27700618388495113
18883,The Four Feathers,0.30306674684305474,0.5886725663716814,0.00034516369225292035,0.0002491465801098355,0.17353994004413598
19118,"The Philippine Islands, 1493-1898 — Volume 25 of 55
1635-36
Explorations by Early Navigators, Descriptions of the Islands and Their Peoples, Their History and Records of the Catholic Missions, As Related in Contemporaneous Books and Manuscripts, Showing the Political, Economic, Commercial and Religious Conditions of Those Islands from Their Earliest Relations with European Nations to the Close of the Nineteenth Century",0.52916416115454,0.6798855273916599,0.0004341681663558746,0.00045466635574704353,0.2996590961324172
19158,The Return,0.13409500901984367,0.5347266881028939,0.0007496637005744769,0.0001527967541684161,0.1589706482565689
19165,Eulogy on Chief-Justice Chase,0.7528562838244137,0.8018322082931534,0.0005296851629541671,0.00082025047554536,0.4832681413760252
19225,Joyce of the North Woods,0.338544798556825,0.601011926273943,0.0005029114593622214,0.00027861723465366764,0.209564550368778
19340,The Story of the Big Front Door,0.48767288033674083,0.6604447974583002,0.00040811807637452217,0.00040275492667778053,0.2702746589418802
19414,General Instructions for the Guidance of Post Office Inspectors in the Dominion of Canada,0.3084786530366807,0.5911837895485247,0.0004804794374338346,0.00027757498818556695,0.19983196021269395
19522,Tom Slade at Temple Camp,0.3048707155742634,0.5888810198300283,0.0007257844514249038,0.00027424154499719374,0.22795118449697502
19528,Sixty Years of California Song,0.6885147324113049,0.7624942686840899,0.0005651422298732302,0.0006101454990223932,0.406700861559807
19565,Bunny Brown and His Sister Sue and Their Shetland Pony,0.12146722790138305,0.5308011490584105,0.0006230313187206801,0.0001578499518364956,0.1420557252247584
19595,"Essays on Various Subjects, Principally Designed for Young Ladies",0.5057125676488274,0.669215291750503,0.0008191306071914169,0.0004415765641930692,0.3371457324123403
19737,"The Principles of Gothic Ecclesiastical Architecture, Elucidated by Question and Answer, 4th ed.",0.3728202044497896,0.614560236511456,0.0005651422298732302,0.0003459915238725916,0.24493944708643323
19753,The Youth of Goethe,0.3295249549007817,0.5986321094312455,0.00042259034858638467,0.0003183418022119996,0.20919987727250666
19936,Willie the Waif,0.4990980156343957,0.6657325860688551,0.0005825089565274651,0.0004336988960793748,0.30373799579378824
19986,Martyred Armenia,0.21828021647624776,0.5612554843064461,0.0007706484952816775,0.0002142632717297487,0.19741434131198426
20065,"Twenty Years of Congress, Volume 2
From Lincoln to Garfield, with a Review of the Events Which Led to the Political Revolution of 1860",0.7269993986770896,0.7855455833726972,0.0006215840914994939,0.0007804339326724986,0.4746486277390549
20106,How Ethel Hollister Became a Campfire Girl,0.5009019843656044,0.6665330661322645,0.00042620841663935027,0.0004131688017064742,0.279058718458627
20298,"History of the Wars, Books V and VI: The Gothic War",0.28021647624774504,0.5810621942697415,0.0007590706775121876,0.0002531546754204346,0.22066100161781563
20307,Kate's ordeal,0.18580877931449188,0.5504799735187024,0.0005173837315740839,0.00019554516694318756,0.15354779040099087
20342,Grace Harlowe's Problem,0.5640408899579075,0.69581589958159,0.00044285152968299215,0.0004591892290181836,0.3114098764956181
20590,Letters & Lettering: A Treatise with 200 Examples,0.3180998196031269,0.5945656060064355,0.0003914749633308803,0.00028545087871264163,0.19331331447564248
20620,Rosemary,0.17197835237522552,0.5456036745406824,0.0005318560037859464,0.00018027878519532198,0.1477791680937961
20630,The Borough Treasurer,0.3638003607937463,0.6111723631018008,0.0005615241618202645,0.00031043499110203166,0.23218010161532607
20732,The Carmina of Caius Valerius Catullus,0.2507516536380036,0.5714776632302405,0.0006317146820477976,0.0003219854900745119,0.2180774338367505
20733,"Critical Miscellanies (Vol. 1 of 3), Essay 1: Robespierre",0.3800360793746242,0.617297698589458,0.0003502289875270722,0.0003589328234678621,0.22384303716140522
20821,"Betty Wales, Senior",0.4095009019843656,0.6277840694601736,0.00035095260113766533,0.00035121908166597937,0.22857477459510184
20844,"Critical Miscellanies (Vol. 3 of 3), Essay 5: On Pattison's Memoirs",0.5075165363800361,0.6700241740531829,0.0004500876657889234,0.00047063854927566825,0.3003677365815319
20848,An Elementary Study of Chemistry,0.19603126879134097,0.5543333333333333,0.00029885242117496036,0.0002442115468556292,0.14292048436123445
20912,The Daffodil Mystery,0.4546001202645821,0.6463272444617179,0.00036614848696012094,0.0003527315641228147,0.24227007589305655
21112,"The Causes of the Corruption of the Traditional Text of the Holy Gospels
Being the Sequel to The Traditional Text of the Holy Gospels",0.40348767288033677,0.6263653483992467,0.0006063882056770382,0.0003792603847702203,0.26697993060253067
21226,Christie Redfern's Troubles,0.3932651834034877,0.6216822429906542,0.0003379275561469891,0.00031444860003659105,0.21257798398237804
21559,The Three Cutters,0.44558027660853883,0.64258114374034,0.0003871332816673216,0.0003640197006090935,0.2457923887469674
21635,Prudence Says So,0.37402285027059534,0.614560236511456,0.00031332469338682286,0.0003107963538183008,0.20392792995224807
21644,Every Man for Himself,0.5273601924233313,0.6787755102040817,0.0005246198676800152,0.0004036430013279002,0.29566612487251664
21682,The field and garden vegetables of America,0.49188214070956104,0.6630781499202552,0.00032417889754571977,0.00046629741495497973,0.2794487045493374
21978,An Analysis of the Lever Escapement,0.032471437161755864,0.5062404870624049,3.5457066919063094e-05,0.00011313424889760796,0.03868000928533883
21984,Kemps Nine Daies Wonder: Performed in a Daunce from London to Norwich,0.18400481058328322,0.5502978160158836,0.0006852620892316888,0.0002103660082855865,0.17825203921180988
22121,Olive: A Novel,0.5634395670475045,0.6955248849853618,0.00034226923781054786,0.00047027611680207793,0.30199141029368887
22174,Andrew Melville,0.4594107035478052,0.6491022638563623,0.00043055009830290903,0.0004379124974823472,0.2760475144117517
22191,Half a Hero: A Novel,0.6632591701743836,0.7480881691408007,0.000488439187150359,0.0006329030597437171,0.3958837364384315
22312,"Northern Nut Growers Association Report of the Proceedings at the Second Annual Meeting
Ithaca, New York, December 14 and 15, 1911",0.4010823812387252,0.6251879699248121,0.000872678014375308,0.00033689205603355593,0.28707821957573876
22352,American Boy's Life of Theodore Roosevelt,0.3571858087793145,0.6082662765179224,0.00039871109943681154,0.0002946684442020668,0.2058417557542083
22511,Rollo on the Rhine,0.43836440168370416,0.6403542549095109,0.0006056645920664451,0.0003894783674167385,0.27848624522275967
22804,Apron-Strings,0.4449789536981359,0.64258114374034,0.0004515348930101096,0.00037498794704109736,0.25681260910921794
22820,The Crooked House,0.49368610944076974,0.663872255489022,0.00021780769678853045,0.00048147087367574016,0.2711249341199843
22991,"Boy Scouts Mysterious Signal; Or, Perils of the Black Bear Patrol",0.3523752254960914,0.6058287795992714,0.0004645599380007859,0.000317502676229881,0.21910761555640368
23126,"Eric, or Little by Little",0.35057125676488277,0.6056081573197378,0.00014906440378218363,0.0002840376615206603,0.17034134328935643
23127,Julian Home,0.5460012026458209,0.687474162877222,0.0006114535009511901,0.000420874958940103,0.31639012354574425
23141,The Island Treasure,0.3926638604930848,0.6219147344801795,0.00040811807637452217,0.00034533130411487195,0.23008389236776353
23157,Other People's Business: The Romantic Career of the Practical Miss Dale,0.15754660252555625,0.5413411458333334,0.0005390921398918777,0.00016678649391271556,0.141786593363109
23440,"Edward Barry
South Sea Pearler",0.3638003607937463,0.6104992657856094,0.00033141503365165096,0.0002892644483040396,0.19748384968562718
23541,"Dick, Marjorie and Fidge: A Search for the Wonderful Dodo",0.2651834034876729,0.575233483223798,0.0002814856945207254,0.00023989613813733617,0.1542532920250922
23562,"Studies in Central American Picture-Writing
First Annual Report of the Bureau of Ethnology to the
Secretary of the Smithsonian Institution, 1879-80,
Government Printing Office, Washington, 1881, pages 205-245",0.15995189416716776,0.5432865076772296,0.0005861270245804308,0.00018757858219984355,0.15448625688903106
23768,The Squirrel-Cage,0.4900781719783524,0.661758853959411,0.00035963596446478285,0.0003862123310839908,0.26029258242229214
23770,"Mission Furniture: How to Make It, Part 1",0.12507516536380037,0.5331837127284386,0.0005926395470757689,0.00015706398576023064,0.13931914838419115
23921,Barometer and Weather Guide,0.185207456404089,0.5508446505465386,0.0005217254132376427,0.00019368222297548772,0.15362356125486387
24330,"Iron Making in the Olden Times
as instanced in the Ancient Mines, Forges, and Furnaces of The Forest of Dean",0.4894768490679495,0.6620222929936306,0.0011266663916934948,0.00039631920393255233,0.35789825787330737
24438,From Fort Henry to Corinth,0.41791942273000604,0.6320790573926264,0.0005296851629541671,0.0004202747038213833,0.27278577585424
24683,"Nan Sherwood at Palm Beach; or, Strange adventures among the orange groves",0.2639807576668671,0.5760304814686525,0.0005267907085117946,0.0002496370722581932,0.1874841742187194
24757,The Atonement and the Modern Mind,0.455201443174985,0.64733359283768,0.0006331619092689838,0.00045649856739688014,0.3052888085415306
24787,The South of France—East Half,0.4852675886951293,0.6601826121476776,0.0008097236302537063,0.00045574464150538696,0.334638622291925
24804,The Rider in Khaki: A Novel,0.42633794347564646,0.6347328244274809,0.00031260107977622975,0.0003327073683657409,0.22281576456694738
24996,"The Tapu of Banderah
1901",0.4594107035478052,0.648849005072181,0.0002923398986796223,0.0003579563590089654,0.2360640642881423
25017,A Son of the Immortals,0.47564642212868313,0.6560157790927021,0.00022866190094742732,0.0004277029474986656,0.25239704607769337
25230,The Return of Blue Pete,0.3108839446782923,0.5909737029140014,0.00018813953875421234,0.0002634152067057273,0.15987064843772447
25267,Astronomy for Amateurs,0.5327720986169573,0.6815573770491803,0.00016498390321523237,0.0005754460388401643,0.3018958197505065
25390,Tabitha at Ivy Hall,0.3313289236319904,0.5979863358504135,0.0002250438328944617,0.00027430260510852647,0.17218811703921183
25516,The Crown of Success,0.39206253758268195,0.6212177810982443,0.00021853131039912358,0.00032253388108287377,0.1998551366147231
25720,A Lecture on the Study of History,0.17859290438965725,0.5486638073243154,0.00032924419281987164,0.00027877239246697054,0.1526852794619544
25732,The Faust-Legend and Goethe's 'Faust',0.24954900781719785,0.5710851648351648,0.0005825089565274651,0.00022990664452859796,0.18544578239434484
25762,"Billie Bradley on Lighthouse Island; Or, The Mystery of the Wreck",0.3842453397474444,0.6177563150074294,0.00033286226087283723,0.0003378163778582632,0.21626795047152678
25857,Patty's Social Season,0.23631990378833434,0.5658387206532834,0.0004240375758075709,0.00021937145259622455,0.15960549343978986
25992,"The Martyrs of Science, or, The lives of Galileo, Tycho Brahe, and Kepler",0.30066145520144316,0.5884642604387827,0.0007467692461321044,0.0002619569366045411,0.22645125056094903
26031,"Memoirs and Correspondence of Admiral Lord de Saumarez, Vol. I",0.6187612748045701,0.7239878101872007,0.00044357514329358526,0.0006251012266573623,0.3747613889462638
26174,The Machine That Saved The World,0.06013229104028864,0.513747296879827,0.0002098479470720061,0.00012207401654360132,0.06833180011309442
26186,When the Birds Begin to Sing,0.3986770895971137,0.6237809452363091,0.00025398837731818665,0.0003222448155311183,0.20576255622147188
26365,"Intestinal Ills
Chronic Constipation, Indigestion, Autogenetic Poisons, Diarrhea, Piles, Etc. Also Auto-Infection, Auto-Intoxication, Anemia, Emaciation, Etc. Due to Proctitis and Colitis",0.17378232110643416,0.5473996050032917,0.0005788908884744996,0.0002053928690427164,0.1615967852058904
26383,"Anna Seward, and Classic Lichfield",0.3199037883343355,0.5947782546494993,0.0004848211190973934,0.000270419921331686,0.2008067507024093
26409,The Children of Wilton Chase,0.17799158147925437,0.5473996050032917,0.00026484258147708355,0.00018513600181082815,0.11747607648969022
26663,Fruits of Culture,0.05652435357787132,0.512954966070327,0.00019609928847073673,0.00011731785235312892,0.06461809992137287
26714,"The Captain's Bunk
A Story for Boys",0.32110643415514134,0.5949910554561717,0.0003907513497202872,0.0002619519998911915,0.18697734526600945
26974,Prisoners their own warders,0.4546001202645821,0.6470817120622568,0.0003762790775084247,0.0003743494321206301,0.2499688018700726
27071,The Third Miss Symons,0.27059530968129886,0.5772301284276293,0.00017656172098472236,0.00023898751657173924,0.14232465766530522
27115,The Cattle-Baron's Daughter,0.21707757065544198,0.5597441938741164,0.0003871332816673216,0.0002054405991928691,0.146877479490664
27212,The Life of the Party,0.5520144317498497,0.6906146179401993,0.0004240375758075709,0.00049083376304267,0.3149924287544771
27258,From Slave to College President: Being the Life Story of Booker T. Washington,0.6013229104028863,0.7149613069647464,0.000371937395844866,0.0005752097514796533,0.34659123099416234
27384,The regent's daughter,0.33794347564642213,0.6014466546112116,0.000518107345184677,0.00028332413219014647,0.21288167433349062
27395,The Slave of Silence,0.508117859290439,0.6702942361950827,0.00026411896786649044,0.0004375075889064005,0.268111409447525
27400,The Martian: A Novel,0.42212868310282625,0.633765243902439,0.00045732380189485465,0.000364978840990016,0.2491112712251975
27466,El Kab,0.0974143114852676,0.5252684775742261,0.0006447397270384739,0.00014890622896889788,0.1377003288329122
27748,"Popular Lectures on Zoonomia
Or The Laws of Animal Life, in Health and Disease",0.6061334936861095,0.7174288179465056,0.0005029114593622214,0.0005396313927541737,0.3539940911530194
27786,The Rough Road,0.2898376428141912,0.5841236389181594,0.000436339007187654,0.00024083274530681568,0.1794060897741441
28028,Scottish Football Reminiscences and Sketches,0.6428141912206855,0.7364924712134633,0.0003762790775084247,0.000513947939206578,0.34174552757354104
28071,"The Red Triangle: Being Some Further Chronicles of Martin Hewitt, Investigator",0.4004810583283223,0.6240150093808631,0.0005492227304401815,0.0003171388028415744,0.24101950834381566
28072,"A history of art in Chaldæa & Assyria, Vol. 1 (of 2)",0.5147324113048708,0.6732793522267206,0.0006071118192876314,0.0004762955817061126,0.3232939736724372
28235,In Orchard Glen,0.48226097414311486,0.6580925999208548,0.0002843801489630979,0.00037919551892987225,0.24686018768147633
28413,The Student's Companion to Latin Authors,0.09561034275405894,0.5247712212054276,0.00021418962873556482,0.0001952157482492258,0.09740809108131848
28499,"Mother Earth: Land Grants in Virginia, 1607-1699",0.47805171377029465,0.657052548399842,0.00034226923781054786,0.0004390640897311288,0.2702898937079692
28524,Nobody,0.3619963920625376,0.6098276494316098,0.0005854034109698377,0.0003019438439971709,0.2320275688280179
28638,Rimrock Trail,0.4197233914612147,0.632800608828006,0.0005955340015181414,0.0003800278552066966,0.2698709285768151
28735,The Radio Boys with the Revenue Guards,0.4696331930246543,0.6531814611154753,0.0005911923198545826,0.000392186860691196,0.285357752388551
28855,"The Girl Scouts at Sea Crest; Or, the Wig Wag Rescue",0.35538184004810586,0.6071558963125229,0.0006476341814808463,0.000303474635293913,0.23849397697511662
29387,Marcy the Blockade Runner,0.33794347564642213,0.6012292118582792,0.00046166548355841336,0.000282064834054616,0.2054752667117948
29416,The Mind Master,0.03487672880336741,0.5068576653459311,0.00010998926881015491,0.00010675314334154797,0.04653005880444267
29916,"Gómez Arias
Or, The Moors of the Alpujarras, A Spanish Historical Romance.",0.47384245339747444,0.6549822764868058,0.0004935044824245109,0.00037251705259129904,0.268770975769438
29951,"The Mayflower, January, 1905",0.5562236921226699,0.6926280716368179,0.0005441574351660296,0.0004664489862179812,0.3240240898747805
30187,Death Points a Finger,0.23271196632591704,0.5650696568127761,0.0007156538608766001,0.00021394105037274112,0.19340318000892753
30273,Tom and Maggie Tulliver,0.22008418520745643,0.5610661268556005,0.0003227316703245335,0.0002236684212905446,0.1449225520317663
30639,"Border, Breed Nor Birth",0.15935057125676488,0.5429317662422461,0.0012424445693883946,0.00017355826248282783,0.23131026105844532
30794,"The Princess of Ponthieu
(in) The New-York Weekly Magazine or Miscellaneous Repository",0.41310883944678295,0.6299242424242424,0.00039654025860503216,0.00033653647579476407,0.23116094126302794
30956,"History of the Great American Fortunes, Vol. I
Conditions in Settlement and Colonial Times",0.6680697534576068,0.7507900677200903,0.00039581664499443905,0.0007111504435916916,0.4082710819296178
31106,Brooke's Daughter: A Novel,0.35538184004810586,0.6073776479181885,0.0002076771062402267,0.000291983943471027,0.180984121672876
31316,The Coming of Evolution: The Story of a Great Revolution in Science,0.28923631990378834,0.5845342706502636,0.0005014642321410352,0.0002931740124366119,0.20247882974953904
31374,"The Dramatist; Or, Stop Him Who Can! A Comedy, in Five Acts",0.41791942273000604,0.631838905775076,0.0004529821202312959,0.00034969627457711103,0.2430773900914185
31501,The Sensitive Man,0.19603126879134097,0.5532268795741849,0.001011611827609188,0.00018378346040420854,0.21324800993088758
31907,"Ancient Pottery of the Mississippi Valley
Fourth Annual Report of the Bureau of Ethnology to the Secretary of the Smithsonian Institution, 1882-83, Government Printing Office, Washington, 1886, pages 361-436",0.24113048707155743,0.5683526999316473,0.000698287134222365,0.00026159571427188593,0.206926638406434
31937,Evil Out of Onzar,0.03187011425135298,0.5059324612108306,0.00014399910850803176,0.00010472926536322874,0.04950494545349565
31990,A History of the Town of Fairfax,0.5772699939867709,0.7028740490278952,0.0004978461640880696,0.0005242621731994222,0.34071060734736214
32059,The Pirates of Shan: A Rick Brant Science-Adventure Story,0.05472038484666266,0.5121650754542655,0.0002453050139910692,0.00011621261940193551,0.06990356333332251
32085,Christine: A Fife Fisher Girl,0.30968129885748646,0.5909737029140014,0.000371937395844866,0.00026200262070639655,0.18203301442798112
32107,The Vision of Elijah Berl,0.26819001803968734,0.577029840388619,0.0007308497466990557,0.00023176397705939597,0.2083663558982309
32249,The Princess and Joe Potter,0.4239326518340349,0.6344906524227394,0.0005007406185304421,0.00039466884899564547,0.2633976823920089
32256,The Big Time,0.375826819001804,0.6150147928994083,0.0003733846230660522,0.00030100412017156606,0.20889657721716526
32331,Dave Dawson at Casablanca,0.31689717378232113,0.594140764558771,0.0006208604778889007,0.0003132211723954495,0.2292805039368663
32388,The New Warden,0.26578472639807577,0.575631706472828,0.0002337271962215792,0.00023215016435199613,0.14635310745231564
32413,At the Post,0.015634395670475046,0.5004513993379477,4.631127107795996e-05,9.806041398058474e-05,0.03187873074096942
32435,Every-Day Errors of Speech,0.3391461214672279,0.6020999275887038,0.0012178417066282285,0.00038900748654804195,0.3297967816512199
32464,A Supplication for the Beggars,0.15995189416716776,0.5431090790333115,0.0006606592264715226,0.00020624968476054035,0.16895309200479924
32563,The Lost Warship,0.1286831028262177,0.5326713645099296,0.0007076941111600756,0.00015433047564550597,0.15292323197899818
32875,Ten Years' Captivity in the Mahdi's Camp 1882-1892,0.12627781118460613,0.5333547145606158,0.0007981458124842162,0.00015319754000292783,0.16376911690739648
33347,Aubrey Beardsley,0.396873120865905,0.6235470566179228,0.000604940978455852,0.00032497654425798605,0.2495954967420327
33389,A Pair of Schoolgirls: A Story of School Days,0.42633794347564646,0.6347328244274809,0.0009095823085155574,0.0003425860470713947,0.29933001881909693
33407,Bee and Butterfly: A Tale of Two Cousins,0.4365604329524955,0.6391237509607994,0.0004175250533122328,0.0003549001443292145,0.2447544474784092
33425,The Crimson Sweater,0.3223090799759471,0.5954171142141067,0.0005130420499105252,0.0002716337080696973,0.2051164396508084
33445,Naval Warfare,0.5640408899579075,0.6963986599664992,0.000604940978455852,0.000597123038324805,0.3710157182405933
33464,Roses and Rose Growing,0.3752254960914011,0.6154700222057735,0.000668618976188047,0.0003115022566033725,0.24844375740756142
33482,The Furnace,0.38304269392663864,0.6177563150074294,0.00034299285142114097,0.00031193489365381337,0.21000561475939042
33544,"""Carrots:"" Just a Little Boy",0.1190619362597715,0.5304625199362042,0.0005622477754308576,0.00014870878204974178,0.1315725877385086
33602,The Firebrand,0.36019242333132895,0.609380725540491,0.00031549553421860224,0.0002876373155693689,0.19427641322414863
33702,The Story of Sir Launcelot and His Companions,0.2717979555021046,0.5782336578581363,0.00081985422080201,0.0002596169402576038,0.22811504792391996
33757,"The Elements of Botany, For Beginners and For Schools",0.2579675285628383,0.5740421125302037,0.0003675957141813072,0.0002997721015304103,0.18080601684014005
33766,History of Phosphorus,0.15814792543595912,0.5425774877650897,0.0005173837315740839,0.00019244844372888606,0.14694725409457468
33785,A Star for a Night: A Story of Stage Life,0.5219482862297053,0.6765663140764849,0.00039292219055206656,0.0005030320028232806,0.3064265541126321
33852,British Butterflies: Figures and Descriptions of Every Native Species,0.39206253758268195,0.6219147344801795,0.00088932112741895,0.0003340365843166857,0.28619894963705333
33874,"Wild Bees, Wasps and Ants and Other Stinging Insects",0.26578472639807577,0.576629680998613,0.0009001753315778468,0.00025633317093924667,0.23589153385517947
33924,Marion Darche: A Story Without Comment,0.41310883944678295,0.6294473883421651,0.00026701342230886293,0.0003350276140859561,0.2145666111418595
34268,"Spinning Tops
The ""Operatives' Lecture"" of the British Association Meeting at Leeds, 6th September, 1890",0.285628382441371,0.5828951980371538,0.0012612585232638159,0.00027105117261295395,0.2889861407132438
34270,Barbara Ladd,0.42633794347564646,0.6347328244274809,0.0002995760347855535,0.00033584696394037863,0.22210434688720054
34282,Jupiter Lights,0.396873120865905,0.6233133433283359,0.00041390698525926715,0.0003157064148108984,0.223281266346551
34383,John the Baptist: A Play,0.17017438364401685,0.5461412151067323,0.0003849624408355422,0.0002261773727861465,0.14276331024262706
34443,"The Camp Fire Girls at the Seashore; Or, Bessie King's Happiness",0.35117257967528565,0.6053876956680014,0.0005608005482096714,0.0003044728347309141,0.226983373816732
34467,In Camp With A Tin Soldier,0.06975345760673482,0.5162992859360447,0.00037555546389783157,0.00012307035372392176,0.09098826499829835
34468,Christopher Quarles: College Professor and Master Detective,0.5502104630186411,0.689755288262132,0.0004088416899851153,0.00047115234721552415,0.30699852030372893
34724,Lola,0.4509921828021648,0.644823575029081,0.0003343094880940235,0.0003562758759819521,0.23843335607529362
34965,Irish History and the Irish Question,0.6079374624173182,0.7183585313174946,0.0003885805088885078,0.0007028105468415199,0.38699708084405837
34981,Orthodox Daily Prayers,0.32531569452796155,0.5969131371141422,0.0004508112793995165,0.0004012894407728017,0.23530890281860523
35050,"Organizing and Building Up the Sunday School
Modern Sunday School Manuals",0.36440168370414916,0.6113970588235295,0.0004327209391346884,0.0003444829311645348,0.22614538920705712
35083,Swamp Island,0.46422128683102826,0.6506259780907668,0.0005398157535024708,0.0003820661873017479,0.2746387037287291
35205,Who?,0.4209260372820205,0.632800608828006,0.00037772630472961095,0.0003332013803203924,0.22973664909757519
35228,Airy Fairy Lilian,0.43836440168370416,0.6398614851866102,0.0005210017996270496,0.0003597015354570152,0.2593529849889522
35270,"Habits that Handicap: The Menace of Opium, Alcohol, and Tobacco, and the Remedy",0.38304269392663864,0.6184455187802157,0.0003683193277919003,0.00041607401154967555,0.2431184742198723
35359,Jimmie Moore of Bucktown,0.3433553818400481,0.6034107402031931,0.00047686136938086896,0.0003083626983662712,0.21621044882546703
35364,Ethel Morton at Sweetbrier Lodge,0.6019242333132893,0.715268817204301,0.0004341681663558746,0.0005026600142464275,0.3337320929965152
35510,The Preparation of Plantation Rubber,0.13409500901984367,0.5355877616747182,0.0003227316703245335,0.00017247580372538955,0.11220207980764667
35559,"The Reconstruction of Georgia
Studies in History, Economics and Public Law, Vol. 13, No. 3, 1901",0.43836440168370416,0.6403542549095109,0.0004898864143715452,0.00045830288787856137,0.2838454897707443
35771,When the Ku Klux Rode,0.630186410102225,0.7300263388937664,0.0005919159334651757,0.0006698822261529839,0.4092341618882174
35884,"John Patrick, Third Marquess of Bute, K.T. (1847-1900), a Memoir",0.2952495490078172,0.5861825872400424,0.0006729606578516057,0.0002492938478452609,0.2123372183863654
36000,The Boy Scouts Under Fire in Mexico,0.39206253758268195,0.6219147344801795,0.00035674151002241036,0.000372870511735965,0.23154349423332107
36130,"The Campfire Girls on Station Island; Or, The Wireless from the Steam Yacht",0.1809981960312688,0.548121292023731,0.0005593533209884852,0.00018491523024752188,0.15433973943184326
36144,"The Mapleson Memoirs, 1848-1888, vol II",0.35598316295850874,0.6080438756855576,0.0007749901769452363,0.0002997946646056866,0.2535504846797967
36245,"A History of Literary Criticism in the Renaissance
With special reference to the influence of Italy in the formation and development of modern classicism",0.3355381840048106,0.6007947976878613,0.00033286226087283723,0.0003412864858245396,0.2060800381075032
36290,"Ormond; Or, The Secret Witness. Volume 2 (of 3)",0.4990980156343957,0.6662660256410257,0.0006729606578516057,0.0003982723444783113,0.30498331752839003
36346,The Mandarin's Fan,0.40348767288033677,0.6263653483992467,0.000256159218149966,0.0003468535699845831,0.21449328572724957
36370,The Bishop and the Boogerman,0.3012627781118461,0.588256101874779,0.0003227316703245335,0.00025783091827596743,0.17291380569926224
36388,"Airship Andy; Or, The Luck of a Brave Boy",0.04810583283223091,0.5101226993865031,0.00020333542457666795,0.00013073006131140215,0.06744509432961396
36570,"The Heiress; a comedy, in five acts",0.5285628382441371,0.6793300653594772,0.0005434338215554365,0.0004525263839856514,0.3122717902483196
36609,The Immortal Lure,0.23271196632591704,0.5652617267165194,0.000802487494147775,0.00020828061982031872,0.2025762146329981
36746,The Mountains of Oregon,0.48286229705351774,0.6591359492667459,0.0005427102079448433,0.0004535154544597935,0.30041256485371076
36754,Knut Hamsun,0.2904389657245941,0.5845342706502636,0.0006896037708952476,0.00024087297488722747,0.21089306541285907
36822,Japan and the California Problem,0.3247143716175587,0.5969131371141422,0.0004153542124804534,0.0003270150835773246,0.20966302707532758
36883,"The Irish Ecclesiastical Record, Volume 1, March 1865",0.43174984966927243,0.6374089689536221,0.0006201368642783076,0.0004110474144179181,0.28467871092079
36885,Rheims and the Battles for its Possession,0.41310883944678295,0.6299242424242424,0.0007040760431071101,0.00037154209125941326,0.27911940701974813
37049,"Bell's Cathedrals: The Cathedral Church of Lichfield
A Description of Its Fabric and A Brief History of the Espicopal See",0.481659651232712,0.6583531274742677,0.0003357567153152097,0.0004032439291005866,0.2601024907105951
37101,"Humpback Whales in Glacier Bay National Monument, Alaska",0.16235718580877934,0.543997383055283,0.00040739446276392906,0.00018010662883554174,0.1307951153203729
37151,"Habits, Haunts and Anecdotes of the Moose and Illustrations from Life",0.23752254960914013,0.5673831456840669,0.0002887218306266566,0.0003125249035766517,0.17018682490258152
37167,"Woodcraft; Or, How a Patrol Leader Made Good",0.2928442573662057,0.5847398030942335,0.0005376449126706914,0.00025325586124460816,0.19599145119461292
37212,The Discards,0.2898376428141912,0.584328882642305,0.0006215840914994939,0.00024447508861422015,0.20338842213426414
37215,The Argus Pheasant,0.34395670475045104,0.6034107402031931,0.0009283962623909786,0.0002746310683254659,0.2623797881871027
37289,Susan Clegg and Her Love Affairs,0.48286229705351774,0.6591359492667459,0.0005087003682469665,0.0004484074935462286,0.29475579531867
37332,A Little Princess: Being the whole story of Sara Crewe now told for the first time,0.2297053517739026,0.563537783802101,0.00028220930813131854,0.0002144943852983744,0.13918794455071493
37438,"The Wanderer; or, Female Difficulties (Volume 2 of 5)",0.5622369212266988,0.6955248849853618,0.0006570411584185569,0.00047640084381450956,0.3424738235715292
37479,The Debit Account,0.5141310883944679,0.6730068798057467,0.00034588730586351346,0.0004703495153467817,0.2891886126008144
37549,The Beauty,0.4515935057125677,0.6450737005430567,0.0003089830117232641,0.00035158270081486466,0.23411981484151906
37587,"The Katipunan; or, The Rise and Fall of the Filipino Commune",0.4335538184004811,0.6383877159309022,0.0006845384756210957,0.0003650750813687729,0.28004439610340487
37676,"The History of Cuba, vol. 2",0.5255562236921227,0.6782218597063622,0.00043706262079824717,0.0004924762404957441,0.30983533291167836
37820,Chronicles of Martin Hewitt,0.6584485868911606,0.7454056476916181,0.0005933631606863621,0.00060301817238352,0.39883086078504726
37856,"The Determined Angler and the Brook Trout
an anthological volume of trout fishing, trout histories, trout lore, trout resorts, and trout tackle",0.21888153938665064,0.5610661268556005,0.0005564588665461127,0.00022724076620141923,0.1746717220448144
37871,Dandelion Cottage,0.4678292242934456,0.652156862745098,0.00033358587448343034,0.0004066001932035117,0.2571143980175615
37967,More Portmanteau Plays,0.3090799759470836,0.5913940256045519,0.0009522755115405517,0.0002892412385421005,0.26154160304510055
38030,"The Girl Scouts at Camp Comalong; Or, Peg of Tamarack Hills",0.3800360793746242,0.6161541311596888,0.0005361976854495052,0.00031724411050172653,0.23447859078746983
38075,An Ambitious Woman: A Novel,0.5496091401082381,0.6888980944490473,0.000273525944804201,0.00043175020278406477,0.27866952171365883
38314,"Storm-Bound; or, A Vacation Among the Snow Drifts",0.11365003006614552,0.5286077558804831,0.0005665894570944164,0.000151893755425289,0.1317867660702111
38586,Mr. Punch's Cockney Humour,0.29404690318701143,0.5861825872400424,0.00034516369225292035,0.00040702134440371576,0.21678536719670216
38689,The Turnstile,0.2609741431148527,0.5740421125302037,0.00037700269111901784,0.00022583136231461664,0.16116258880789908
38978,Mildred's New Daughter,0.6283824413710163,0.7284275076653526,0.000674407885072792,0.0005438317864740616,0.38265766647734134
38999,"Mellifont Abbey, Co. Louth
Its Ruins and Associations, a Guide and Popular History",0.6277811184606134,0.7287467134092901,0.00021997853762030983,0.0006309097387072292,0.3514795295841219
39014,Outline Studies in the Old Testament for Bible Teachers,0.2717979555021046,0.5784347826086956,0.0012120527977434834,0.00025158008035646546,0.27430825310280316
39084,William Hickling Prescott,0.4239326518340349,0.6344906524227394,0.0005007406185304421,0.0003431134896822639,0.24867717510254325
39229,The Mardi Gras Mystery,0.22609741431148528,0.563537783802101,0.00031549553421860224,0.0002326292020038676,0.148105919071524
39451,A History of the Inquisition of the Middle Ages; volume I,0.4690318701142514,0.6531814611154753,0.0005260670949012014,0.0004306192386349283,0.2882304749749454
39516,A Captain of Industry: Being the Story of a Civilized Man,0.40649428743235116,0.6268375424048247,0.00043127371191350214,0.0003100388159401917,0.22607845677546964
39582,The Rival Pitchers: A Story of College Baseball,0.2297053517739026,0.563728813559322,0.000575996434032127,0.0002239391133940494,0.17822066666381628
39665,A History of the Gipsies: with Specimens of the Gipsy Language,0.1232711966325917,0.5323303457106274,0.0005195545724058634,0.00014936135388961727,0.12760165138587584
39785,Tunnel Engineering: A Museum Treatment,0.19723391461214673,0.5545181727242414,0.00037772630472961095,0.00020690931329164308,0.14219667087352314
39861,"Life of Henriette Sontag, Countess de Rossi.
with Interesting Sketches by Scudo, Hector Berlioz, Louis Boerne, Adolphe Adam, Marie Aycard, Julie de Margueritte, Prince Puckler-Muskau & Theophile Gautier.",0.34155141310883946,0.6027546212395796,0.0007945277444312506,0.00028394539295209016,0.24802832917556006
39864,The Young People's Wesley,0.44738424533974747,0.6435758513931888,0.00047613775577027586,0.00036483594432893545,0.2575604321547472
41909,The Crimson Thread: An Adventure Story for Girls,0.4485868911605532,0.6440743609604958,0.00029668158034318104,0.0003570123978308048,0.23347898259407895
43412,"Life of Mozart, Vol. 2 (of 3)",0.31629585087191825,0.5937165298107818,0.0007366386555838006,0.00027634834399707127,0.2328278655569768
43559,"Fifth Report of the Vestry of the Parish of Chelsea in the County of Middlesex, Appointed Under the Metropolis Local Management Act, 1855: 1860-1",0.3938665063138906,0.6226132534631225,0.0007749901769452363,0.00034370080173870554,0.27528462995406205
44325,"The Great American Fraud
The Patent Medicine Evil",0.4672279013830427,0.6524127108670067,0.0005304087765647602,0.0003969327800082531,0.27868261801127114
47264,The Argentine Republic: Its Development and Progress,0.3866506313890559,0.619828550130451,0.0005419865943342502,0.0003604109295524049,0.24953755592098925
48990,Old-Dad,0.33253156945279616,0.5990634005763689,0.00031549553421860224,0.0002708114169996416,0.18287350844140096
49686,Little Prudy's Cousin Grace,0.3890559230306675,0.6202909362178292,0.00041680143970163964,0.00031046538620039204,0.22023831206259212
54121,"Tom Pinder, Foundling: A Story of the Holmfirth Flood",0.576668671076368,0.7022804054054054,0.0006526994767549982,0.0004903334441952077,0.3498602778433125
56395,"Musketry (.303 and .22 cartridges)
Elementary training, visual training, judging distance, fire discipline, range practices, field practices",0.40649428743235116,0.6273104488872123,0.0013589463606938877,0.00034786364002605273,0.3515667025127238
56560,"Waterways and Water Transport in Different Countries
With a description of the Panama, Suez, Manchester, Nicaraguan, and other canals.",0.2778111846061335,0.5806564245810056,0.000518107345184677,0.0002667493172082852,0.19440297546498103
56605,Madame de Staël,0.44317498496692725,0.642084942084942,0.0007185483153189726,0.0003808973801170927,0.2910952645964583
56633,The City That Was,0.5904990980156344,0.7094709897610921,0.0006642772945244882,0.0005385110816495264,0.36908727515291834
56735,Sewage Disposal Works: Their Design and Construction,0.10102224894768491,0.5256005056890013,0.0003321386472622441,0.0001683661891415391,0.10515835571404514
56834,The Polly Page Yacht Club,0.4329524954900782,0.6376533742331288,0.0005998756831817002,0.0003645597022704888,0.26911634188880895
56837,"Historical Record of the Fifty-Third, or the Shropshire Regiment of Foot
Containing an account of the formation of the regiment in 1755 and of its subsequent services to 1848",0.4672279013830427,0.652156862745098,0.0003321386472622441,0.00046792089932721223,0.27438303509198075
56960,The Midnight Guest: A Detective Story,0.35598316295850874,0.6073776479181885,0.0003089830117232641,0.00028586753196312273,0.19180479736547842
56970,Mrs. Farrell,0.5015033072760072,0.6668003207698476,0.00039509303138384594,0.0004166968474076239,0.2763842210367914
57021,The Christiana Riot and the Treason Trials of 1851: An Historical Sketch,0.5015033072760072,0.6673354735152488,0.000528961549343574,0.0004388853495614075,0.2994404249563067
57121,Humility: The Beauty of Holiness,0.32892363199037883,0.5982014388489209,0.0005267907085117946,0.0003467419136411259,0.22995294090509455
57135,Guide to Historic Plymouth: Localities and Objects of Interest,0.4858689116055322,0.6604447974583002,0.0004008819402685909,0.0003938828156249687,0.26666366356484883
57195,"A Son of Mars, volume 1",0.5051112447384245,0.6684083601286174,0.00042548480302875716,0.00039084654490608714,0.2737114343409046
57258,"Hawaii National Park: A Guide for the Haleakala Section, Island of Maui, Hawaii",0.25917017438364404,0.5744386873920553,0.00081985422080201,0.0002364513285434366,0.21882254394104864
57335,"Light and Colour Theories, and their relation to light and colour standardization",0.20324714371617558,0.5561872909698997,0.0004175250533122328,0.00021119614578666435,0.14955843647210965
57445,"The American Missionary — Volume 36, No. 1, January, 1882",0.31148526758869516,0.5920256318974724,0.0007105885656024482,0.00029377577735533177,0.23347836440982547
57447,The Romance of a Shop,0.41731809981960316,0.631838905775076,0.0003263497383774991,0.00039824644588873137,0.24124635237972347
57456,The Sufferings and Escape of Capt. Chas. H. Brown From an Awful Imprisonment by Chilian Convicts,0.698737221888154,0.7684842883548983,0.00026267174064530417,0.0007559265267325663,0.41422141901060244
57518,Catalogue of the Retrospective Loan Exhibition of European Tapestries,0.36740829825616356,0.6125230202578269,0.0006845384756210957,0.0003198304362848511,0.2509106055055156
57546,"Émile Zola, Novelist and Reformer: An Account of His Life & Work",0.33313289236319904,0.59992784992785,0.0003415456241999547,0.0003009972928769026,0.1950854893305482
57900,"Lighthouses and Lightships
A Descriptive and Historical Account of Their Mode of Construction and Organization",0.33794347564642213,0.6016642547033285,0.0005803381156956858,0.00028433042516495425,0.22093050407595777
57935,"Vicksburg National Military Park, Mississippi",0.13950691521346964,0.5369712625121085,0.00033069142004105785,0.00018107865747828264,0.11670000926297337
58005,"History of the 11th Field Company Australian Engineers, Australian Imperial Force",0.23090799759470837,0.5652617267165194,0.0006722370442410126,0.00023096227726105377,0.1927893583608874
58344,Siddhartha: A Poem of India,0.04329524954900782,0.5093415007656967,0.00016136583516226675,0.00012617968898278686,0.06018752153435541
58346,"Within the Maze: A Novel, Vol. 2 (of 2)",0.48827420324714377,0.6607071911005165,0.0002453050139910692,0.00040935665304395847,0.25221875017811024
58393,The Mirror of Alchimy,0.1334936861094408,0.5355877616747182,0.00034444007864232724,0.0002121471617519763,0.1261476371209915
58400,Hans Holbein,0.3445580276608539,0.6038489469862018,0.00040739446276392906,0.00029002710759240183,0.20268297183466108
58588,"Petersburg National Military Park, Virginia",0.25195429945880937,0.5718707015130674,0.0005333032310071327,0.0002698579889729246,0.19131188785687847
58605,"The Boot and Shoe Manufacturers' Assistant and Guide.
Containing a Brief History of the Trade. History of India-rubber and Gutta-percha, and Their Application to the Manufacture of Boots and Shoes. Full Instructions in the Art, With Diagrams and Scales, Etc., Etc. Vulcanization and Sulphurization, English and American Patents. With an Elaborate Treatise on Tanning.",0.19963920625375828,0.5550734312416555,0.0007243372242037176,0.00020842424174453536,0.185865059597053
58718,"Bobby Blake in the Frozen North; Or, The Old Eskimo's Last Message",0.2531569452796152,0.571281346616283,0.0005210017996270496,0.00023279656066609115,0.179118941561972
58852,"A History of the Coldstream Guards, from 1815 to 1895",0.4852675886951293,0.6601826121476776,0.0005014642321410352,0.00048088759394940674,0.3037649413393649
58862,"Medical Inquiries and Observations, Vol. 4
The Second Edition, Revised and Enlarged by the Author",0.48707155742633795,0.6609697933227345,0.0003408220105893616,0.00041545221064489505,0.26572312660354935
58937,The Mary Frances sewing book,0.44738424533974747,0.6440743609604958,0.00036614848696012094,0.0004213639873495004,0.26030542963098224
59067,Dancing Without an Instructor,0.22669873722188816,0.563537783802101,0.000599152069571107,0.00021179201822210246,0.1772334487559762
59234,"Obstetrical Nursing
A Text-Book on the Nursing Care of the Expectant Mother, the Woman in Labor, the Young Mother and Her Baby",0.4281419122068551,0.6359464627151051,0.0007771610177770156,0.000380620226385132,0.2944711901001378
59427,"Gleanings in Bee Culture, Vol. III. No. 3",0.3535778713168972,0.6071558963125229,0.0007062468839388894,0.0002899783278271731,0.24169127212023653
59463,His Great Adventure,0.1148526758869513,0.5289440203562341,0.0005962576151287345,0.00014261419062826754,0.1330453993195752
59543,"How to Use a Galvanic Battery in Medicine and Surgery
A Discourse Delivered Before the Hunterian Society, Third Edition",0.2417318099819603,0.5687414500683995,0.0004913336415927315,0.00025855873652051037,0.18071591349059607
59732,Hernando Cortes,0.22850270595309682,0.5641112618724559,0.0005231726404588289,0.0002136679318907499,0.16878391953170177
59868,Harold the Klansman,0.3199037883343355,0.5945656060064355,0.0007583470639015943,0.0002555870599774855,0.2302589299046227
59904,"Tony, the Hero; Or, A Brave Boy's Adventures with a Tramp",0.5141310883944679,0.6730068798057467,0.0003849624408355422,0.0004449064876443914,0.28674749347170303
59918,The Story of a Governess,0.33433553818400485,0.5997115037865128,0.00044429875690417837,0.0002804359009432688,0.20194282231789626
59923,Colorado Outings,0.4546001202645821,0.6470817120622568,0.000471072460496124,0.00037896942794737003,0.26298959333757155
62163,"David Morgan, the Welsh Jacobite
a contribution to the history of Jacobitism in Wales",0.576668671076368,0.7025771018166456,0.00036904294140249343,0.0004947467439555406,0.31621317029220664
67058,"Mildred's Married Life, and a Winter with Elsie Dinsmore
A sequel to Mildred and Elsie",0.49188214070956104,0.6625498007968128,0.00036108319168596907,0.00040882606578815795,0.2674015794428516
67753,"Don Miguel Lehumada: discoverer of liquid from the sun's rays
an occult romance of Mexico and the United States",0.5357787131689717,0.6826765188834154,0.0004529821202312959,0.00040445051483625955,0.2893397669935301
68664,"The heart of the railroad problem
The history of railway discrimination in the United States, the chief efforts at control and the remedies proposed, with hints from other countries",0.36259771497294047,0.6107234667645979,0.0007843971538829469,0.0003195302641569247,0.26200232746621854
69218,The worship of the golden calf: A story of wage-slavery in Massachusetts,0.35057125676488277,0.6058287795992714,0.00036614848696012094,0.0002721463707872677,0.19382433043390987
70156,The house of the wizard,0.49368610944076974,0.6633426406063023,0.0004935044824245109,0.0004103788189959715,0.28466569674466674
70277,Med Service,0.05171377029464823,0.5118497999384426,0.00039581664499443905,0.00011674610928492665,0.08821291851640002
70288,Conjure wife,0.5778713168971739,0.7031712473572939,0.0008263667432973481,0.000445266652531041,0.3588790667605671
70315,The old lady shows her medals,0.6650631389055923,0.7490990990990991,0.00041173614442748777,0.0007289208016730483,0.4143848557845093
70366,Antiquities of the Mesa Verde National Park,0.31148526758869516,0.5920256318974724,0.0007113121792130413,0.00028156018603460475,0.23007979459215352
70506,The family at Misrule,0.42513529765484065,0.6344906524227394,0.00018813953875421234,0.0003385924443282625,0.20892063488585336
70526,The Canterbury pilgrims,0.27720986169573064,0.5804537521815009,0.000471072460496124,0.00028510645138978474,0.19370274049886538
70697,Mousey,0.296452194828623,0.5859760394644116,0.00038423882722494904,0.0002550048435839538,0.17837449293569535
70723,Drugs that enslave,0.25917017438364404,0.5744386873920553,0.0007713721088922706,0.00024000545427766242,0.21385253230098233
70909,Pan-Germany,0.423331328923632,0.6342486651411137,0.0005448810487766227,0.00044786632644659024,0.28388600701812683
71454,Guide to the study of animal ecology,0.24894768490679497,0.5710851648351648,0.0002901690578478429,0.0002679739727119502,0.1601660371719083
71675,"Transactions of the American Society of Civil Engineers, vol. LXXII, June, 1911",0.19302465423932652,0.5534109816971714,0.00045877102911604087,0.00022833926793907374,0.1574849576408608
71747,The film,0.2303066746843055,0.5648777173913043,0.0005152128907423046,0.00021850165917689402,0.16964604260016264
27274,Manures and the principles of manuring,0.1990378833433554,0.5552587646076794,0.0003495053739164791,0.00022889636305391774,0.14544598439691284
71191,The celestial worlds discover'd,0.03607937462417318,0.5085626911314984,0.00013097406351735553,0.00011350856033454311,0.05179532393029768
454,The Breitmann Ballads,0.06013229104028864,0.515179677819083,3.5457066919063094e-05,0.00014364546433047012,0.05348693296761484
5621,Baron d'Holbach : a Study of Eighteenth Century Radicalism in France,0.158749248346362,0.5427545691906005,0.00024819946843344167,0.00024892424652886815,0.12996976675230118
7223,The Belgian Cookbook,0.09019843656043296,0.5226272784412319,0.00025037030926522105,0.0001617008722259002,0.09096809837767797
11817,"U.S. Copyright Renewals, 1958 January - June",0.03788334335538184,0.5073215375228798,4.052236219321497e-05,0.0001681028225760622,0.055948850095751346
17074,"The Pianoforte Sonata
Its Origin and Development",0.12447384245339749,0.5330128205128205,0.00015702415349870799,0.000168829979219605,0.08878072572206046
17979,"The Botanical Magazine, Vol. 04
Or, Flower-Garden Displayed",0.2429344558027661,0.5691307323750856,0.0002879982170160635,0.0002963082781131215,0.16665921172867026
18001,"The American Missionary — Volume 49, No. 04, April, 1895",0.05351773902585689,0.5131132366553532,0.0002916162850690291,0.00014629733489023358,0.08443386034144729
18176,"Yorkshire Tales. Third Series
Amusing sketches of Yorkshire Life in the Yorkshire Dialect",0.035478051713770296,0.5087182624655858,4.414043024618059e-05,0.00011370516450509806,0.04112772893802116
18754,"Ohio Biological Survey, Bull. 10, Vol. 11, No. 6
The Ascomycetes of Ohio IV and V",0.04269392663860493,0.5071668191521805,5.2100179962704955e-05,0.00011783535183463364,0.04346075669582577
21724,The handbook of soap manufacture,0.14191220685508119,0.5380135878356519,0.0002105715606825992,0.00018989841685601003,0.10501708434143853
24440,Surgical Anatomy,0.0661455201443175,0.5154990700557966,0.00012084347296905178,0.00014126537738738524,0.06407947241845778
25055,"The Odes of Casimire, Translated by G. Hils",0.1280817799158148,0.5338683788121991,0.0002785912400783529,0.00019846192903274693,0.112929777811555
27318,"Pung Chow
The Game of a Hundred Intelligences. Also known as Mah-Diao, Mah-Jong, Mah-Cheuk, Mah-Juck and Pe-Ling",0.15935057125676488,0.5432865076772296,0.00020550626540844733,0.0001944770621778512,0.10940920534598925
28721,"The Esperantist, Vol. 1, No. 2",0.043896572459410706,0.5091855480710349,2.6773703591945603e-05,0.00012502808709110097,0.043248667355164964
33931,Popular Tales,0.10703547805171378,0.5279365079365079,0.0001157781776948999,0.00019997688378113588,0.08894425142516825
35024,"Development of Gravity Pendulums in the 19th Century
Contributions from the Museum of History and Technology, Papers 34-44 On Science and Technology, Smithsonian Institution, 1966",0.057125676488274206,0.5127967930928153,0.00022359660567327545,0.00011955730405165052,0.0686556084024303
37389,Chlorination of Water,0.04449789536981359,0.5080965475099297,4.414043024618059e-05,0.00012393748279739155,0.0447446992247057
37680,The Myrtle Reed Cook Book,0.1773902585688515,0.5486638073243154,0.00018090340264828112,0.0002319915723945117,0.1208932900691187
38440,"A Distributional Study of the Amphibians of the Isthmus of Tehuantepec, México",0.13048707155742634,0.5345548055287689,0.00034878176030588595,0.00016767202813650374,0.11329977624787689
58394,Anatomy of the Cat,0.04149128081779916,0.5060864272671941,4.3416816635587465e-06,0.00014917907130913803,0.045997041826988536
59453,"A Short List of Scientific Books Published by E. & F. N. Spon, Ltd. September 1915",0.032471437161755864,0.5048573163327261,1.7366726654234986e-05,0.00012098921763491723,0.03818431959355696
59550,"Cancer: Its Cause and Treatment, Volume 1 (of 2)",0.045700541190619365,0.5082518337408313,0.00012880322268557615,0.00011595746300754352,0.05309701070363165
64959,"Picturesque Spain: Architecture, landscape, life of the people.",0.17979555021046303,0.5490260812149225,0.00038423882722494904,0.0002420466982905732,0.1492431683643502
70998,"The complete works of John Gower, volume 1",0.09079975947083585,0.5234497954044697,0.00014038104045506613,0.00019516580550433974,0.0873078105594359
2237,The Merry Wives of Windsor,0.07215874924834637,0.5180685358255451,0.00020550626540844733,0.0001687890503635031,0.08394315433444652
23737,The Cat in Grandfather's House,0.02465423932651834,0.5031770045385779,4.7034884688553085e-05,0.00010768097356541242,0.03663335209089009
25779,'Drag' Harlan,0.043896572459410706,0.5090296908478726,0.0002250438328944617,0.00011134099992636724,0.06375888551925216
31044,"The Turn of the Road
A Play in Two Scenes and an Epilogue",0.11605532170775706,0.5297865562280981,0.0006346091364901701,0.00014779829028889206,0.13969069806801188
3834,"Hassan : the story of Hassan of Bagdad, and how he came to make the golden journey to Samarkand : a play in five acts",0.10042092603728203,0.5252684775742261,0.0003574651236330035,0.000148110123515708,0.1023182614389773
5696,A Yankee Girl at Fort Sumter,0.11004209260372821,0.5276015228426396,0.0004327209391346884,0.0001529461376978587,0.1148253684894176
31463,"The Orphan; Or, The Unhappy Marriage.  A Tragedy, in Five Acts",0.1106434155141311,0.5284397839211948,0.00032996780643046474,0.00016031173596228022,0.10461199365718113
18657,Love's Comedy,0.04509921828021648,0.509966268015946,0.000337203942536396,0.00011009460490036178,0.07771366683494957
28619,The Cuckoo Clock,0.20505111244738425,0.5571189279731993,0.00033069142004105785,0.0002200013379513119,0.14187838696521496
11084,"Sonny, a Christmas Guest",0.05351773902585689,0.5115349123346663,0.00012518515463261052,0.0001229688934288314,0.0566513796994622
17807,Uncle Wiggily in the Woods,0.04149128081779916,0.5076312576312576,0.00011867263213727241,0.00011320470716031923,0.05040322084291238
25398,The Little French Lawyer: A Comedy,0.16716776909200243,0.5452459016393443,0.000709141338381262,0.00018073549984650182,0.16917161970072345
4670,Lightfoot the Deer,0.01503307276007216,0.5012055455093429,3.83515213614356e-05,9.787968403374358e-05,0.03105858513524898
18567,Tintinnalogia,0.00661455201443175,0.49420505200594356,0.0,9.442655324865314e-05,0.021919605809155782
25875,"The Woman from Outside
[On Swan River]",0.027660853878532773,0.5040921491361019,0.00011360733686312054,0.00010210395176515452,0.04390077628994193
21015,The Adventures of Jimmy Skunk,0.043896572459410706,0.508873929008568,7.380858828049869e-05,0.00012964097579018914,0.05025808520531526
58970,Handbook of German Idioms,0.009019843656043296,0.4894055326662743,2.8944544423724977e-06,9.921489087267086e-05,0.022136530652786878
2375,Tartarin de Tarascon,0.022248947684906796,0.5031770045385779,6.367799773219495e-05,9.972830776986381e-05,0.036171128147438135
38726,Index to Kindergarten Songs Including Singing Games and Folk Songs,0.03126879134095009,0.5068576653459311,0.0005101475954681527,0.00011191628177189547,0.09703232882643702
24104,The Aliens,0.04149128081779916,0.508873929008568,6.295438412160183e-05,0.00011324536480841712,0.04399079010355942
30927,Jack of No Trades,0.009621166566446182,0.49924947463224256,1.4472272211862488e-05,9.686347892458953e-05,0.026552496437754692
7998,The Frogs,0.025856885147324114,0.5039393939393939,6.440161134278807e-05,0.00010214626159533035,0.03759840316731785
1127,Othello,0.04209260372820205,0.5080965475099297,7.597942911227806e-05,0.00014169090967951534,0.05349812625444587
71266,The boke of Saint Albans,0.015634395670475046,0.48897383122611,2.8944544423724977e-06,0.00010915592046008598,0.025493751988428924
8997,Ritchie's Fabulae Faciles: A First Latin Reader,0.025255562236921228,0.4980533093740641,3.618068052965622e-06,0.0001542993962912355,0.042774161677808946
5727,The Tale of Freddie Firefly,0.017438364401683705,0.5010545344983429,2.460286276016623e-05,0.00010303319728307879,0.031023700130588805
5071,The Philanderer,0.0132291040288635,0.4998497144574692,1.0130590548303743e-05,0.00010106284893422778,0.027803892735149518
8550,"T. Haviland Hicks, Senior",0.012026458208057728,0.5003008423586041,2.8944544423724977e-05,9.580519926945457e-05,0.028666976994533563
39355,Speeches against Catilina,0.025255562236921228,0.4937648456057007,9.406976937710617e-06,0.00015269549680438902,0.04146394544076956
11834,"U.S. Copyright Renewals, 1966 July - December",0.01503307276007216,0.49865067466266866,2.1708408317793733e-06,0.00013819524243763299,0.03717006796650047
11843,"U.S. Copyright Renewals, 1971 January - June",0.022850270595309682,0.5028726942848503,1.8813953875421234e-05,0.0001510054719507973,0.04522433193675481
34733,Hymni ecclesiae,0.01803968731208659,0.4911399881866509,0.0,0.00012807606344809443,0.03157612778554726
9700,I. Beówulf: an Anglo-Saxon poem. II. The fight at Finnsburh: a fragment.,0.006013229104028864,0.46400669642857145,3.618068052965622e-06,0.00010757430966593715,0.01502530996589723
26058,The Starvation Treatment of Diabetes,0.004209260372820205,0.4348849372384937,0.0,9.73992230756673e-05,0.0008487809694379968
71438,Fine crochet and tatting,0.004209260372820205,0.4596462133775567,0.0,9.784726913752489e-05,0.010023660153303443
